recipe_id,recipe_name,legacy_recipe_name,category,cuisine_inspiration,difficulty,servings,prep_minutes,cook_minutes,ingredients,method,why_this_works_for_tha,planner_readability_notes,acquisition_lane,acquisition_type,meal_source_type,collection,import_key,slug
THA-001,"Apple, Oat & Cinnamon Morning Bowl","The Healthy Apples Apple, Oat & Cinnamon Morning Bowl",breakfast,British family kitchen,easy,4,10,10,"160g rolled wholegrain oats
600ml semi-skimmed milk or unsweetened oat milk
200ml water
2 eating apples, 1 grated and 1 diced
1 tsp ground cinnamon
1 tbsp mixed seeds
1 tbsp chopped walnuts, optional
1 tsp honey per bowl, optional","1. Put the oats, milk, water, grated apple and cinnamon in a saucepan.
2. Bring to a gentle simmer and cook for 6–8 minutes, stirring often, until creamy.
3. Stir in half the diced apple for the final minute.
4. Spoon into bowls and top with remaining apple, seeds and walnuts.
5. Finish with a little honey only if wanted.","Wholegrain oats, apple, seeds and nuts create a filling whole-food breakfast with sweetness from fruit rather than added sugar.","contains wholegrain oats
contains fresh apple
mild base recipe
breakfast
no-cook overnight option possible",tha_library,authored,starter,THA Original Founding Cookbook,tha_original:THA-001,apple-oat-cinnamon-morning-bowl
THA-002,"Chickpea, Lemon & Spinach Soup","The Healthy Apples Chickpea, Lemon & Spinach Soup",lunch,Mediterranean-inspired,easy,4,15,25,"1 tbsp olive oil
1 onion, finely chopped
2 carrots, diced
2 celery sticks, diced
3 garlic cloves, crushed
1 tsp ground cumin
1 tsp ground coriander
2 x 400g tins chickpeas, drained
1.2 litres low-salt vegetable stock
1 tbsp tomato purée
100g fresh spinach, chopped
Juice of 1 lemon
Black pepper and a little salt
Wholegrain bread, to serve","1. Heat the olive oil in a large pan and cook onion, carrots and celery for 8 minutes.
2. Add garlic, cumin and coriander and cook for 1 minute.
3. Stir in tomato purée, chickpeas and stock.
4. Simmer for 12–15 minutes until the vegetables are tender.
5. Blitz a third of the soup if a thicker texture is wanted.
6. Stir in spinach and lemon juice, season lightly and serve with wholegrain bread.","Chickpeas, vegetables and spinach make a filling plant-forward lunch with flavour from lemon, cumin and coriander rather than heavy salt.","contains chickpeas
contains spinach
mild base recipe
lunch
batch-cook friendly
freezer friendly before adding lemon",tha_library,authored,starter,THA Original Founding Cookbook,tha_original:THA-002,chickpea-lemon-spinach-soup
THA-003,Basil Tomato Wholewheat Pasta,The Healthy Apples Basil Tomato Wholewheat Pasta,dinner,Italian-inspired,easy,4,10,25,"350g wholewheat pasta
1 tbsp olive oil
1 onion, finely chopped
3 garlic cloves, chopped
2 x 400g tins chopped tomatoes
1 tbsp tomato purée
1 tsp dried oregano
1 tsp balsamic vinegar
Black pepper and a little salt
1 large handful fresh basil
30g Parmesan or vegetarian hard cheese, optional","1. Cook onion gently in olive oil for 8 minutes.
2. Add garlic and oregano and cook for 1 minute.
3. Stir in tomato purée, chopped tomatoes and balsamic vinegar.
4. Simmer for 15–18 minutes until thickened.
5. Cook pasta until just tender, reserving a little pasta water.
6. Toss pasta through the sauce and finish with basil.","A familiar pasta meal made from real tomatoes, onion, garlic and herbs, with wholewheat pasta for extra fibre and fullness.","contains wholewheat pasta
tomato sauce from scratch
mild base recipe
dinner
sauce is freezer friendly",tha_library,authored,starter,THA Original Founding Cookbook,tha_original:THA-003,basil-tomato-wholewheat-pasta
THA-004,"Golden Potato, Chickpea & Spinach Curry","The Healthy Apples Golden Potato, Chickpea & Spinach Curry",dinner,Indian-inspired,easy,4,15,30,"1 tbsp vegetable oil
1 onion, finely chopped
3 garlic cloves, crushed
20g fresh ginger, grated
1 tsp ground cumin
1 tsp ground coriander
1 tsp ground turmeric
1 tsp garam masala
500g potatoes, cubed
1 x 400g tin chopped tomatoes
1 x 400g tin chickpeas, drained
300ml low-salt vegetable stock
100g fresh spinach
Brown basmati rice or wholemeal flatbreads, to serve","1. Cook onion in oil for 8 minutes until soft.
2. Add garlic and ginger for 1 minute, then stir in spices.
3. Add potatoes, chopped tomatoes and stock.
4. Cover and simmer for 15 minutes.
5. Add chickpeas and cook for 8–10 minutes more until potatoes are tender.
6. Stir through spinach and serve with brown rice or wholemeal flatbreads.","A mild curry made from aromatics and spices, with chickpeas, potatoes and spinach for a filling plant-forward dinner.","contains chickpeas
contains potatoes
contains spinach
mild base recipe
batch-cook friendly
freezer friendly",tha_library,authored,starter,THA Original Founding Cookbook,tha_original:THA-004,golden-potato-chickpea-spinach-curry
THA-005,Gentle Taco Rice Bowls,The Healthy Apples Gentle Taco Rice Bowls,dinner,Mexican-inspired,easy,4,15,25,"250g brown rice
1 tbsp olive oil
1 onion, finely chopped
1 red pepper, diced
2 garlic cloves, crushed
250g quality lean beef mince
1 tsp ground cumin
1 tsp smoked paprika
1 tsp dried oregano
1 tbsp tomato purée
1 x 400g tin chopped tomatoes
1 x 400g tin black beans, drained
150g sweetcorn
Shredded lettuce, tomato, avocado, lime and natural yoghurt, to serve","1. Cook brown rice until tender.
2. Cook onion and pepper in olive oil for 6–7 minutes.
3. Add garlic and beef mince and brown well.
4. Stir in cumin, smoked paprika, oregano and tomato purée.
5. Add tomatoes, black beans and sweetcorn and simmer for 10 minutes.
6. Serve over rice with lettuce, tomato, avocado, lime and yoghurt.","A small amount of quality beef is stretched with beans, vegetables and brown rice, keeping the meal plant-forward and filling.","contains beef mince
contains black beans
contains brown rice
mild base recipe
batch-cook friendly
freezer friendly",tha_library,authored,starter,THA Original Founding Cookbook,tha_original:THA-005,gentle-taco-rice-bowls
THA-006,Roast Vegetable & Butter Bean Traybake,The Healthy Apples Roast Vegetable & Butter Bean Traybake,dinner,Mediterranean-inspired,easy,4,15,40,"2 courgettes, cut into chunks
2 peppers, cut into chunks
1 red onion, cut into wedges
300g cherry tomatoes
2 x 400g tins butter beans, drained
3 garlic cloves, sliced
2 tbsp olive oil
1 tsp dried mixed herbs
1 tbsp tomato purée
1 tsp balsamic vinegar
Fresh parsley or basil, chopped
Wholegrain bread or brown rice, to serve","1. Heat oven to 200°C fan.
2. Toss courgettes, peppers, onion and tomatoes with garlic, olive oil and herbs.
3. Roast for 20 minutes.
4. Whisk tomato purée, balsamic vinegar and a little water into a dressing.
5. Add butter beans and dressing to tray and roast for 15–18 minutes more.
6. Scatter with herbs and serve with wholegrain bread or brown rice.","Vegetables lead the tray, butter beans make it filling, and the sauce is built from tomato purée, vinegar, herbs and roasting juices.","contains butter beans
one-tray method
mild base recipe
dinner
batch-cook friendly",tha_library,authored,starter,THA Original Founding Cookbook,tha_original:THA-006,roast-vegetable-butter-bean-traybake
THA-007,"Chicken, Leek & Wholewheat Orzo One-Pot","The Healthy Apples Chicken, Leek & Wholewheat Orzo One-Pot",dinner,British-Mediterranean family kitchen,medium,4,15,35,"1 tbsp olive oil
4 higher-welfare skinless boneless chicken thighs, cut into pieces
2 leeks, sliced and washed
2 carrots, diced
2 garlic cloves, crushed
1 tsp dried thyme
250g wholewheat orzo
900ml low-salt chicken stock
100g frozen peas
80g fresh spinach
Zest and juice of 1 lemon
Grated hard cheese, optional","1. Brown chicken pieces in olive oil, then lift out.
2. Cook leeks and carrots for 6–7 minutes.
3. Add garlic and thyme for 1 minute.
4. Return chicken to pan, add orzo and stock and simmer for 12–14 minutes, stirring often.
5. Stir in peas and spinach for 2–3 minutes.
6. Finish with lemon zest and juice.","A modest amount of quality chicken supports a pot led by leeks, carrots, peas, spinach and wholewheat orzo.","contains chicken
contains wholewheat orzo
one-pot method
mild base recipe
best eaten fresh",tha_library,authored,starter,THA Original Founding Cookbook,tha_original:THA-007,chicken-leek-wholewheat-orzo-one-pot
THA-008,Lentil & Root Vegetable Cottage Pie,The Healthy Apples Lentil & Root Vegetable Cottage Pie,dinner,British family kitchen,medium,6,25,45,"1 tbsp olive oil
1 onion, finely chopped
2 carrots, diced
2 celery sticks, diced
1 parsnip, diced
2 garlic cloves, crushed
1 tbsp tomato purée
300g dried green or brown lentils
1 x 400g tin chopped tomatoes
600ml low-salt vegetable stock
1 tsp dried thyme
150g frozen peas
1kg potatoes, chopped
200g swede, chopped
30g butter and 3 tbsp milk for mash","1. Cook onion, carrot, celery and parsnip in olive oil for 10 minutes.
2. Add garlic and tomato purée.
3. Add lentils, chopped tomatoes, stock and thyme and simmer until thick and tender.
4. Stir in peas.
5. Boil potatoes and swede, then mash with butter and milk.
6. Spoon lentil base into a dish, top with mash and bake at 200°C for 25–30 minutes.",Lentils and root vegetables make a filling family bake with savoury depth from slow-cooked vegetables rather than packet gravy.,"contains lentils
contains root vegetables
batch-cook friendly
freezer friendly
mild base recipe",tha_library,authored,starter,THA Original Founding Cookbook,tha_original:THA-008,lentil-root-vegetable-cottage-pie
THA-009,"Salmon, Broccoli & Brown Rice Traybake","The Healthy Apples Salmon, Broccoli & Brown Rice Traybake",dinner,Nordic-Mediterranean inspired,medium,4,15,30,"250g brown rice
4 quality salmon fillets
1 large head broccoli, cut into florets
250g cherry tomatoes
1 tbsp olive oil
2 garlic cloves, sliced
Zest and juice of 1 lemon
1 tsp dried oregano
Fresh dill or parsley","1. Cook brown rice until tender.
2. Heat oven to 200°C fan.
3. Toss broccoli and tomatoes with olive oil, garlic, oregano and lemon zest.
4. Roast for 12 minutes.
5. Nestle salmon into tray and roast for 12–14 minutes more.
6. Serve over brown rice with lemon juice and herbs.","Quality salmon sits alongside generous broccoli, tomatoes and brown rice, creating a simple whole-food fish dinner.","contains salmon
contains broccoli
contains brown rice
traybake method
mild base recipe",tha_library,authored,starter,THA Original Founding Cookbook,tha_original:THA-009,salmon-broccoli-brown-rice-traybake
THA-010,"Roasted Carrot, Chickpea & Herb Grain Salad","The Healthy Apples Roasted Carrot, Chickpea & Herb Grain Salad",side,Middle Eastern-inspired,easy,4,15,30,"150g wholegrain bulgur wheat
400g carrots, cut into batons
1 x 400g tin chickpeas, drained
2 tbsp olive oil
1 tsp ground cumin
1 tsp smoked paprika
Zest and juice of 1 lemon
3 spring onions, sliced
A handful parsley and mint, chopped
2 tbsp mixed seeds","1. Heat oven to 200°C fan.
2. Toss carrots and chickpeas with olive oil, cumin and smoked paprika.
3. Roast for 25–28 minutes until tender.
4. Cook bulgur wheat according to packet and fluff with a fork.
5. Whisk lemon zest, lemon juice and a little olive oil.
6. Combine bulgur, carrots, chickpeas, spring onions and herbs, then scatter with seeds.","Wholegrain bulgur, chickpeas, carrots, herbs and seeds make a sturdy whole-food side or lunchbox main.","contains chickpeas
contains wholegrain bulgur wheat
contains carrots
lunchbox friendly
can be served warm or cold",tha_library,authored,starter,THA Original Founding Cookbook,tha_original:THA-010,roasted-carrot-chickpea-herb-grain-salad
THA-011,"Pakistani-style Feta, Parsnip & Cauliflower Egg Skillet",,breakfast,Pakistani-inspired,easy,4,10,10,"250g feta
1 tbsp olive oil
150g parsnip, chopped
150g cauliflower, chopped
1 tsp ground cumin
4 wholegrain wraps or slices of toast
Black pepper","1. Heat olive oil in a pan.
2. Cook parsnip and cauliflower until softened.
3. Add the protein and warm through or cook until done.
4. Season lightly with the listed spice.
5. Serve with wholegrain toast or wraps.","Feta, parsnip, cauliflower and oats create a filling plant-forward meal built from recognisable ingredients and simple seasoning.","category: breakfast
contains feta
contains parsnip
contains cauliflower
contains oats
mild base recipe",tha_library,authored,starter,THA Original Founding Cookbook,tha_original:THA-011,Pakistani-style-feta-parsnip-cauliflower-egg-skillet
THA-012,"Malaysian-style Cottage Cheese, Asparagus & Peas Breakfast Wrap",,breakfast,Malaysian-inspired,easy,4,10,10,"250g cottage cheese
1 tbsp olive oil
150g asparagus, chopped
150g peas, chopped
1 tsp ginger
4 wholegrain wraps or slices of toast
Black pepper","1. Heat olive oil in a pan.
2. Cook asparagus and peas until softened.
3. Add the protein and warm through or cook until done.
4. Season lightly with the listed spice.
5. Serve with wholegrain toast or wraps.","Cottage Cheese, asparagus, peas and wholewheat noodles create a filling plant-forward meal built from recognisable ingredients and simple seasoning.","category: breakfast
contains cottage cheese
contains asparagus
contains peas
contains wholewheat noodles
mild base recipe",tha_library,authored,starter,THA Original Founding Cookbook,tha_original:THA-012,Malaysian-style-cottage-cheese-asparagus-peas-breakfast-wrap
THA-013,"North African-style Lentil, Celery & Mushroom Toast Plate",,breakfast,North African-inspired,easy,4,10,10,"1 x 400g tin lentils, drained
1 tbsp olive oil
150g celery, chopped
150g mushroom, chopped
1 tsp cumin
4 wholegrain wraps or slices of toast
Black pepper","1. Heat olive oil in a pan.
2. Cook celery and mushroom until softened.
3. Add the protein and warm through or cook until done.
4. Season lightly with the listed spice.
5. Serve with wholegrain toast or wraps.","Lentil, celery, mushroom and sweet potato create a filling plant-forward meal built from recognisable ingredients and simple seasoning.","category: breakfast
contains lentil
contains celery
contains mushroom
contains sweet potato
mild base recipe",tha_library,authored,starter,THA Original Founding Cookbook,tha_original:THA-013,north-African-style-lentil-celery-mushroom-toast-plate
THA-014,"Californian-style Split Pea, Broccoli & Fennel Breakfast Hash",,breakfast,Californian-inspired,easy,4,10,10,"250g split peas
1 tbsp olive oil
150g broccoli, chopped
150g fennel, chopped
1 tsp lime
4 wholegrain wraps or slices of toast
Black pepper","1. Heat olive oil in a pan.
2. Cook broccoli and fennel until softened.
3. Add the protein and warm through or cook until done.
4. Season lightly with the listed spice.
5. Serve with wholegrain toast or wraps.","Split Pea, broccoli, fennel and oats create a filling plant-forward meal built from recognisable ingredients and simple seasoning.","category: breakfast
contains split pea
contains broccoli
contains fennel
contains oats
mild base recipe",tha_library,authored,starter,THA Original Founding Cookbook,tha_original:THA-014,Californian-style-split-pea-broccoli-fennel-breakfast-hash
THA-015,"French Country-style Cod, Red Pepper & Pumpkin Egg Skillet",,breakfast,French country-inspired,easy,4,10,10,"4 quality cod fillets or 350g cod
1 tbsp olive oil
150g red pepper, chopped
150g pumpkin, chopped
1 tsp thyme
4 wholegrain wraps or slices of toast
Black pepper","1. Heat olive oil in a pan.
2. Cook red pepper and pumpkin until softened.
3. Add the protein and warm through or cook until done.
4. Season lightly with the listed spice.
5. Serve with wholegrain toast or wraps.","Quality cod is paired with red pepper, pumpkin and pearl barley for a whole-food meal where protein is balanced by vegetables and fibre.","category: breakfast
contains cod
contains red pepper
contains pumpkin
contains pearl barley
mild base recipe",tha_library,authored,starter,THA Original Founding Cookbook,tha_original:THA-015,french-Country-style-cod-red-pepper-pumpkin-egg-skillet
THA-016,"Pakistani-style Feta, Tomato & Green Bean Breakfast Wrap",,breakfast,Pakistani-inspired,easy,4,10,10,"250g feta
1 tbsp olive oil
150g tomato, chopped
150g green bean, chopped
1 tsp ground cumin
4 wholegrain wraps or slices of toast
Black pepper","1. Heat olive oil in a pan.
2. Cook tomato and green bean until softened.
3. Add the protein and warm through or cook until done.
4. Season lightly with the listed spice.
5. Serve with wholegrain toast or wraps.","Feta, tomato, green bean and wholemeal flatbread create a filling plant-forward meal built from recognisable ingredients and simple seasoning.","category: breakfast
contains feta
contains tomato
contains green bean
contains wholemeal flatbread
mild base recipe",tha_library,authored,starter,THA Original Founding Cookbook,tha_original:THA-016,Pakistani-style-feta-tomato-green-bean-breakfast-wrap
THA-017,"Malaysian-style Cottage Cheese, Peas & Pumpkin Toast Plate",,breakfast,Malaysian-inspired,easy,4,10,10,"250g cottage cheese
1 tbsp olive oil
150g peas, chopped
150g pumpkin, chopped
1 tsp ginger
4 wholegrain wraps or slices of toast
Black pepper","1. Heat olive oil in a pan.
2. Cook peas and pumpkin until softened.
3. Add the protein and warm through or cook until done.
4. Season lightly with the listed spice.
5. Serve with wholegrain toast or wraps.","Cottage Cheese, peas, pumpkin and oats create a filling plant-forward meal built from recognisable ingredients and simple seasoning.","category: breakfast
contains cottage cheese
contains peas
contains pumpkin
contains oats
mild base recipe",tha_library,authored,starter,THA Original Founding Cookbook,tha_original:THA-017,Malaysian-style-cottage-cheese-peas-pumpkin-toast-plate
THA-018,"North African-style Edamame, Cabbage & Celery Breakfast Hash",,breakfast,North African-inspired,easy,4,10,10,"250g edamames
1 tbsp olive oil
150g cabbage, chopped
150g celery, chopped
1 tsp cumin
4 wholegrain wraps or slices of toast
Black pepper","1. Heat olive oil in a pan.
2. Cook cabbage and celery until softened.
3. Add the protein and warm through or cook until done.
4. Season lightly with the listed spice.
5. Serve with wholegrain toast or wraps.","Edamame, cabbage, celery and wholewheat pasta create a filling plant-forward meal built from recognisable ingredients and simple seasoning.","category: breakfast
contains edamame
contains cabbage
contains celery
contains wholewheat pasta
mild base recipe",tha_library,authored,starter,THA Original Founding Cookbook,tha_original:THA-018,north-African-style-edamame-cabbage-celery-breakfast-hash
THA-019,"Californian-style Cannellini Bean, Radish & Aubergine Egg Skillet",,breakfast,Californian-inspired,easy,4,10,10,"1 x 400g tin cannellini beans, drained
1 tbsp olive oil
150g radish, chopped
150g aubergine, chopped
1 tsp lime
4 wholegrain wraps or slices of toast
Black pepper","1. Heat olive oil in a pan.
2. Cook radish and aubergine until softened.
3. Add the protein and warm through or cook until done.
4. Season lightly with the listed spice.
5. Serve with wholegrain toast or wraps.","Cannellini Bean, radish, aubergine and quinoa create a filling plant-forward meal built from recognisable ingredients and simple seasoning.","category: breakfast
contains cannellini bean
contains radish
contains aubergine
contains quinoa
mild base recipe",tha_library,authored,starter,THA Original Founding Cookbook,tha_original:THA-019,Californian-style-cannellini-bean-radish-aubergine-egg-skillet
THA-020,"French Country-style Tuna, Butternut Squash & Red Cabbage Breakfast Wrap",,breakfast,French country-inspired,easy,4,10,10,"4 quality tuna fillets or 350g tuna
1 tbsp olive oil
150g butternut squash, chopped
150g red cabbage, chopped
1 tsp thyme
4 wholegrain wraps or slices of toast
Black pepper","1. Heat olive oil in a pan.
2. Cook butternut squash and red cabbage until softened.
3. Add the protein and warm through or cook until done.
4. Season lightly with the listed spice.
5. Serve with wholegrain toast or wraps.","Quality tuna is paired with butternut squash, red cabbage and oats for a whole-food meal where protein is balanced by vegetables and fibre.","category: breakfast
contains tuna
contains butternut squash
contains red cabbage
contains oats
mild base recipe",tha_library,authored,starter,THA Original Founding Cookbook,tha_original:THA-020,french-Country-style-tuna-butternut-squash-red-cabbage-breakfast-wrap
THA-021,"Pakistani-style Feta, Parsnip & Fennel Toast Plate",,breakfast,Pakistani-inspired,easy,4,10,10,"250g feta
1 tbsp olive oil
150g parsnip, chopped
150g fennel, chopped
1 tsp ground cumin
4 wholegrain wraps or slices of toast
Black pepper","1. Heat olive oil in a pan.
2. Cook parsnip and fennel until softened.
3. Add the protein and warm through or cook until done.
4. Season lightly with the listed spice.
5. Serve with wholegrain toast or wraps.","Feta, parsnip, fennel and wholegrain bread create a filling plant-forward meal built from recognisable ingredients and simple seasoning.","category: breakfast
contains feta
contains parsnip
contains fennel
contains wholegrain bread
mild base recipe",tha_library,authored,starter,THA Original Founding Cookbook,tha_original:THA-021,Pakistani-style-feta-parsnip-fennel-toast-plate
THA-022,"Malaysian-style Cottage Cheese, Asparagus & Spinach Breakfast Hash",,breakfast,Malaysian-inspired,easy,4,10,10,"250g cottage cheese
1 tbsp olive oil
150g asparagus, chopped
150g spinach, chopped
1 tsp ginger
4 wholegrain wraps or slices of toast
Black pepper","1. Heat olive oil in a pan.
2. Cook asparagus and spinach until softened.
3. Add the protein and warm through or cook until done.
4. Season lightly with the listed spice.
5. Serve with wholegrain toast or wraps.","Cottage Cheese, asparagus, spinach and wholewheat couscous create a filling plant-forward meal built from recognisable ingredients and simple seasoning.","category: breakfast
contains cottage cheese
contains asparagus
contains spinach
contains wholewheat couscous
mild base recipe",tha_library,authored,starter,THA Original Founding Cookbook,tha_original:THA-022,Malaysian-style-cottage-cheese-asparagus-spinach-breakfast-hash
THA-023,"North African-style Haricot Bean, Celery & Cherry Tomato Egg Skillet",,breakfast,North African-inspired,easy,4,10,10,"1 x 400g tin haricot beans, drained
1 tbsp olive oil
150g celery, chopped
150g cherry tomato, chopped
1 tsp cumin
4 wholegrain wraps or slices of toast
Black pepper","1. Heat olive oil in a pan.
2. Cook celery and cherry tomato until softened.
3. Add the protein and warm through or cook until done.
4. Season lightly with the listed spice.
5. Serve with wholegrain toast or wraps.","Haricot Bean, celery, cherry tomato and oats create a filling plant-forward meal built from recognisable ingredients and simple seasoning.","category: breakfast
contains haricot bean
contains celery
contains cherry tomato
contains oats
mild base recipe",tha_library,authored,starter,THA Original Founding Cookbook,tha_original:THA-023,north-African-style-haricot-bean-celery-cherry-tomato-egg-skillet
THA-024,"Californian-style Lentil, Broccoli & Radish Breakfast Wrap",,breakfast,Californian-inspired,easy,4,10,10,"1 x 400g tin lentils, drained
1 tbsp olive oil
150g broccoli, chopped
150g radish, chopped
1 tsp lime
4 wholegrain wraps or slices of toast
Black pepper","1. Heat olive oil in a pan.
2. Cook broccoli and radish until softened.
3. Add the protein and warm through or cook until done.
4. Season lightly with the listed spice.
5. Serve with wholegrain toast or wraps.","Lentil, broccoli, radish and potato create a filling plant-forward meal built from recognisable ingredients and simple seasoning.","category: breakfast
contains lentil
contains broccoli
contains radish
contains potato
mild base recipe",tha_library,authored,starter,THA Original Founding Cookbook,tha_original:THA-024,Californian-style-lentil-broccoli-radish-breakfast-wrap
THA-025,"French Country-style Sardine, Red Pepper & Pak Choi Toast Plate",,breakfast,French country-inspired,easy,4,10,10,"4 quality sardine fillets or 350g sardine
1 tbsp olive oil
150g red pepper, chopped
150g pak choi, chopped
1 tsp thyme
4 wholegrain wraps or slices of toast
Black pepper","1. Heat olive oil in a pan.
2. Cook red pepper and pak choi until softened.
3. Add the protein and warm through or cook until done.
4. Season lightly with the listed spice.
5. Serve with wholegrain toast or wraps.","Quality sardine is paired with red pepper, pak choi and brown basmati rice for a whole-food meal where protein is balanced by vegetables and fibre.","category: breakfast
contains sardine
contains red pepper
contains pak choi
contains brown basmati rice
mild base recipe",tha_library,authored,starter,THA Original Founding Cookbook,tha_original:THA-025,french-Country-style-sardine-red-pepper-pak-choi-toast-plate
THA-026,"Pakistani-style Feta, Tomato & Cauliflower Breakfast Hash",,breakfast,Pakistani-inspired,easy,4,10,10,"250g feta
1 tbsp olive oil
150g tomato, chopped
150g cauliflower, chopped
1 tsp ground cumin
4 wholegrain wraps or slices of toast
Black pepper","1. Heat olive oil in a pan.
2. Cook tomato and cauliflower until softened.
3. Add the protein and warm through or cook until done.
4. Season lightly with the listed spice.
5. Serve with wholegrain toast or wraps.","Feta, tomato, cauliflower and oats create a filling plant-forward meal built from recognisable ingredients and simple seasoning.","category: breakfast
contains feta
contains tomato
contains cauliflower
contains oats
mild base recipe",tha_library,authored,starter,THA Original Founding Cookbook,tha_original:THA-026,Pakistani-style-feta-tomato-cauliflower-breakfast-hash
THA-027,"Malaysian-style Cottage Cheese, Peas & Cauliflower Egg Skillet",,breakfast,Malaysian-inspired,easy,4,10,10,"250g cottage cheese
1 tbsp olive oil
150g peas, chopped
150g cauliflower, chopped
1 tsp ginger
4 wholegrain wraps or slices of toast
Black pepper","1. Heat olive oil in a pan.
2. Cook peas and cauliflower until softened.
3. Add the protein and warm through or cook until done.
4. Season lightly with the listed spice.
5. Serve with wholegrain toast or wraps.","Cottage Cheese, peas, cauliflower and wholewheat noodles create a filling plant-forward meal built from recognisable ingredients and simple seasoning.","category: breakfast
contains cottage cheese
contains peas
contains cauliflower
contains wholewheat noodles
mild base recipe",tha_library,authored,starter,THA Original Founding Cookbook,tha_original:THA-027,Malaysian-style-cottage-cheese-peas-cauliflower-egg-skillet
THA-028,"North African-style Black Bean, Cabbage & Mushroom Breakfast Wrap",,breakfast,North African-inspired,easy,4,10,10,"1 x 400g tin black beans, drained
1 tbsp olive oil
150g cabbage, chopped
150g mushroom, chopped
1 tsp cumin
4 wholegrain wraps or slices of toast
Black pepper","1. Heat olive oil in a pan.
2. Cook cabbage and mushroom until softened.
3. Add the protein and warm through or cook until done.
4. Season lightly with the listed spice.
5. Serve with wholegrain toast or wraps.","Black Bean, cabbage, mushroom and sweet potato create a filling plant-forward meal built from recognisable ingredients and simple seasoning.","category: breakfast
contains black bean
contains cabbage
contains mushroom
contains sweet potato
mild base recipe",tha_library,authored,starter,THA Original Founding Cookbook,tha_original:THA-028,north-African-style-black-bean-cabbage-mushroom-breakfast-wrap
THA-029,"Californian-style Edamame, Radish & Fennel Toast Plate",,breakfast,Californian-inspired,easy,4,10,10,"250g edamames
1 tbsp olive oil
150g radish, chopped
150g fennel, chopped
1 tsp lime
4 wholegrain wraps or slices of toast
Black pepper","1. Heat olive oil in a pan.
2. Cook radish and fennel until softened.
3. Add the protein and warm through or cook until done.
4. Season lightly with the listed spice.
5. Serve with wholegrain toast or wraps.","Edamame, radish, fennel and oats create a filling plant-forward meal built from recognisable ingredients and simple seasoning.","category: breakfast
contains edamame
contains radish
contains fennel
contains oats
mild base recipe",tha_library,authored,starter,THA Original Founding Cookbook,tha_original:THA-029,Californian-style-edamame-radish-fennel-toast-plate
THA-030,"French Country-style Mackerel, Butternut Squash & Red Pepper Breakfast Hash",,breakfast,French country-inspired,easy,4,10,10,"4 quality mackerel fillets or 350g mackerel
1 tbsp olive oil
150g butternut squash, chopped
150g red pepper, chopped
1 tsp thyme
4 wholegrain wraps or slices of toast
Black pepper","1. Heat olive oil in a pan.
2. Cook butternut squash and red pepper until softened.
3. Add the protein and warm through or cook until done.
4. Season lightly with the listed spice.
5. Serve with wholegrain toast or wraps.","Quality mackerel is paired with butternut squash, red pepper and pearl barley for a whole-food meal where protein is balanced by vegetables and fibre.","category: breakfast
contains mackerel
contains butternut squash
contains red pepper
contains pearl barley
mild base recipe",tha_library,authored,starter,THA Original Founding Cookbook,tha_original:THA-030,french-Country-style-mackerel-butternut-squash-red-pepper-breakfast-hash
THA-031,"Pakistani-style Feta, Parsnip & Green Bean Egg Skillet",,breakfast,Pakistani-inspired,easy,4,10,10,"250g feta
1 tbsp olive oil
150g parsnip, chopped
150g green bean, chopped
1 tsp ground cumin
4 wholegrain wraps or slices of toast
Black pepper","1. Heat olive oil in a pan.
2. Cook parsnip and green bean until softened.
3. Add the protein and warm through or cook until done.
4. Season lightly with the listed spice.
5. Serve with wholegrain toast or wraps.","Feta, parsnip, green bean and wholemeal flatbread create a filling plant-forward meal built from recognisable ingredients and simple seasoning.","category: breakfast
contains feta
contains parsnip
contains green bean
contains wholemeal flatbread
mild base recipe",tha_library,authored,starter,THA Original Founding Cookbook,tha_original:THA-031,Pakistani-style-feta-parsnip-green-bean-egg-skillet
THA-032,"Malaysian-style Cottage Cheese, Asparagus & Pumpkin Breakfast Wrap",,breakfast,Malaysian-inspired,easy,4,10,10,"250g cottage cheese
1 tbsp olive oil
150g asparagus, chopped
150g pumpkin, chopped
1 tsp ginger
4 wholegrain wraps or slices of toast
Black pepper","1. Heat olive oil in a pan.
2. Cook asparagus and pumpkin until softened.
3. Add the protein and warm through or cook until done.
4. Season lightly with the listed spice.
5. Serve with wholegrain toast or wraps.","Cottage Cheese, asparagus, pumpkin and oats create a filling plant-forward meal built from recognisable ingredients and simple seasoning.","category: breakfast
contains cottage cheese
contains asparagus
contains pumpkin
contains oats
mild base recipe",tha_library,authored,starter,THA Original Founding Cookbook,tha_original:THA-032,Malaysian-style-cottage-cheese-asparagus-pumpkin-breakfast-wrap
THA-033,"North African-style Chickpea, Celery & Cherry Tomato Toast Plate",,breakfast,North African-inspired,easy,4,10,10,"1 x 400g tin chickpeas, drained
1 tbsp olive oil
150g celery, chopped
150g cherry tomato, chopped
1 tsp cumin
4 wholegrain wraps or slices of toast
Black pepper","1. Heat olive oil in a pan.
2. Cook celery and cherry tomato until softened.
3. Add the protein and warm through or cook until done.
4. Season lightly with the listed spice.
5. Serve with wholegrain toast or wraps.","Chickpea, celery, cherry tomato and wholewheat pasta create a filling plant-forward meal built from recognisable ingredients and simple seasoning.","category: breakfast
contains chickpea
contains celery
contains cherry tomato
contains wholewheat pasta
mild base recipe",tha_library,authored,starter,THA Original Founding Cookbook,tha_original:THA-033,north-African-style-chickpea-celery-cherry-tomato-toast-plate
THA-034,"Californian-style Haricot Bean, Broccoli & Aubergine Breakfast Hash",,breakfast,Californian-inspired,easy,4,10,10,"1 x 400g tin haricot beans, drained
1 tbsp olive oil
150g broccoli, chopped
150g aubergine, chopped
1 tsp lime
4 wholegrain wraps or slices of toast
Black pepper","1. Heat olive oil in a pan.
2. Cook broccoli and aubergine until softened.
3. Add the protein and warm through or cook until done.
4. Season lightly with the listed spice.
5. Serve with wholegrain toast or wraps.","Haricot Bean, broccoli, aubergine and quinoa create a filling plant-forward meal built from recognisable ingredients and simple seasoning.","category: breakfast
contains haricot bean
contains broccoli
contains aubergine
contains quinoa
mild base recipe",tha_library,authored,starter,THA Original Founding Cookbook,tha_original:THA-034,Californian-style-haricot-bean-broccoli-aubergine-breakfast-hash
THA-035,"French Country-style Cod, Red Pepper & Red Cabbage Egg Skillet",,breakfast,French country-inspired,easy,4,10,10,"4 quality cod fillets or 350g cod
1 tbsp olive oil
150g red pepper, chopped
150g red cabbage, chopped
1 tsp thyme
4 wholegrain wraps or slices of toast
Black pepper","1. Heat olive oil in a pan.
2. Cook red pepper and red cabbage until softened.
3. Add the protein and warm through or cook until done.
4. Season lightly with the listed spice.
5. Serve with wholegrain toast or wraps.","Quality cod is paired with red pepper, red cabbage and oats for a whole-food meal where protein is balanced by vegetables and fibre.","category: breakfast
contains cod
contains red pepper
contains red cabbage
contains oats
mild base recipe",tha_library,authored,starter,THA Original Founding Cookbook,tha_original:THA-035,french-Country-style-cod-red-pepper-red-cabbage-egg-skillet
THA-036,"Pakistani-style Feta, Tomato & Parsnip Breakfast Wrap",,breakfast,Pakistani-inspired,easy,4,10,10,"250g feta
1 tbsp olive oil
150g tomato, chopped
150g parsnip, chopped
1 tsp ground cumin
4 wholegrain wraps or slices of toast
Black pepper","1. Heat olive oil in a pan.
2. Cook tomato and parsnip until softened.
3. Add the protein and warm through or cook until done.
4. Season lightly with the listed spice.
5. Serve with wholegrain toast or wraps.","Feta, tomato, parsnip and wholegrain bread create a filling plant-forward meal built from recognisable ingredients and simple seasoning.","category: breakfast
contains feta
contains tomato
contains parsnip
contains wholegrain bread
mild base recipe",tha_library,authored,starter,THA Original Founding Cookbook,tha_original:THA-036,Pakistani-style-feta-tomato-parsnip-breakfast-wrap
THA-037,"Malaysian-style Cottage Cheese, Peas & Spinach Toast Plate",,breakfast,Malaysian-inspired,easy,4,10,10,"250g cottage cheese
1 tbsp olive oil
150g peas, chopped
150g spinach, chopped
1 tsp ginger
4 wholegrain wraps or slices of toast
Black pepper","1. Heat olive oil in a pan.
2. Cook peas and spinach until softened.
3. Add the protein and warm through or cook until done.
4. Season lightly with the listed spice.
5. Serve with wholegrain toast or wraps.","Cottage Cheese, peas, spinach and wholewheat couscous create a filling plant-forward meal built from recognisable ingredients and simple seasoning.","category: breakfast
contains cottage cheese
contains peas
contains spinach
contains wholewheat couscous
mild base recipe",tha_library,authored,starter,THA Original Founding Cookbook,tha_original:THA-037,Malaysian-style-cottage-cheese-peas-spinach-toast-plate
THA-038,"North African-style Tofu, Cabbage & Cherry Tomato Breakfast Hash",,breakfast,North African-inspired,easy,4,10,10,"280g firm tofu, cubed
1 tbsp olive oil
150g cabbage, chopped
150g cherry tomato, chopped
1 tsp cumin
4 wholegrain wraps or slices of toast
Black pepper","1. Heat olive oil in a pan.
2. Cook cabbage and cherry tomato until softened.
3. Add the protein and warm through or cook until done.
4. Season lightly with the listed spice.
5. Serve with wholegrain toast or wraps.","Tofu, cabbage, cherry tomato and oats create a filling plant-forward meal built from recognisable ingredients and simple seasoning.","category: breakfast
contains tofu
contains cabbage
contains cherry tomato
contains oats
mild base recipe",tha_library,authored,starter,THA Original Founding Cookbook,tha_original:THA-038,north-African-style-tofu-cabbage-cherry-tomato-breakfast-hash
THA-039,"Californian-style Black Bean, Radish & Red Cabbage Egg Skillet",,breakfast,Californian-inspired,easy,4,10,10,"1 x 400g tin black beans, drained
1 tbsp olive oil
150g radish, chopped
150g red cabbage, chopped
1 tsp lime
4 wholegrain wraps or slices of toast
Black pepper","1. Heat olive oil in a pan.
2. Cook radish and red cabbage until softened.
3. Add the protein and warm through or cook until done.
4. Season lightly with the listed spice.
5. Serve with wholegrain toast or wraps.","Black Bean, radish, red cabbage and potato create a filling plant-forward meal built from recognisable ingredients and simple seasoning.","category: breakfast
contains black bean
contains radish
contains red cabbage
contains potato
mild base recipe",tha_library,authored,starter,THA Original Founding Cookbook,tha_original:THA-039,Californian-style-black-bean-radish-red-cabbage-egg-skillet
THA-040,"French Country-style Tuna, Butternut Squash & Pak Choi Breakfast Wrap",,breakfast,French country-inspired,easy,4,10,10,"4 quality tuna fillets or 350g tuna
1 tbsp olive oil
150g butternut squash, chopped
150g pak choi, chopped
1 tsp thyme
4 wholegrain wraps or slices of toast
Black pepper","1. Heat olive oil in a pan.
2. Cook butternut squash and pak choi until softened.
3. Add the protein and warm through or cook until done.
4. Season lightly with the listed spice.
5. Serve with wholegrain toast or wraps.","Quality tuna is paired with butternut squash, pak choi and brown basmati rice for a whole-food meal where protein is balanced by vegetables and fibre.","category: breakfast
contains tuna
contains butternut squash
contains pak choi
contains brown basmati rice
mild base recipe",tha_library,authored,starter,THA Original Founding Cookbook,tha_original:THA-040,french-Country-style-tuna-butternut-squash-pak-choi-breakfast-wrap
THA-041,"Pakistani-style Feta, Parsnip & Cauliflower Toast Plate",,breakfast,Pakistani-inspired,easy,4,10,10,"250g feta
1 tbsp olive oil
150g parsnip, chopped
150g cauliflower, chopped
1 tsp ground cumin
4 wholegrain wraps or slices of toast
Black pepper","1. Heat olive oil in a pan.
2. Cook parsnip and cauliflower until softened.
3. Add the protein and warm through or cook until done.
4. Season lightly with the listed spice.
5. Serve with wholegrain toast or wraps.","Feta, parsnip, cauliflower and oats create a filling plant-forward meal built from recognisable ingredients and simple seasoning.","category: breakfast
contains feta
contains parsnip
contains cauliflower
contains oats
mild base recipe",tha_library,authored,starter,THA Original Founding Cookbook,tha_original:THA-041,Pakistani-style-feta-parsnip-cauliflower-toast-plate
THA-042,"Malaysian-style Cottage Cheese, Asparagus & Peas Breakfast Hash",,breakfast,Malaysian-inspired,easy,4,10,10,"250g cottage cheese
1 tbsp olive oil
150g asparagus, chopped
150g peas, chopped
1 tsp ginger
4 wholegrain wraps or slices of toast
Black pepper","1. Heat olive oil in a pan.
2. Cook asparagus and peas until softened.
3. Add the protein and warm through or cook until done.
4. Season lightly with the listed spice.
5. Serve with wholegrain toast or wraps.","Cottage Cheese, asparagus, peas and wholewheat noodles create a filling plant-forward meal built from recognisable ingredients and simple seasoning.","category: breakfast
contains cottage cheese
contains asparagus
contains peas
contains wholewheat noodles
mild base recipe",tha_library,authored,starter,THA Original Founding Cookbook,tha_original:THA-042,Malaysian-style-cottage-cheese-asparagus-peas-breakfast-hash
THA-043,"North African-style Kidney Bean, Celery & Mushroom Egg Skillet",,breakfast,North African-inspired,easy,4,10,10,"1 x 400g tin kidney beans, drained
1 tbsp olive oil
150g celery, chopped
150g mushroom, chopped
1 tsp cumin
4 wholegrain wraps or slices of toast
Black pepper","1. Heat olive oil in a pan.
2. Cook celery and mushroom until softened.
3. Add the protein and warm through or cook until done.
4. Season lightly with the listed spice.
5. Serve with wholegrain toast or wraps.","Kidney Bean, celery, mushroom and sweet potato create a filling plant-forward meal built from recognisable ingredients and simple seasoning.","category: breakfast
contains kidney bean
contains celery
contains mushroom
contains sweet potato
mild base recipe",tha_library,authored,starter,THA Original Founding Cookbook,tha_original:THA-043,north-African-style-kidney-bean-celery-mushroom-egg-skillet
THA-044,"Californian-style Chickpea, Broccoli & Fennel Breakfast Wrap",,breakfast,Californian-inspired,easy,4,10,10,"1 x 400g tin chickpeas, drained
1 tbsp olive oil
150g broccoli, chopped
150g fennel, chopped
1 tsp lime
4 wholegrain wraps or slices of toast
Black pepper","1. Heat olive oil in a pan.
2. Cook broccoli and fennel until softened.
3. Add the protein and warm through or cook until done.
4. Season lightly with the listed spice.
5. Serve with wholegrain toast or wraps.","Chickpea, broccoli, fennel and oats create a filling plant-forward meal built from recognisable ingredients and simple seasoning.","category: breakfast
contains chickpea
contains broccoli
contains fennel
contains oats
mild base recipe",tha_library,authored,starter,THA Original Founding Cookbook,tha_original:THA-044,Californian-style-chickpea-broccoli-fennel-breakfast-wrap
THA-045,"French Country-style Sardine, Red Pepper & Pumpkin Toast Plate",,breakfast,French country-inspired,easy,4,10,10,"4 quality sardine fillets or 350g sardine
1 tbsp olive oil
150g red pepper, chopped
150g pumpkin, chopped
1 tsp thyme
4 wholegrain wraps or slices of toast
Black pepper","1. Heat olive oil in a pan.
2. Cook red pepper and pumpkin until softened.
3. Add the protein and warm through or cook until done.
4. Season lightly with the listed spice.
5. Serve with wholegrain toast or wraps.","Quality sardine is paired with red pepper, pumpkin and pearl barley for a whole-food meal where protein is balanced by vegetables and fibre.","category: breakfast
contains sardine
contains red pepper
contains pumpkin
contains pearl barley
mild base recipe",tha_library,authored,starter,THA Original Founding Cookbook,tha_original:THA-045,french-Country-style-sardine-red-pepper-pumpkin-toast-plate
THA-046,"Pakistani-style Feta, Tomato & Green Bean Breakfast Hash",,breakfast,Pakistani-inspired,easy,4,10,10,"250g feta
1 tbsp olive oil
150g tomato, chopped
150g green bean, chopped
1 tsp ground cumin
4 wholegrain wraps or slices of toast
Black pepper","1. Heat olive oil in a pan.
2. Cook tomato and green bean until softened.
3. Add the protein and warm through or cook until done.
4. Season lightly with the listed spice.
5. Serve with wholegrain toast or wraps.","Feta, tomato, green bean and wholemeal flatbread create a filling plant-forward meal built from recognisable ingredients and simple seasoning.","category: breakfast
contains feta
contains tomato
contains green bean
contains wholemeal flatbread
mild base recipe",tha_library,authored,starter,THA Original Founding Cookbook,tha_original:THA-046,Pakistani-style-feta-tomato-green-bean-breakfast-hash
THA-047,"Malaysian-style Cottage Cheese, Peas & Pumpkin Egg Skillet",,breakfast,Malaysian-inspired,easy,4,10,10,"250g cottage cheese
1 tbsp olive oil
150g peas, chopped
150g pumpkin, chopped
1 tsp ginger
4 wholegrain wraps or slices of toast
Black pepper","1. Heat olive oil in a pan.
2. Cook peas and pumpkin until softened.
3. Add the protein and warm through or cook until done.
4. Season lightly with the listed spice.
5. Serve with wholegrain toast or wraps.","Cottage Cheese, peas, pumpkin and oats create a filling plant-forward meal built from recognisable ingredients and simple seasoning.","category: breakfast
contains cottage cheese
contains peas
contains pumpkin
contains oats
mild base recipe",tha_library,authored,starter,THA Original Founding Cookbook,tha_original:THA-047,Malaysian-style-cottage-cheese-peas-pumpkin-egg-skillet
THA-048,"North African-style Butter Bean, Cabbage & Celery Breakfast Wrap",,breakfast,North African-inspired,easy,4,10,10,"1 x 400g tin butter beans, drained
1 tbsp olive oil
150g cabbage, chopped
150g celery, chopped
1 tsp cumin
4 wholegrain wraps or slices of toast
Black pepper","1. Heat olive oil in a pan.
2. Cook cabbage and celery until softened.
3. Add the protein and warm through or cook until done.
4. Season lightly with the listed spice.
5. Serve with wholegrain toast or wraps.","Butter Bean, cabbage, celery and wholewheat pasta create a filling plant-forward meal built from recognisable ingredients and simple seasoning.","category: breakfast
contains butter bean
contains cabbage
contains celery
contains wholewheat pasta
mild base recipe",tha_library,authored,starter,THA Original Founding Cookbook,tha_original:THA-048,north-African-style-butter-bean-cabbage-celery-breakfast-wrap
THA-049,"Californian-style Tofu, Radish & Aubergine Toast Plate",,breakfast,Californian-inspired,easy,4,10,10,"280g firm tofu, cubed
1 tbsp olive oil
150g radish, chopped
150g aubergine, chopped
1 tsp lime
4 wholegrain wraps or slices of toast
Black pepper","1. Heat olive oil in a pan.
2. Cook radish and aubergine until softened.
3. Add the protein and warm through or cook until done.
4. Season lightly with the listed spice.
5. Serve with wholegrain toast or wraps.","Tofu, radish, aubergine and quinoa create a filling plant-forward meal built from recognisable ingredients and simple seasoning.","category: breakfast
contains tofu
contains radish
contains aubergine
contains quinoa
mild base recipe",tha_library,authored,starter,THA Original Founding Cookbook,tha_original:THA-049,Californian-style-tofu-radish-aubergine-toast-plate
THA-050,"French Country-style Mackerel, Butternut Squash & Red Cabbage Breakfast Hash",,breakfast,French country-inspired,easy,4,10,10,"4 quality mackerel fillets or 350g mackerel
1 tbsp olive oil
150g butternut squash, chopped
150g red cabbage, chopped
1 tsp thyme
4 wholegrain wraps or slices of toast
Black pepper","1. Heat olive oil in a pan.
2. Cook butternut squash and red cabbage until softened.
3. Add the protein and warm through or cook until done.
4. Season lightly with the listed spice.
5. Serve with wholegrain toast or wraps.","Quality mackerel is paired with butternut squash, red cabbage and oats for a whole-food meal where protein is balanced by vegetables and fibre.","category: breakfast
contains mackerel
contains butternut squash
contains red cabbage
contains oats
mild base recipe",tha_library,authored,starter,THA Original Founding Cookbook,tha_original:THA-050,french-Country-style-mackerel-butternut-squash-red-cabbage-breakfast-hash
THA-051,"Pakistani-style Feta, Parsnip & Fennel Egg Skillet",,breakfast,Pakistani-inspired,easy,4,10,10,"250g feta
1 tbsp olive oil
150g parsnip, chopped
150g fennel, chopped
1 tsp ground cumin
4 wholegrain wraps or slices of toast
Black pepper","1. Heat olive oil in a pan.
2. Cook parsnip and fennel until softened.
3. Add the protein and warm through or cook until done.
4. Season lightly with the listed spice.
5. Serve with wholegrain toast or wraps.","Feta, parsnip, fennel and wholegrain bread create a filling plant-forward meal built from recognisable ingredients and simple seasoning.","category: breakfast
contains feta
contains parsnip
contains fennel
contains wholegrain bread
mild base recipe",tha_library,authored,starter,THA Original Founding Cookbook,tha_original:THA-051,Pakistani-style-feta-parsnip-fennel-egg-skillet
THA-052,"Malaysian-style Cottage Cheese, Asparagus & Spinach Breakfast Wrap",,breakfast,Malaysian-inspired,easy,4,10,10,"250g cottage cheese
1 tbsp olive oil
150g asparagus, chopped
150g spinach, chopped
1 tsp ginger
4 wholegrain wraps or slices of toast
Black pepper","1. Heat olive oil in a pan.
2. Cook asparagus and spinach until softened.
3. Add the protein and warm through or cook until done.
4. Season lightly with the listed spice.
5. Serve with wholegrain toast or wraps.","Cottage Cheese, asparagus, spinach and wholewheat couscous create a filling plant-forward meal built from recognisable ingredients and simple seasoning.","category: breakfast
contains cottage cheese
contains asparagus
contains spinach
contains wholewheat couscous
mild base recipe",tha_library,authored,starter,THA Original Founding Cookbook,tha_original:THA-052,Malaysian-style-cottage-cheese-asparagus-spinach-breakfast-wrap
THA-053,"North African-style Green Pea, Celery & Cherry Tomato Toast Plate",,breakfast,North African-inspired,easy,4,10,10,"250g green peas
1 tbsp olive oil
150g celery, chopped
150g cherry tomato, chopped
1 tsp cumin
4 wholegrain wraps or slices of toast
Black pepper","1. Heat olive oil in a pan.
2. Cook celery and cherry tomato until softened.
3. Add the protein and warm through or cook until done.
4. Season lightly with the listed spice.
5. Serve with wholegrain toast or wraps.","Green Pea, celery, cherry tomato and oats create a filling plant-forward meal built from recognisable ingredients and simple seasoning.","category: breakfast
contains green pea
contains celery
contains cherry tomato
contains oats
mild base recipe",tha_library,authored,starter,THA Original Founding Cookbook,tha_original:THA-053,north-African-style-green-pea-celery-cherry-tomato-toast-plate
THA-054,"Californian-style Kidney Bean, Broccoli & Radish Breakfast Hash",,breakfast,Californian-inspired,easy,4,10,10,"1 x 400g tin kidney beans, drained
1 tbsp olive oil
150g broccoli, chopped
150g radish, chopped
1 tsp lime
4 wholegrain wraps or slices of toast
Black pepper","1. Heat olive oil in a pan.
2. Cook broccoli and radish until softened.
3. Add the protein and warm through or cook until done.
4. Season lightly with the listed spice.
5. Serve with wholegrain toast or wraps.","Kidney Bean, broccoli, radish and potato create a filling plant-forward meal built from recognisable ingredients and simple seasoning.","category: breakfast
contains kidney bean
contains broccoli
contains radish
contains potato
mild base recipe",tha_library,authored,starter,THA Original Founding Cookbook,tha_original:THA-054,Californian-style-kidney-bean-broccoli-radish-breakfast-hash
THA-055,"French Country-style Cod, Red Pepper & Pak Choi Egg Skillet",,breakfast,French country-inspired,easy,4,10,10,"4 quality cod fillets or 350g cod
1 tbsp olive oil
150g red pepper, chopped
150g pak choi, chopped
1 tsp thyme
4 wholegrain wraps or slices of toast
Black pepper","1. Heat olive oil in a pan.
2. Cook red pepper and pak choi until softened.
3. Add the protein and warm through or cook until done.
4. Season lightly with the listed spice.
5. Serve with wholegrain toast or wraps.","Quality cod is paired with red pepper, pak choi and brown basmati rice for a whole-food meal where protein is balanced by vegetables and fibre.","category: breakfast
contains cod
contains red pepper
contains pak choi
contains brown basmati rice
mild base recipe",tha_library,authored,starter,THA Original Founding Cookbook,tha_original:THA-055,french-Country-style-cod-red-pepper-pak-choi-egg-skillet
THA-056,"Pakistani-style Feta, Tomato & Cauliflower Breakfast Wrap",,breakfast,Pakistani-inspired,easy,4,10,10,"250g feta
1 tbsp olive oil
150g tomato, chopped
150g cauliflower, chopped
1 tsp ground cumin
4 wholegrain wraps or slices of toast
Black pepper","1. Heat olive oil in a pan.
2. Cook tomato and cauliflower until softened.
3. Add the protein and warm through or cook until done.
4. Season lightly with the listed spice.
5. Serve with wholegrain toast or wraps.","Feta, tomato, cauliflower and oats create a filling plant-forward meal built from recognisable ingredients and simple seasoning.","category: breakfast
contains feta
contains tomato
contains cauliflower
contains oats
mild base recipe",tha_library,authored,starter,THA Original Founding Cookbook,tha_original:THA-056,Pakistani-style-feta-tomato-cauliflower-breakfast-wrap
THA-057,"Malaysian-style Cottage Cheese, Peas & Cauliflower Toast Plate",,breakfast,Malaysian-inspired,easy,4,10,10,"250g cottage cheese
1 tbsp olive oil
150g peas, chopped
150g cauliflower, chopped
1 tsp ginger
4 wholegrain wraps or slices of toast
Black pepper","1. Heat olive oil in a pan.
2. Cook peas and cauliflower until softened.
3. Add the protein and warm through or cook until done.
4. Season lightly with the listed spice.
5. Serve with wholegrain toast or wraps.","Cottage Cheese, peas, cauliflower and wholewheat noodles create a filling plant-forward meal built from recognisable ingredients and simple seasoning.","category: breakfast
contains cottage cheese
contains peas
contains cauliflower
contains wholewheat noodles
mild base recipe",tha_library,authored,starter,THA Original Founding Cookbook,tha_original:THA-057,Malaysian-style-cottage-cheese-peas-cauliflower-toast-plate
THA-058,"North African-style Split Pea, Cabbage & Mushroom Breakfast Hash",,breakfast,North African-inspired,easy,4,10,10,"250g split peas
1 tbsp olive oil
150g cabbage, chopped
150g mushroom, chopped
1 tsp cumin
4 wholegrain wraps or slices of toast
Black pepper","1. Heat olive oil in a pan.
2. Cook cabbage and mushroom until softened.
3. Add the protein and warm through or cook until done.
4. Season lightly with the listed spice.
5. Serve with wholegrain toast or wraps.","Split Pea, cabbage, mushroom and sweet potato create a filling plant-forward meal built from recognisable ingredients and simple seasoning.","category: breakfast
contains split pea
contains cabbage
contains mushroom
contains sweet potato
mild base recipe",tha_library,authored,starter,THA Original Founding Cookbook,tha_original:THA-058,north-African-style-split-pea-cabbage-mushroom-breakfast-hash
THA-059,"Californian-style Butter Bean, Radish & Fennel Egg Skillet",,breakfast,Californian-inspired,easy,4,10,10,"1 x 400g tin butter beans, drained
1 tbsp olive oil
150g radish, chopped
150g fennel, chopped
1 tsp lime
4 wholegrain wraps or slices of toast
Black pepper","1. Heat olive oil in a pan.
2. Cook radish and fennel until softened.
3. Add the protein and warm through or cook until done.
4. Season lightly with the listed spice.
5. Serve with wholegrain toast or wraps.","Butter Bean, radish, fennel and oats create a filling plant-forward meal built from recognisable ingredients and simple seasoning.","category: breakfast
contains butter bean
contains radish
contains fennel
contains oats
mild base recipe",tha_library,authored,starter,THA Original Founding Cookbook,tha_original:THA-059,Californian-style-butter-bean-radish-fennel-egg-skillet
THA-060,"French Country-style Tuna, Butternut Squash & Red Pepper Breakfast Wrap",,breakfast,French country-inspired,easy,4,10,10,"4 quality tuna fillets or 350g tuna
1 tbsp olive oil
150g butternut squash, chopped
150g red pepper, chopped
1 tsp thyme
4 wholegrain wraps or slices of toast
Black pepper","1. Heat olive oil in a pan.
2. Cook butternut squash and red pepper until softened.
3. Add the protein and warm through or cook until done.
4. Season lightly with the listed spice.
5. Serve with wholegrain toast or wraps.","Quality tuna is paired with butternut squash, red pepper and pearl barley for a whole-food meal where protein is balanced by vegetables and fibre.","category: breakfast
contains tuna
contains butternut squash
contains red pepper
contains pearl barley
mild base recipe",tha_library,authored,starter,THA Original Founding Cookbook,tha_original:THA-060,french-Country-style-tuna-butternut-squash-red-pepper-breakfast-wrap
THA-061,"Pakistani-style Feta, Parsnip & Green Bean Toast Plate",,breakfast,Pakistani-inspired,easy,4,10,10,"250g feta
1 tbsp olive oil
150g parsnip, chopped
150g green bean, chopped
1 tsp ground cumin
4 wholegrain wraps or slices of toast
Black pepper","1. Heat olive oil in a pan.
2. Cook parsnip and green bean until softened.
3. Add the protein and warm through or cook until done.
4. Season lightly with the listed spice.
5. Serve with wholegrain toast or wraps.","Feta, parsnip, green bean and wholemeal flatbread create a filling plant-forward meal built from recognisable ingredients and simple seasoning.","category: breakfast
contains feta
contains parsnip
contains green bean
contains wholemeal flatbread
mild base recipe",tha_library,authored,starter,THA Original Founding Cookbook,tha_original:THA-061,Pakistani-style-feta-parsnip-green-bean-toast-plate
THA-062,"Malaysian-style Cottage Cheese, Asparagus & Pumpkin Breakfast Hash",,breakfast,Malaysian-inspired,easy,4,10,10,"250g cottage cheese
1 tbsp olive oil
150g asparagus, chopped
150g pumpkin, chopped
1 tsp ginger
4 wholegrain wraps or slices of toast
Black pepper","1. Heat olive oil in a pan.
2. Cook asparagus and pumpkin until softened.
3. Add the protein and warm through or cook until done.
4. Season lightly with the listed spice.
5. Serve with wholegrain toast or wraps.","Cottage Cheese, asparagus, pumpkin and oats create a filling plant-forward meal built from recognisable ingredients and simple seasoning.","category: breakfast
contains cottage cheese
contains asparagus
contains pumpkin
contains oats
mild base recipe",tha_library,authored,starter,THA Original Founding Cookbook,tha_original:THA-062,Malaysian-style-cottage-cheese-asparagus-pumpkin-breakfast-hash
THA-063,"North African-style Cannellini Bean, Celery & Cherry Tomato Egg Skillet",,breakfast,North African-inspired,easy,4,10,10,"1 x 400g tin cannellini beans, drained
1 tbsp olive oil
150g celery, chopped
150g cherry tomato, chopped
1 tsp cumin
4 wholegrain wraps or slices of toast
Black pepper","1. Heat olive oil in a pan.
2. Cook celery and cherry tomato until softened.
3. Add the protein and warm through or cook until done.
4. Season lightly with the listed spice.
5. Serve with wholegrain toast or wraps.","Cannellini Bean, celery, cherry tomato and wholewheat pasta create a filling plant-forward meal built from recognisable ingredients and simple seasoning.","category: breakfast
contains cannellini bean
contains celery
contains cherry tomato
contains wholewheat pasta
mild base recipe",tha_library,authored,starter,THA Original Founding Cookbook,tha_original:THA-063,north-African-style-cannellini-bean-celery-cherry-tomato-egg-skillet
THA-064,"Californian-style Green Pea, Broccoli & Aubergine Breakfast Wrap",,breakfast,Californian-inspired,easy,4,10,10,"250g green peas
1 tbsp olive oil
150g broccoli, chopped
150g aubergine, chopped
1 tsp lime
4 wholegrain wraps or slices of toast
Black pepper","1. Heat olive oil in a pan.
2. Cook broccoli and aubergine until softened.
3. Add the protein and warm through or cook until done.
4. Season lightly with the listed spice.
5. Serve with wholegrain toast or wraps.","Green Pea, broccoli, aubergine and quinoa create a filling plant-forward meal built from recognisable ingredients and simple seasoning.","category: breakfast
contains green pea
contains broccoli
contains aubergine
contains quinoa
mild base recipe",tha_library,authored,starter,THA Original Founding Cookbook,tha_original:THA-064,Californian-style-green-pea-broccoli-aubergine-breakfast-wrap
THA-065,"French Country-style Sardine, Red Pepper & Red Cabbage Toast Plate",,breakfast,French country-inspired,easy,4,10,10,"4 quality sardine fillets or 350g sardine
1 tbsp olive oil
150g red pepper, chopped
150g red cabbage, chopped
1 tsp thyme
4 wholegrain wraps or slices of toast
Black pepper","1. Heat olive oil in a pan.
2. Cook red pepper and red cabbage until softened.
3. Add the protein and warm through or cook until done.
4. Season lightly with the listed spice.
5. Serve with wholegrain toast or wraps.","Quality sardine is paired with red pepper, red cabbage and oats for a whole-food meal where protein is balanced by vegetables and fibre.","category: breakfast
contains sardine
contains red pepper
contains red cabbage
contains oats
mild base recipe",tha_library,authored,starter,THA Original Founding Cookbook,tha_original:THA-065,french-Country-style-sardine-red-pepper-red-cabbage-toast-plate
THA-066,"Pakistani-style Feta, Tomato & Parsnip Breakfast Hash",,breakfast,Pakistani-inspired,easy,4,10,10,"250g feta
1 tbsp olive oil
150g tomato, chopped
150g parsnip, chopped
1 tsp ground cumin
4 wholegrain wraps or slices of toast
Black pepper","1. Heat olive oil in a pan.
2. Cook tomato and parsnip until softened.
3. Add the protein and warm through or cook until done.
4. Season lightly with the listed spice.
5. Serve with wholegrain toast or wraps.","Feta, tomato, parsnip and wholegrain bread create a filling plant-forward meal built from recognisable ingredients and simple seasoning.","category: breakfast
contains feta
contains tomato
contains parsnip
contains wholegrain bread
mild base recipe",tha_library,authored,starter,THA Original Founding Cookbook,tha_original:THA-066,Pakistani-style-feta-tomato-parsnip-breakfast-hash
THA-067,"Malaysian-style Cottage Cheese, Peas & Spinach Egg Skillet",,breakfast,Malaysian-inspired,easy,4,10,10,"250g cottage cheese
1 tbsp olive oil
150g peas, chopped
150g spinach, chopped
1 tsp ginger
4 wholegrain wraps or slices of toast
Black pepper","1. Heat olive oil in a pan.
2. Cook peas and spinach until softened.
3. Add the protein and warm through or cook until done.
4. Season lightly with the listed spice.
5. Serve with wholegrain toast or wraps.","Cottage Cheese, peas, spinach and wholewheat couscous create a filling plant-forward meal built from recognisable ingredients and simple seasoning.","category: breakfast
contains cottage cheese
contains peas
contains spinach
contains wholewheat couscous
mild base recipe",tha_library,authored,starter,THA Original Founding Cookbook,tha_original:THA-067,Malaysian-style-cottage-cheese-peas-spinach-egg-skillet
THA-068,"North African-style Lentil, Cabbage & Cherry Tomato Breakfast Wrap",,breakfast,North African-inspired,easy,4,10,10,"1 x 400g tin lentils, drained
1 tbsp olive oil
150g cabbage, chopped
150g cherry tomato, chopped
1 tsp cumin
4 wholegrain wraps or slices of toast
Black pepper","1. Heat olive oil in a pan.
2. Cook cabbage and cherry tomato until softened.
3. Add the protein and warm through or cook until done.
4. Season lightly with the listed spice.
5. Serve with wholegrain toast or wraps.","Lentil, cabbage, cherry tomato and oats create a filling plant-forward meal built from recognisable ingredients and simple seasoning.","category: breakfast
contains lentil
contains cabbage
contains cherry tomato
contains oats
mild base recipe",tha_library,authored,starter,THA Original Founding Cookbook,tha_original:THA-068,north-African-style-lentil-cabbage-cherry-tomato-breakfast-wrap
THA-069,"Californian-style Split Pea, Radish & Red Cabbage Toast Plate",,breakfast,Californian-inspired,easy,4,10,10,"250g split peas
1 tbsp olive oil
150g radish, chopped
150g red cabbage, chopped
1 tsp lime
4 wholegrain wraps or slices of toast
Black pepper","1. Heat olive oil in a pan.
2. Cook radish and red cabbage until softened.
3. Add the protein and warm through or cook until done.
4. Season lightly with the listed spice.
5. Serve with wholegrain toast or wraps.","Split Pea, radish, red cabbage and potato create a filling plant-forward meal built from recognisable ingredients and simple seasoning.","category: breakfast
contains split pea
contains radish
contains red cabbage
contains potato
mild base recipe",tha_library,authored,starter,THA Original Founding Cookbook,tha_original:THA-069,Californian-style-split-pea-radish-red-cabbage-toast-plate
THA-070,"French Country-style Mackerel, Butternut Squash & Pak Choi Breakfast Hash",,breakfast,French country-inspired,easy,4,10,10,"4 quality mackerel fillets or 350g mackerel
1 tbsp olive oil
150g butternut squash, chopped
150g pak choi, chopped
1 tsp thyme
4 wholegrain wraps or slices of toast
Black pepper","1. Heat olive oil in a pan.
2. Cook butternut squash and pak choi until softened.
3. Add the protein and warm through or cook until done.
4. Season lightly with the listed spice.
5. Serve with wholegrain toast or wraps.","Quality mackerel is paired with butternut squash, pak choi and brown basmati rice for a whole-food meal where protein is balanced by vegetables and fibre.","category: breakfast
contains mackerel
contains butternut squash
contains pak choi
contains brown basmati rice
mild base recipe",tha_library,authored,starter,THA Original Founding Cookbook,tha_original:THA-070,french-Country-style-mackerel-butternut-squash-pak-choi-breakfast-hash
THA-071,"Pakistani-style Feta, Parsnip & Cauliflower Egg Skillet 2",,breakfast,Pakistani-inspired,easy,4,10,10,"250g feta
1 tbsp olive oil
150g parsnip, chopped
150g cauliflower, chopped
1 tsp ground cumin
4 wholegrain wraps or slices of toast
Black pepper","1. Heat olive oil in a pan.
2. Cook parsnip and cauliflower until softened.
3. Add the protein and warm through or cook until done.
4. Season lightly with the listed spice.
5. Serve with wholegrain toast or wraps.","Feta, parsnip, cauliflower and oats create a filling plant-forward meal built from recognisable ingredients and simple seasoning.","category: breakfast
contains feta
contains parsnip
contains cauliflower
contains oats
mild base recipe",tha_library,authored,starter,THA Original Founding Cookbook,tha_original:THA-071,Pakistani-style-feta-parsnip-cauliflower-egg-skillet-2
THA-072,"Malaysian-style Cottage Cheese, Asparagus & Peas Breakfast Wrap 2",,breakfast,Malaysian-inspired,easy,4,10,10,"250g cottage cheese
1 tbsp olive oil
150g asparagus, chopped
150g peas, chopped
1 tsp ginger
4 wholegrain wraps or slices of toast
Black pepper","1. Heat olive oil in a pan.
2. Cook asparagus and peas until softened.
3. Add the protein and warm through or cook until done.
4. Season lightly with the listed spice.
5. Serve with wholegrain toast or wraps.","Cottage Cheese, asparagus, peas and wholewheat noodles create a filling plant-forward meal built from recognisable ingredients and simple seasoning.","category: breakfast
contains cottage cheese
contains asparagus
contains peas
contains wholewheat noodles
mild base recipe",tha_library,authored,starter,THA Original Founding Cookbook,tha_original:THA-072,Malaysian-style-cottage-cheese-asparagus-peas-breakfast-wrap-2
THA-073,"North African-style Edamame, Celery & Mushroom Toast Plate",,breakfast,North African-inspired,easy,4,10,10,"250g edamames
1 tbsp olive oil
150g celery, chopped
150g mushroom, chopped
1 tsp cumin
4 wholegrain wraps or slices of toast
Black pepper","1. Heat olive oil in a pan.
2. Cook celery and mushroom until softened.
3. Add the protein and warm through or cook until done.
4. Season lightly with the listed spice.
5. Serve with wholegrain toast or wraps.","Edamame, celery, mushroom and sweet potato create a filling plant-forward meal built from recognisable ingredients and simple seasoning.","category: breakfast
contains edamame
contains celery
contains mushroom
contains sweet potato
mild base recipe",tha_library,authored,starter,THA Original Founding Cookbook,tha_original:THA-073,north-African-style-edamame-celery-mushroom-toast-plate
THA-074,"Californian-style Cannellini Bean, Broccoli & Fennel Breakfast Hash",,breakfast,Californian-inspired,easy,4,10,10,"1 x 400g tin cannellini beans, drained
1 tbsp olive oil
150g broccoli, chopped
150g fennel, chopped
1 tsp lime
4 wholegrain wraps or slices of toast
Black pepper","1. Heat olive oil in a pan.
2. Cook broccoli and fennel until softened.
3. Add the protein and warm through or cook until done.
4. Season lightly with the listed spice.
5. Serve with wholegrain toast or wraps.","Cannellini Bean, broccoli, fennel and oats create a filling plant-forward meal built from recognisable ingredients and simple seasoning.","category: breakfast
contains cannellini bean
contains broccoli
contains fennel
contains oats
mild base recipe",tha_library,authored,starter,THA Original Founding Cookbook,tha_original:THA-074,Californian-style-cannellini-bean-broccoli-fennel-breakfast-hash
THA-075,"French Country-style Cod, Red Pepper & Pumpkin Egg Skillet 2",,breakfast,French country-inspired,easy,4,10,10,"4 quality cod fillets or 350g cod
1 tbsp olive oil
150g red pepper, chopped
150g pumpkin, chopped
1 tsp thyme
4 wholegrain wraps or slices of toast
Black pepper","1. Heat olive oil in a pan.
2. Cook red pepper and pumpkin until softened.
3. Add the protein and warm through or cook until done.
4. Season lightly with the listed spice.
5. Serve with wholegrain toast or wraps.","Quality cod is paired with red pepper, pumpkin and pearl barley for a whole-food meal where protein is balanced by vegetables and fibre.","category: breakfast
contains cod
contains red pepper
contains pumpkin
contains pearl barley
mild base recipe",tha_library,authored,starter,THA Original Founding Cookbook,tha_original:THA-075,french-Country-style-cod-red-pepper-pumpkin-egg-skillet-2
THA-076,"Pakistani-style Feta, Tomato & Green Bean Breakfast Wrap 2",,breakfast,Pakistani-inspired,easy,4,10,10,"250g feta
1 tbsp olive oil
150g tomato, chopped
150g green bean, chopped
1 tsp ground cumin
4 wholegrain wraps or slices of toast
Black pepper","1. Heat olive oil in a pan.
2. Cook tomato and green bean until softened.
3. Add the protein and warm through or cook until done.
4. Season lightly with the listed spice.
5. Serve with wholegrain toast or wraps.","Feta, tomato, green bean and wholemeal flatbread create a filling plant-forward meal built from recognisable ingredients and simple seasoning.","category: breakfast
contains feta
contains tomato
contains green bean
contains wholemeal flatbread
mild base recipe",tha_library,authored,starter,THA Original Founding Cookbook,tha_original:THA-076,Pakistani-style-feta-tomato-green-bean-breakfast-wrap-2
THA-077,"Malaysian-style Cottage Cheese, Peas & Pumpkin Toast Plate 2",,breakfast,Malaysian-inspired,easy,4,10,10,"250g cottage cheese
1 tbsp olive oil
150g peas, chopped
150g pumpkin, chopped
1 tsp ginger
4 wholegrain wraps or slices of toast
Black pepper","1. Heat olive oil in a pan.
2. Cook peas and pumpkin until softened.
3. Add the protein and warm through or cook until done.
4. Season lightly with the listed spice.
5. Serve with wholegrain toast or wraps.","Cottage Cheese, peas, pumpkin and oats create a filling plant-forward meal built from recognisable ingredients and simple seasoning.","category: breakfast
contains cottage cheese
contains peas
contains pumpkin
contains oats
mild base recipe",tha_library,authored,starter,THA Original Founding Cookbook,tha_original:THA-077,Malaysian-style-cottage-cheese-peas-pumpkin-toast-plate-2
THA-078,"North African-style Haricot Bean, Cabbage & Celery Breakfast Hash",,breakfast,North African-inspired,easy,4,10,10,"1 x 400g tin haricot beans, drained
1 tbsp olive oil
150g cabbage, chopped
150g celery, chopped
1 tsp cumin
4 wholegrain wraps or slices of toast
Black pepper","1. Heat olive oil in a pan.
2. Cook cabbage and celery until softened.
3. Add the protein and warm through or cook until done.
4. Season lightly with the listed spice.
5. Serve with wholegrain toast or wraps.","Haricot Bean, cabbage, celery and wholewheat pasta create a filling plant-forward meal built from recognisable ingredients and simple seasoning.","category: breakfast
contains haricot bean
contains cabbage
contains celery
contains wholewheat pasta
mild base recipe",tha_library,authored,starter,THA Original Founding Cookbook,tha_original:THA-078,north-African-style-haricot-bean-cabbage-celery-breakfast-hash
THA-079,"Californian-style Lentil, Radish & Aubergine Egg Skillet",,breakfast,Californian-inspired,easy,4,10,10,"1 x 400g tin lentils, drained
1 tbsp olive oil
150g radish, chopped
150g aubergine, chopped
1 tsp lime
4 wholegrain wraps or slices of toast
Black pepper","1. Heat olive oil in a pan.
2. Cook radish and aubergine until softened.
3. Add the protein and warm through or cook until done.
4. Season lightly with the listed spice.
5. Serve with wholegrain toast or wraps.","Lentil, radish, aubergine and quinoa create a filling plant-forward meal built from recognisable ingredients and simple seasoning.","category: breakfast
contains lentil
contains radish
contains aubergine
contains quinoa
mild base recipe",tha_library,authored,starter,THA Original Founding Cookbook,tha_original:THA-079,Californian-style-lentil-radish-aubergine-egg-skillet
THA-080,"French Country-style Tuna, Butternut Squash & Red Cabbage Breakfast Wrap 2",,breakfast,French country-inspired,easy,4,10,10,"4 quality tuna fillets or 350g tuna
1 tbsp olive oil
150g butternut squash, chopped
150g red cabbage, chopped
1 tsp thyme
4 wholegrain wraps or slices of toast
Black pepper","1. Heat olive oil in a pan.
2. Cook butternut squash and red cabbage until softened.
3. Add the protein and warm through or cook until done.
4. Season lightly with the listed spice.
5. Serve with wholegrain toast or wraps.","Quality tuna is paired with butternut squash, red cabbage and oats for a whole-food meal where protein is balanced by vegetables and fibre.","category: breakfast
contains tuna
contains butternut squash
contains red cabbage
contains oats
mild base recipe",tha_library,authored,starter,THA Original Founding Cookbook,tha_original:THA-080,french-Country-style-tuna-butternut-squash-red-cabbage-breakfast-wrap-2
THA-081,"Pakistani-style Feta, Parsnip & Fennel Toast Plate 2",,breakfast,Pakistani-inspired,easy,4,10,10,"250g feta
1 tbsp olive oil
150g parsnip, chopped
150g fennel, chopped
1 tsp ground cumin
4 wholegrain wraps or slices of toast
Black pepper","1. Heat olive oil in a pan.
2. Cook parsnip and fennel until softened.
3. Add the protein and warm through or cook until done.
4. Season lightly with the listed spice.
5. Serve with wholegrain toast or wraps.","Feta, parsnip, fennel and wholegrain bread create a filling plant-forward meal built from recognisable ingredients and simple seasoning.","category: breakfast
contains feta
contains parsnip
contains fennel
contains wholegrain bread
mild base recipe",tha_library,authored,starter,THA Original Founding Cookbook,tha_original:THA-081,Pakistani-style-feta-parsnip-fennel-toast-plate-2
THA-082,"Malaysian-style Cottage Cheese, Asparagus & Spinach Breakfast Hash 2",,breakfast,Malaysian-inspired,easy,4,10,10,"250g cottage cheese
1 tbsp olive oil
150g asparagus, chopped
150g spinach, chopped
1 tsp ginger
4 wholegrain wraps or slices of toast
Black pepper","1. Heat olive oil in a pan.
2. Cook asparagus and spinach until softened.
3. Add the protein and warm through or cook until done.
4. Season lightly with the listed spice.
5. Serve with wholegrain toast or wraps.","Cottage Cheese, asparagus, spinach and wholewheat couscous create a filling plant-forward meal built from recognisable ingredients and simple seasoning.","category: breakfast
contains cottage cheese
contains asparagus
contains spinach
contains wholewheat couscous
mild base recipe",tha_library,authored,starter,THA Original Founding Cookbook,tha_original:THA-082,Malaysian-style-cottage-cheese-asparagus-spinach-breakfast-hash-2
THA-083,"North African-style Black Bean, Celery & Cherry Tomato Egg Skillet",,breakfast,North African-inspired,easy,4,10,10,"1 x 400g tin black beans, drained
1 tbsp olive oil
150g celery, chopped
150g cherry tomato, chopped
1 tsp cumin
4 wholegrain wraps or slices of toast
Black pepper","1. Heat olive oil in a pan.
2. Cook celery and cherry tomato until softened.
3. Add the protein and warm through or cook until done.
4. Season lightly with the listed spice.
5. Serve with wholegrain toast or wraps.","Black Bean, celery, cherry tomato and oats create a filling plant-forward meal built from recognisable ingredients and simple seasoning.","category: breakfast
contains black bean
contains celery
contains cherry tomato
contains oats
mild base recipe",tha_library,authored,starter,THA Original Founding Cookbook,tha_original:THA-083,north-African-style-black-bean-celery-cherry-tomato-egg-skillet
THA-084,"Californian-style Edamame, Broccoli & Radish Breakfast Wrap",,breakfast,Californian-inspired,easy,4,10,10,"250g edamames
1 tbsp olive oil
150g broccoli, chopped
150g radish, chopped
1 tsp lime
4 wholegrain wraps or slices of toast
Black pepper","1. Heat olive oil in a pan.
2. Cook broccoli and radish until softened.
3. Add the protein and warm through or cook until done.
4. Season lightly with the listed spice.
5. Serve with wholegrain toast or wraps.","Edamame, broccoli, radish and potato create a filling plant-forward meal built from recognisable ingredients and simple seasoning.","category: breakfast
contains edamame
contains broccoli
contains radish
contains potato
mild base recipe",tha_library,authored,starter,THA Original Founding Cookbook,tha_original:THA-084,Californian-style-edamame-broccoli-radish-breakfast-wrap
THA-085,"Moroccan-style Butter Bean, Pumpkin & Green Bean Jacket Potato",,lunch,Moroccan-inspired,medium,4,15,20,"1 tbsp olive oil
1 onion, finely chopped
2 garlic cloves, crushed
1 x 400g tin butter beans, drained
250g pumpkin, chopped
250g green bean, chopped
250g brown rice
1 tsp ground cumin
1 tsp ground coriander
Juice of 1 lemon or lime
Fresh herbs, to serve
Optional chilli flakes or sliced jalapeños, added after serving","1. Heat olive oil in a large pan and cook onion for 6–8 minutes.
2. Add garlic and spices and cook for 1 minute.
3. Add butter bean, pumpkin and green bean, stirring to coat in the flavour base.
4. Add tomatoes, stock or water as listed and simmer until tender.
5. Cook or stir in the brown rice as appropriate for the dish.
6. Season lightly and serve with fresh herbs, with chilli or jalapeños added at the table.","Butter Bean, pumpkin, green bean and brown rice create a filling plant-forward meal built from recognisable ingredients and simple seasoning.","category: lunch
contains butter bean
contains pumpkin
contains green bean
contains brown rice
mild base recipe
lunchbox friendly",tha_library,authored,starter,THA Original Founding Cookbook,tha_original:THA-085,Moroccan-style-butter-bean-pumpkin-green-bean-jacket-potato
THA-086,"Thai-style Sardine, Kale & Pumpkin Frittata",,lunch,Thai-inspired,medium,4,15,20,"1 tbsp olive oil
1 onion, finely chopped
2 garlic cloves, crushed
4 quality sardine fillets or 350g sardine
250g kale, chopped
250g pumpkin, chopped
250g pearl barley
1 tsp ginger
1 tsp lime
200ml reduced-fat coconut milk
Juice of 1 lemon or lime
Fresh herbs, to serve
Optional chilli flakes or sliced jalapeños, added after serving","1. Heat olive oil in a large pan and cook onion for 6–8 minutes.
2. Add garlic and spices and cook for 1 minute.
3. Add sardine, kale and pumpkin, stirring to coat in the flavour base.
4. Add tomatoes, stock or water as listed and simmer until tender.
5. Cook or stir in the pearl barley as appropriate for the dish.
6. Season lightly and serve with fresh herbs, with chilli or jalapeños added at the table.","Quality sardine is paired with kale, pumpkin and pearl barley for a whole-food meal where protein is balanced by vegetables and fibre.","category: lunch
contains sardine
contains kale
contains pumpkin
contains pearl barley
mild base recipe
lunchbox friendly",tha_library,authored,starter,THA Original Founding Cookbook,tha_original:THA-086,Thai-style-sardine-kale-pumpkin-frittata
THA-087,"Peruvian-style Halloumi, Fennel & Celery Lunch Bowl",,lunch,Peruvian-inspired,easy,4,15,20,"1 tbsp olive oil
1 onion, finely chopped
2 garlic cloves, crushed
250g halloumi
250g fennel, chopped
250g celery, chopped
250g wholemeal flatbread
1 tsp cumin
1 tsp lime
Juice of 1 lemon or lime
Fresh herbs, to serve
Optional chilli flakes or sliced jalapeños, added after serving","1. Heat olive oil in a large pan and cook onion for 6–8 minutes.
2. Add garlic and spices and cook for 1 minute.
3. Add halloumi, fennel and celery, stirring to coat in the flavour base.
4. Add tomatoes, stock or water as listed and simmer until tender.
5. Cook or stir in the wholemeal flatbread as appropriate for the dish.
6. Season lightly and serve with fresh herbs, with chilli or jalapeños added at the table.","Halloumi, fennel, celery and wholemeal flatbread create a filling plant-forward meal built from recognisable ingredients and simple seasoning.","category: lunch
contains halloumi
contains fennel
contains celery
contains wholemeal flatbread
mild base recipe
lunchbox friendly",tha_library,authored,starter,THA Original Founding Cookbook,tha_original:THA-087,Peruvian-style-halloumi-fennel-celery-lunch-bowl
THA-088,"British Edamame, Onion & Aubergine Stuffed Pitta",,lunch,British family kitchen,medium,4,15,20,"1 tbsp olive oil
1 onion, finely chopped
2 garlic cloves, crushed
250g edamames
250g onion, chopped
250g aubergine, chopped
250g oats
1 tsp thyme
1 tsp parsley
Juice of 1 lemon or lime
Fresh herbs, to serve
Optional chilli flakes or sliced jalapeños, added after serving","1. Heat olive oil in a large pan and cook onion for 6–8 minutes.
2. Add garlic and spices and cook for 1 minute.
3. Add edamame, onion and aubergine, stirring to coat in the flavour base.
4. Add tomatoes, stock or water as listed and simmer until tender.
5. Cook or stir in the oats as appropriate for the dish.
6. Season lightly and serve with fresh herbs, with chilli or jalapeños added at the table.","Edamame, onion, aubergine and oats create a filling plant-forward meal built from recognisable ingredients and simple seasoning.","category: lunch
contains edamame
contains onion
contains aubergine
contains oats
mild base recipe
lunchbox friendly",tha_library,authored,starter,THA Original Founding Cookbook,tha_original:THA-088,british-edamame-onion-aubergine-stuffed-pitta
THA-089,"Mediterranean-style Tuna, Cauliflower & Red Cabbage Jacket Potato",,lunch,Mediterranean-inspired,medium,4,15,20,"1 tbsp olive oil
1 onion, finely chopped
2 garlic cloves, crushed
4 quality tuna fillets or 350g tuna
250g cauliflower, chopped
250g red cabbage, chopped
250g wholewheat pasta
1 tsp oregano
1 tsp basil
Juice of 1 lemon or lime
Fresh herbs, to serve
Optional chilli flakes or sliced jalapeños, added after serving","1. Heat olive oil in a large pan and cook onion for 6–8 minutes.
2. Add garlic and spices and cook for 1 minute.
3. Add tuna, cauliflower and red cabbage, stirring to coat in the flavour base.
4. Add tomatoes, stock or water as listed and simmer until tender.
5. Cook or stir in the wholewheat pasta as appropriate for the dish.
6. Season lightly and serve with fresh herbs, with chilli or jalapeños added at the table.","Quality tuna is paired with cauliflower, red cabbage and wholewheat pasta for a whole-food meal where protein is balanced by vegetables and fibre.","category: lunch
contains tuna
contains cauliflower
contains red cabbage
contains wholewheat pasta
mild base recipe
lunchbox friendly",tha_library,authored,starter,THA Original Founding Cookbook,tha_original:THA-089,Mediterranean-style-tuna-cauliflower-red-cabbage-jacket-potato
THA-090,"Moroccan-style Egg, Courgette & Parsnip Frittata",,lunch,Moroccan-inspired,medium,4,15,20,"1 tbsp olive oil
1 onion, finely chopped
2 garlic cloves, crushed
6 eggs
250g courgette, chopped
250g parsnip, chopped
250g quinoa
1 tsp ground cumin
1 tsp ground coriander
Juice of 1 lemon or lime
Fresh herbs, to serve
Optional chilli flakes or sliced jalapeños, added after serving","1. Heat olive oil in a large pan and cook onion for 6–8 minutes.
2. Add garlic and spices and cook for 1 minute.
3. Add egg, courgette and parsnip, stirring to coat in the flavour base.
4. Add tomatoes, stock or water as listed and simmer until tender.
5. Cook or stir in the quinoa as appropriate for the dish.
6. Season lightly and serve with fresh herbs, with chilli or jalapeños added at the table.","Egg, courgette, parsnip and quinoa create a filling plant-forward meal built from recognisable ingredients and simple seasoning.","category: lunch
contains egg
contains courgette
contains parsnip
contains quinoa
mild base recipe
lunchbox friendly",tha_library,authored,starter,THA Original Founding Cookbook,tha_original:THA-090,Moroccan-style-egg-courgette-parsnip-frittata
THA-091,"Thai-style Kidney Bean, Cherry Tomato & Spinach Lunch Bowl",,lunch,Thai-inspired,easy,4,15,20,"1 tbsp olive oil
1 onion, finely chopped
2 garlic cloves, crushed
1 x 400g tin kidney beans, drained
250g cherry tomato, chopped
250g spinach, chopped
250g wholegrain wrap
1 tsp ginger
1 tsp lime
200ml reduced-fat coconut milk
Juice of 1 lemon or lime
Fresh herbs, to serve
Optional chilli flakes or sliced jalapeños, added after serving","1. Heat olive oil in a large pan and cook onion for 6–8 minutes.
2. Add garlic and spices and cook for 1 minute.
3. Add kidney bean, cherry tomato and spinach, stirring to coat in the flavour base.
4. Add tomatoes, stock or water as listed and simmer until tender.
5. Cook or stir in the wholegrain wrap as appropriate for the dish.
6. Season lightly and serve with fresh herbs, with chilli or jalapeños added at the table.","Kidney Bean, cherry tomato, spinach and wholegrain wrap create a filling plant-forward meal built from recognisable ingredients and simple seasoning.","category: lunch
contains kidney bean
contains cherry tomato
contains spinach
contains wholegrain wrap
mild base recipe
lunchbox friendly",tha_library,authored,starter,THA Original Founding Cookbook,tha_original:THA-091,Thai-style-kidney-bean-cherry-tomato-spinach-lunch-bowl
THA-092,"Peruvian-style Cod, Sweetcorn & Cherry Tomato Stuffed Pitta",,lunch,Peruvian-inspired,medium,4,15,20,"1 tbsp olive oil
1 onion, finely chopped
2 garlic cloves, crushed
4 quality cod fillets or 350g cod
250g sweetcorn, chopped
250g cherry tomato, chopped
250g wholegrain bread
1 tsp cumin
1 tsp lime
Juice of 1 lemon or lime
Fresh herbs, to serve
Optional chilli flakes or sliced jalapeños, added after serving","1. Heat olive oil in a large pan and cook onion for 6–8 minutes.
2. Add garlic and spices and cook for 1 minute.
3. Add cod, sweetcorn and cherry tomato, stirring to coat in the flavour base.
4. Add tomatoes, stock or water as listed and simmer until tender.
5. Cook or stir in the wholegrain bread as appropriate for the dish.
6. Season lightly and serve with fresh herbs, with chilli or jalapeños added at the table.","Quality cod is paired with sweetcorn, cherry tomato and wholegrain bread for a whole-food meal where protein is balanced by vegetables and fibre.","category: lunch
contains cod
contains sweetcorn
contains cherry tomato
contains wholegrain bread
mild base recipe
lunchbox friendly",tha_library,authored,starter,THA Original Founding Cookbook,tha_original:THA-092,Peruvian-style-cod-sweetcorn-cherry-tomato-stuffed-pitta
THA-093,"British Feta, Red Cabbage & Radish Jacket Potato",,lunch,British family kitchen,medium,4,15,20,"1 tbsp olive oil
1 onion, finely chopped
2 garlic cloves, crushed
250g feta
250g red cabbage, chopped
250g radish, chopped
250g wholewheat couscous
1 tsp thyme
1 tsp parsley
Juice of 1 lemon or lime
Fresh herbs, to serve
Optional chilli flakes or sliced jalapeños, added after serving","1. Heat olive oil in a large pan and cook onion for 6–8 minutes.
2. Add garlic and spices and cook for 1 minute.
3. Add feta, red cabbage and radish, stirring to coat in the flavour base.
4. Add tomatoes, stock or water as listed and simmer until tender.
5. Cook or stir in the wholewheat couscous as appropriate for the dish.
6. Season lightly and serve with fresh herbs, with chilli or jalapeños added at the table.","Feta, red cabbage, radish and wholewheat couscous create a filling plant-forward meal built from recognisable ingredients and simple seasoning.","category: lunch
contains feta
contains red cabbage
contains radish
contains wholewheat couscous
mild base recipe
lunchbox friendly",tha_library,authored,starter,THA Original Founding Cookbook,tha_original:THA-093,british-feta-red-cabbage-radish-jacket-potato
THA-094,"Mediterranean-style Lentil, Cucumber & Pak Choi Frittata",,lunch,Mediterranean-inspired,medium,4,15,20,"1 tbsp olive oil
1 onion, finely chopped
2 garlic cloves, crushed
1 x 400g tin lentils, drained
250g cucumber, chopped
250g pak choi, chopped
250g buckwheat
1 tsp oregano
1 tsp basil
Juice of 1 lemon or lime
Fresh herbs, to serve
Optional chilli flakes or sliced jalapeños, added after serving","1. Heat olive oil in a large pan and cook onion for 6–8 minutes.
2. Add garlic and spices and cook for 1 minute.
3. Add lentil, cucumber and pak choi, stirring to coat in the flavour base.
4. Add tomatoes, stock or water as listed and simmer until tender.
5. Cook or stir in the buckwheat as appropriate for the dish.
6. Season lightly and serve with fresh herbs, with chilli or jalapeños added at the table.","Lentil, cucumber, pak choi and buckwheat create a filling plant-forward meal built from recognisable ingredients and simple seasoning.","category: lunch
contains lentil
contains cucumber
contains pak choi
contains buckwheat
mild base recipe
lunchbox friendly",tha_library,authored,starter,THA Original Founding Cookbook,tha_original:THA-094,Mediterranean-style-lentil-cucumber-pak-choi-frittata
THA-095,"Moroccan-style Mackerel, Pumpkin & Cauliflower Lunch Bowl",,lunch,Moroccan-inspired,easy,4,15,20,"1 tbsp olive oil
1 onion, finely chopped
2 garlic cloves, crushed
4 quality mackerel fillets or 350g mackerel
250g pumpkin, chopped
250g cauliflower, chopped
250g potato
1 tsp ground cumin
1 tsp ground coriander
Juice of 1 lemon or lime
Fresh herbs, to serve
Optional chilli flakes or sliced jalapeños, added after serving","1. Heat olive oil in a large pan and cook onion for 6–8 minutes.
2. Add garlic and spices and cook for 1 minute.
3. Add mackerel, pumpkin and cauliflower, stirring to coat in the flavour base.
4. Add tomatoes, stock or water as listed and simmer until tender.
5. Cook or stir in the potato as appropriate for the dish.
6. Season lightly and serve with fresh herbs, with chilli or jalapeños added at the table.","Quality mackerel is paired with pumpkin, cauliflower and potato for a whole-food meal where protein is balanced by vegetables and fibre.","category: lunch
contains mackerel
contains pumpkin
contains cauliflower
contains potato
mild base recipe
lunchbox friendly",tha_library,authored,starter,THA Original Founding Cookbook,tha_original:THA-095,Moroccan-style-mackerel-pumpkin-cauliflower-lunch-bowl
THA-096,"Thai-style Greek Yoghurt, Kale & Peas Stuffed Pitta",,lunch,Thai-inspired,medium,4,15,20,"1 tbsp olive oil
1 onion, finely chopped
2 garlic cloves, crushed
250g Greek yoghurt
250g kale, chopped
250g peas, chopped
250g brown basmati rice
1 tsp ginger
1 tsp lime
200ml reduced-fat coconut milk
Juice of 1 lemon or lime
Fresh herbs, to serve
Optional chilli flakes or sliced jalapeños, added after serving","1. Heat olive oil in a large pan and cook onion for 6–8 minutes.
2. Add garlic and spices and cook for 1 minute.
3. Add Greek yoghurt, kale and peas, stirring to coat in the flavour base.
4. Add tomatoes, stock or water as listed and simmer until tender.
5. Cook or stir in the brown basmati rice as appropriate for the dish.
6. Season lightly and serve with fresh herbs, with chilli or jalapeños added at the table.","Greek Yoghurt, kale, peas and brown basmati rice create a filling plant-forward meal built from recognisable ingredients and simple seasoning.","category: lunch
contains Greek yoghurt
contains kale
contains peas
contains brown basmati rice
mild base recipe
lunchbox friendly",tha_library,authored,starter,THA Original Founding Cookbook,tha_original:THA-096,Thai-style-greek-yoghurt-kale-peas-stuffed-pitta
THA-097,"Peruvian-style Tofu, Fennel & Mushroom Jacket Potato",,lunch,Peruvian-inspired,medium,4,15,20,"1 tbsp olive oil
1 onion, finely chopped
2 garlic cloves, crushed
280g firm tofu, cubed
250g fennel, chopped
250g mushroom, chopped
250g bulgur wheat
1 tsp cumin
1 tsp lime
Juice of 1 lemon or lime
Fresh herbs, to serve
Optional chilli flakes or sliced jalapeños, added after serving","1. Heat olive oil in a large pan and cook onion for 6–8 minutes.
2. Add garlic and spices and cook for 1 minute.
3. Add tofu, fennel and mushroom, stirring to coat in the flavour base.
4. Add tomatoes, stock or water as listed and simmer until tender.
5. Cook or stir in the bulgur wheat as appropriate for the dish.
6. Season lightly and serve with fresh herbs, with chilli or jalapeños added at the table.","Tofu, fennel, mushroom and bulgur wheat create a filling plant-forward meal built from recognisable ingredients and simple seasoning.","category: lunch
contains tofu
contains fennel
contains mushroom
contains bulgur wheat
mild base recipe
lunchbox friendly",tha_library,authored,starter,THA Original Founding Cookbook,tha_original:THA-097,Peruvian-style-tofu-fennel-mushroom-jacket-potato
THA-098,"British Sardine, Onion & Fennel Frittata",,lunch,British family kitchen,medium,4,15,20,"1 tbsp olive oil
1 onion, finely chopped
2 garlic cloves, crushed
4 quality sardine fillets or 350g sardine
250g onion, chopped
250g fennel, chopped
250g wholewheat noodles
1 tsp thyme
1 tsp parsley
Juice of 1 lemon or lime
Fresh herbs, to serve
Optional chilli flakes or sliced jalapeños, added after serving","1. Heat olive oil in a large pan and cook onion for 6–8 minutes.
2. Add garlic and spices and cook for 1 minute.
3. Add sardine, onion and fennel, stirring to coat in the flavour base.
4. Add tomatoes, stock or water as listed and simmer until tender.
5. Cook or stir in the wholewheat noodles as appropriate for the dish.
6. Season lightly and serve with fresh herbs, with chilli or jalapeños added at the table.","Quality sardine is paired with onion, fennel and wholewheat noodles for a whole-food meal where protein is balanced by vegetables and fibre.","category: lunch
contains sardine
contains onion
contains fennel
contains wholewheat noodles
mild base recipe
lunchbox friendly",tha_library,authored,starter,THA Original Founding Cookbook,tha_original:THA-098,british-sardine-onion-fennel-frittata
THA-099,"Mediterranean-style Cottage Cheese, Cauliflower & Red Pepper Lunch Bowl",,lunch,Mediterranean-inspired,easy,4,15,20,"1 tbsp olive oil
1 onion, finely chopped
2 garlic cloves, crushed
250g cottage cheese
250g cauliflower, chopped
250g red pepper, chopped
250g sweet potato
1 tsp oregano
1 tsp basil
Juice of 1 lemon or lime
Fresh herbs, to serve
Optional chilli flakes or sliced jalapeños, added after serving","1. Heat olive oil in a large pan and cook onion for 6–8 minutes.
2. Add garlic and spices and cook for 1 minute.
3. Add cottage cheese, cauliflower and red pepper, stirring to coat in the flavour base.
4. Add tomatoes, stock or water as listed and simmer until tender.
5. Cook or stir in the sweet potato as appropriate for the dish.
6. Season lightly and serve with fresh herbs, with chilli or jalapeños added at the table.","Cottage Cheese, cauliflower, red pepper and sweet potato create a filling plant-forward meal built from recognisable ingredients and simple seasoning.","category: lunch
contains cottage cheese
contains cauliflower
contains red pepper
contains sweet potato
mild base recipe
lunchbox friendly",tha_library,authored,starter,THA Original Founding Cookbook,tha_original:THA-099,Mediterranean-style-cottage-cheese-cauliflower-red-pepper-lunch-bowl
THA-100,"Moroccan-style Cannellini Bean, Courgette & Green Bean Stuffed Pitta",,lunch,Moroccan-inspired,medium,4,15,20,"1 tbsp olive oil
1 onion, finely chopped
2 garlic cloves, crushed
1 x 400g tin cannellini beans, drained
250g courgette, chopped
250g green bean, chopped
250g brown rice
1 tsp ground cumin
1 tsp ground coriander
Juice of 1 lemon or lime
Fresh herbs, to serve
Optional chilli flakes or sliced jalapeños, added after serving","1. Heat olive oil in a large pan and cook onion for 6–8 minutes.
2. Add garlic and spices and cook for 1 minute.
3. Add cannellini bean, courgette and green bean, stirring to coat in the flavour base.
4. Add tomatoes, stock or water as listed and simmer until tender.
5. Cook or stir in the brown rice as appropriate for the dish.
6. Season lightly and serve with fresh herbs, with chilli or jalapeños added at the table.","Cannellini Bean, courgette, green bean and brown rice create a filling plant-forward meal built from recognisable ingredients and simple seasoning.","category: lunch
contains cannellini bean
contains courgette
contains green bean
contains brown rice
mild base recipe
lunchbox friendly",tha_library,authored,starter,THA Original Founding Cookbook,tha_original:THA-100,Moroccan-style-cannellini-bean-courgette-green-bean-stuffed-pitta
THA-101,"Thai-style Tuna, Cherry Tomato & Pumpkin Jacket Potato",,lunch,Thai-inspired,medium,4,15,20,"1 tbsp olive oil
1 onion, finely chopped
2 garlic cloves, crushed
4 quality tuna fillets or 350g tuna
250g cherry tomato, chopped
250g pumpkin, chopped
250g pearl barley
1 tsp ginger
1 tsp lime
200ml reduced-fat coconut milk
Juice of 1 lemon or lime
Fresh herbs, to serve
Optional chilli flakes or sliced jalapeños, added after serving","1. Heat olive oil in a large pan and cook onion for 6–8 minutes.
2. Add garlic and spices and cook for 1 minute.
3. Add tuna, cherry tomato and pumpkin, stirring to coat in the flavour base.
4. Add tomatoes, stock or water as listed and simmer until tender.
5. Cook or stir in the pearl barley as appropriate for the dish.
6. Season lightly and serve with fresh herbs, with chilli or jalapeños added at the table.","Quality tuna is paired with cherry tomato, pumpkin and pearl barley for a whole-food meal where protein is balanced by vegetables and fibre.","category: lunch
contains tuna
contains cherry tomato
contains pumpkin
contains pearl barley
mild base recipe
lunchbox friendly",tha_library,authored,starter,THA Original Founding Cookbook,tha_original:THA-101,Thai-style-tuna-cherry-tomato-pumpkin-jacket-potato
THA-102,"Peruvian-style Halloumi, Sweetcorn & Celery Frittata",,lunch,Peruvian-inspired,medium,4,15,20,"1 tbsp olive oil
1 onion, finely chopped
2 garlic cloves, crushed
250g halloumi
250g sweetcorn, chopped
250g celery, chopped
250g wholemeal flatbread
1 tsp cumin
1 tsp lime
Juice of 1 lemon or lime
Fresh herbs, to serve
Optional chilli flakes or sliced jalapeños, added after serving","1. Heat olive oil in a large pan and cook onion for 6–8 minutes.
2. Add garlic and spices and cook for 1 minute.
3. Add halloumi, sweetcorn and celery, stirring to coat in the flavour base.
4. Add tomatoes, stock or water as listed and simmer until tender.
5. Cook or stir in the wholemeal flatbread as appropriate for the dish.
6. Season lightly and serve with fresh herbs, with chilli or jalapeños added at the table.","Halloumi, sweetcorn, celery and wholemeal flatbread create a filling plant-forward meal built from recognisable ingredients and simple seasoning.","category: lunch
contains halloumi
contains sweetcorn
contains celery
contains wholemeal flatbread
mild base recipe
lunchbox friendly",tha_library,authored,starter,THA Original Founding Cookbook,tha_original:THA-102,Peruvian-style-halloumi-sweetcorn-celery-frittata
THA-103,"British Chickpea, Red Cabbage & Aubergine Lunch Bowl",,lunch,British family kitchen,easy,4,15,20,"1 tbsp olive oil
1 onion, finely chopped
2 garlic cloves, crushed
1 x 400g tin chickpeas, drained
250g red cabbage, chopped
250g aubergine, chopped
250g oats
1 tsp thyme
1 tsp parsley
Juice of 1 lemon or lime
Fresh herbs, to serve
Optional chilli flakes or sliced jalapeños, added after serving","1. Heat olive oil in a large pan and cook onion for 6–8 minutes.
2. Add garlic and spices and cook for 1 minute.
3. Add chickpea, red cabbage and aubergine, stirring to coat in the flavour base.
4. Add tomatoes, stock or water as listed and simmer until tender.
5. Cook or stir in the oats as appropriate for the dish.
6. Season lightly and serve with fresh herbs, with chilli or jalapeños added at the table.","Chickpea, red cabbage, aubergine and oats create a filling plant-forward meal built from recognisable ingredients and simple seasoning.","category: lunch
contains chickpea
contains red cabbage
contains aubergine
contains oats
mild base recipe
lunchbox friendly",tha_library,authored,starter,THA Original Founding Cookbook,tha_original:THA-103,british-chickpea-red-cabbage-aubergine-lunch-bowl
THA-104,"Mediterranean-style Cod, Cucumber & Red Cabbage Stuffed Pitta",,lunch,Mediterranean-inspired,medium,4,15,20,"1 tbsp olive oil
1 onion, finely chopped
2 garlic cloves, crushed
4 quality cod fillets or 350g cod
250g cucumber, chopped
250g red cabbage, chopped
250g wholewheat pasta
1 tsp oregano
1 tsp basil
Juice of 1 lemon or lime
Fresh herbs, to serve
Optional chilli flakes or sliced jalapeños, added after serving","1. Heat olive oil in a large pan and cook onion for 6–8 minutes.
2. Add garlic and spices and cook for 1 minute.
3. Add cod, cucumber and red cabbage, stirring to coat in the flavour base.
4. Add tomatoes, stock or water as listed and simmer until tender.
5. Cook or stir in the wholewheat pasta as appropriate for the dish.
6. Season lightly and serve with fresh herbs, with chilli or jalapeños added at the table.","Quality cod is paired with cucumber, red cabbage and wholewheat pasta for a whole-food meal where protein is balanced by vegetables and fibre.","category: lunch
contains cod
contains cucumber
contains red cabbage
contains wholewheat pasta
mild base recipe
lunchbox friendly",tha_library,authored,starter,THA Original Founding Cookbook,tha_original:THA-104,Mediterranean-style-cod-cucumber-red-cabbage-stuffed-pitta
THA-105,"Moroccan-style Egg, Pumpkin & Parsnip Jacket Potato",,lunch,Moroccan-inspired,medium,4,15,20,"1 tbsp olive oil
1 onion, finely chopped
2 garlic cloves, crushed
6 eggs
250g pumpkin, chopped
250g parsnip, chopped
250g quinoa
1 tsp ground cumin
1 tsp ground coriander
Juice of 1 lemon or lime
Fresh herbs, to serve
Optional chilli flakes or sliced jalapeños, added after serving","1. Heat olive oil in a large pan and cook onion for 6–8 minutes.
2. Add garlic and spices and cook for 1 minute.
3. Add egg, pumpkin and parsnip, stirring to coat in the flavour base.
4. Add tomatoes, stock or water as listed and simmer until tender.
5. Cook or stir in the quinoa as appropriate for the dish.
6. Season lightly and serve with fresh herbs, with chilli or jalapeños added at the table.","Egg, pumpkin, parsnip and quinoa create a filling plant-forward meal built from recognisable ingredients and simple seasoning.","category: lunch
contains egg
contains pumpkin
contains parsnip
contains quinoa
mild base recipe
lunchbox friendly",tha_library,authored,starter,THA Original Founding Cookbook,tha_original:THA-105,Moroccan-style-egg-pumpkin-parsnip-jacket-potato
THA-106,"Thai-style Split Pea, Kale & Spinach Frittata",,lunch,Thai-inspired,medium,4,15,20,"1 tbsp olive oil
1 onion, finely chopped
2 garlic cloves, crushed
250g split peas
250g kale, chopped
250g spinach, chopped
250g wholegrain wrap
1 tsp ginger
1 tsp lime
200ml reduced-fat coconut milk
Juice of 1 lemon or lime
Fresh herbs, to serve
Optional chilli flakes or sliced jalapeños, added after serving","1. Heat olive oil in a large pan and cook onion for 6–8 minutes.
2. Add garlic and spices and cook for 1 minute.
3. Add split pea, kale and spinach, stirring to coat in the flavour base.
4. Add tomatoes, stock or water as listed and simmer until tender.
5. Cook or stir in the wholegrain wrap as appropriate for the dish.
6. Season lightly and serve with fresh herbs, with chilli or jalapeños added at the table.","Split Pea, kale, spinach and wholegrain wrap create a filling plant-forward meal built from recognisable ingredients and simple seasoning.","category: lunch
contains split pea
contains kale
contains spinach
contains wholegrain wrap
mild base recipe
lunchbox friendly",tha_library,authored,starter,THA Original Founding Cookbook,tha_original:THA-106,Thai-style-split-pea-kale-spinach-frittata
THA-107,"Peruvian-style Mackerel, Fennel & Cherry Tomato Lunch Bowl",,lunch,Peruvian-inspired,easy,4,15,20,"1 tbsp olive oil
1 onion, finely chopped
2 garlic cloves, crushed
4 quality mackerel fillets or 350g mackerel
250g fennel, chopped
250g cherry tomato, chopped
250g wholegrain bread
1 tsp cumin
1 tsp lime
Juice of 1 lemon or lime
Fresh herbs, to serve
Optional chilli flakes or sliced jalapeños, added after serving","1. Heat olive oil in a large pan and cook onion for 6–8 minutes.
2. Add garlic and spices and cook for 1 minute.
3. Add mackerel, fennel and cherry tomato, stirring to coat in the flavour base.
4. Add tomatoes, stock or water as listed and simmer until tender.
5. Cook or stir in the wholegrain bread as appropriate for the dish.
6. Season lightly and serve with fresh herbs, with chilli or jalapeños added at the table.","Quality mackerel is paired with fennel, cherry tomato and wholegrain bread for a whole-food meal where protein is balanced by vegetables and fibre.","category: lunch
contains mackerel
contains fennel
contains cherry tomato
contains wholegrain bread
mild base recipe
lunchbox friendly",tha_library,authored,starter,THA Original Founding Cookbook,tha_original:THA-107,Peruvian-style-mackerel-fennel-cherry-tomato-lunch-bowl
THA-108,"British Feta, Onion & Radish Stuffed Pitta",,lunch,British family kitchen,medium,4,15,20,"1 tbsp olive oil
1 onion, finely chopped
2 garlic cloves, crushed
250g feta
250g onion, chopped
250g radish, chopped
250g wholewheat couscous
1 tsp thyme
1 tsp parsley
Juice of 1 lemon or lime
Fresh herbs, to serve
Optional chilli flakes or sliced jalapeños, added after serving","1. Heat olive oil in a large pan and cook onion for 6–8 minutes.
2. Add garlic and spices and cook for 1 minute.
3. Add feta, onion and radish, stirring to coat in the flavour base.
4. Add tomatoes, stock or water as listed and simmer until tender.
5. Cook or stir in the wholewheat couscous as appropriate for the dish.
6. Season lightly and serve with fresh herbs, with chilli or jalapeños added at the table.","Feta, onion, radish and wholewheat couscous create a filling plant-forward meal built from recognisable ingredients and simple seasoning.","category: lunch
contains feta
contains onion
contains radish
contains wholewheat couscous
mild base recipe
lunchbox friendly",tha_library,authored,starter,THA Original Founding Cookbook,tha_original:THA-108,british-feta-onion-radish-stuffed-pitta
THA-109,"Mediterranean-style Black Bean, Cauliflower & Pak Choi Jacket Potato",,lunch,Mediterranean-inspired,medium,4,15,20,"1 tbsp olive oil
1 onion, finely chopped
2 garlic cloves, crushed
1 x 400g tin black beans, drained
250g cauliflower, chopped
250g pak choi, chopped
250g buckwheat
1 tsp oregano
1 tsp basil
Juice of 1 lemon or lime
Fresh herbs, to serve
Optional chilli flakes or sliced jalapeños, added after serving","1. Heat olive oil in a large pan and cook onion for 6–8 minutes.
2. Add garlic and spices and cook for 1 minute.
3. Add black bean, cauliflower and pak choi, stirring to coat in the flavour base.
4. Add tomatoes, stock or water as listed and simmer until tender.
5. Cook or stir in the buckwheat as appropriate for the dish.
6. Season lightly and serve with fresh herbs, with chilli or jalapeños added at the table.","Black Bean, cauliflower, pak choi and buckwheat create a filling plant-forward meal built from recognisable ingredients and simple seasoning.","category: lunch
contains black bean
contains cauliflower
contains pak choi
contains buckwheat
mild base recipe
lunchbox friendly",tha_library,authored,starter,THA Original Founding Cookbook,tha_original:THA-109,Mediterranean-style-black-bean-cauliflower-pak-choi-jacket-potato
THA-110,"Moroccan-style Sardine, Courgette & Cauliflower Frittata",,lunch,Moroccan-inspired,medium,4,15,20,"1 tbsp olive oil
1 onion, finely chopped
2 garlic cloves, crushed
4 quality sardine fillets or 350g sardine
250g courgette, chopped
250g cauliflower, chopped
250g potato
1 tsp ground cumin
1 tsp ground coriander
Juice of 1 lemon or lime
Fresh herbs, to serve
Optional chilli flakes or sliced jalapeños, added after serving","1. Heat olive oil in a large pan and cook onion for 6–8 minutes.
2. Add garlic and spices and cook for 1 minute.
3. Add sardine, courgette and cauliflower, stirring to coat in the flavour base.
4. Add tomatoes, stock or water as listed and simmer until tender.
5. Cook or stir in the potato as appropriate for the dish.
6. Season lightly and serve with fresh herbs, with chilli or jalapeños added at the table.","Quality sardine is paired with courgette, cauliflower and potato for a whole-food meal where protein is balanced by vegetables and fibre.","category: lunch
contains sardine
contains courgette
contains cauliflower
contains potato
mild base recipe
lunchbox friendly",tha_library,authored,starter,THA Original Founding Cookbook,tha_original:THA-110,Moroccan-style-sardine-courgette-cauliflower-frittata
THA-111,"Thai-style Greek Yoghurt, Cherry Tomato & Peas Lunch Bowl",,lunch,Thai-inspired,easy,4,15,20,"1 tbsp olive oil
1 onion, finely chopped
2 garlic cloves, crushed
250g Greek yoghurt
250g cherry tomato, chopped
250g peas, chopped
250g brown basmati rice
1 tsp ginger
1 tsp lime
200ml reduced-fat coconut milk
Juice of 1 lemon or lime
Fresh herbs, to serve
Optional chilli flakes or sliced jalapeños, added after serving","1. Heat olive oil in a large pan and cook onion for 6–8 minutes.
2. Add garlic and spices and cook for 1 minute.
3. Add Greek yoghurt, cherry tomato and peas, stirring to coat in the flavour base.
4. Add tomatoes, stock or water as listed and simmer until tender.
5. Cook or stir in the brown basmati rice as appropriate for the dish.
6. Season lightly and serve with fresh herbs, with chilli or jalapeños added at the table.","Greek Yoghurt, cherry tomato, peas and brown basmati rice create a filling plant-forward meal built from recognisable ingredients and simple seasoning.","category: lunch
contains Greek yoghurt
contains cherry tomato
contains peas
contains brown basmati rice
mild base recipe
lunchbox friendly",tha_library,authored,starter,THA Original Founding Cookbook,tha_original:THA-111,Thai-style-greek-yoghurt-cherry-tomato-peas-lunch-bowl
THA-112,"Peruvian-style Green Pea, Sweetcorn & Mushroom Stuffed Pitta",,lunch,Peruvian-inspired,medium,4,15,20,"1 tbsp olive oil
1 onion, finely chopped
2 garlic cloves, crushed
250g green peas
250g sweetcorn, chopped
250g mushroom, chopped
250g bulgur wheat
1 tsp cumin
1 tsp lime
Juice of 1 lemon or lime
Fresh herbs, to serve
Optional chilli flakes or sliced jalapeños, added after serving","1. Heat olive oil in a large pan and cook onion for 6–8 minutes.
2. Add garlic and spices and cook for 1 minute.
3. Add green pea, sweetcorn and mushroom, stirring to coat in the flavour base.
4. Add tomatoes, stock or water as listed and simmer until tender.
5. Cook or stir in the bulgur wheat as appropriate for the dish.
6. Season lightly and serve with fresh herbs, with chilli or jalapeños added at the table.","Green Pea, sweetcorn, mushroom and bulgur wheat create a filling plant-forward meal built from recognisable ingredients and simple seasoning.","category: lunch
contains green pea
contains sweetcorn
contains mushroom
contains bulgur wheat
mild base recipe
lunchbox friendly",tha_library,authored,starter,THA Original Founding Cookbook,tha_original:THA-112,Peruvian-style-green-pea-sweetcorn-mushroom-stuffed-pitta
THA-113,"British Tuna, Red Cabbage & Fennel Jacket Potato",,lunch,British family kitchen,medium,4,15,20,"1 tbsp olive oil
1 onion, finely chopped
2 garlic cloves, crushed
4 quality tuna fillets or 350g tuna
250g red cabbage, chopped
250g fennel, chopped
250g wholewheat noodles
1 tsp thyme
1 tsp parsley
Juice of 1 lemon or lime
Fresh herbs, to serve
Optional chilli flakes or sliced jalapeños, added after serving","1. Heat olive oil in a large pan and cook onion for 6–8 minutes.
2. Add garlic and spices and cook for 1 minute.
3. Add tuna, red cabbage and fennel, stirring to coat in the flavour base.
4. Add tomatoes, stock or water as listed and simmer until tender.
5. Cook or stir in the wholewheat noodles as appropriate for the dish.
6. Season lightly and serve with fresh herbs, with chilli or jalapeños added at the table.","Quality tuna is paired with red cabbage, fennel and wholewheat noodles for a whole-food meal where protein is balanced by vegetables and fibre.","category: lunch
contains tuna
contains red cabbage
contains fennel
contains wholewheat noodles
mild base recipe
lunchbox friendly",tha_library,authored,starter,THA Original Founding Cookbook,tha_original:THA-113,british-tuna-red-cabbage-fennel-jacket-potato
THA-114,"Mediterranean-style Cottage Cheese, Cucumber & Red Pepper Frittata",,lunch,Mediterranean-inspired,medium,4,15,20,"1 tbsp olive oil
1 onion, finely chopped
2 garlic cloves, crushed
250g cottage cheese
250g cucumber, chopped
250g red pepper, chopped
250g sweet potato
1 tsp oregano
1 tsp basil
Juice of 1 lemon or lime
Fresh herbs, to serve
Optional chilli flakes or sliced jalapeños, added after serving","1. Heat olive oil in a large pan and cook onion for 6–8 minutes.
2. Add garlic and spices and cook for 1 minute.
3. Add cottage cheese, cucumber and red pepper, stirring to coat in the flavour base.
4. Add tomatoes, stock or water as listed and simmer until tender.
5. Cook or stir in the sweet potato as appropriate for the dish.
6. Season lightly and serve with fresh herbs, with chilli or jalapeños added at the table.","Cottage Cheese, cucumber, red pepper and sweet potato create a filling plant-forward meal built from recognisable ingredients and simple seasoning.","category: lunch
contains cottage cheese
contains cucumber
contains red pepper
contains sweet potato
mild base recipe
lunchbox friendly",tha_library,authored,starter,THA Original Founding Cookbook,tha_original:THA-114,Mediterranean-style-cottage-cheese-cucumber-red-pepper-frittata
THA-115,"Moroccan-style Haricot Bean, Pumpkin & Green Bean Lunch Bowl",,lunch,Moroccan-inspired,easy,4,15,20,"1 tbsp olive oil
1 onion, finely chopped
2 garlic cloves, crushed
1 x 400g tin haricot beans, drained
250g pumpkin, chopped
250g green bean, chopped
250g brown rice
1 tsp ground cumin
1 tsp ground coriander
Juice of 1 lemon or lime
Fresh herbs, to serve
Optional chilli flakes or sliced jalapeños, added after serving","1. Heat olive oil in a large pan and cook onion for 6–8 minutes.
2. Add garlic and spices and cook for 1 minute.
3. Add haricot bean, pumpkin and green bean, stirring to coat in the flavour base.
4. Add tomatoes, stock or water as listed and simmer until tender.
5. Cook or stir in the brown rice as appropriate for the dish.
6. Season lightly and serve with fresh herbs, with chilli or jalapeños added at the table.","Haricot Bean, pumpkin, green bean and brown rice create a filling plant-forward meal built from recognisable ingredients and simple seasoning.","category: lunch
contains haricot bean
contains pumpkin
contains green bean
contains brown rice
mild base recipe
lunchbox friendly",tha_library,authored,starter,THA Original Founding Cookbook,tha_original:THA-115,Moroccan-style-haricot-bean-pumpkin-green-bean-lunch-bowl
THA-116,"Thai-style Cod, Kale & Pumpkin Stuffed Pitta",,lunch,Thai-inspired,medium,4,15,20,"1 tbsp olive oil
1 onion, finely chopped
2 garlic cloves, crushed
4 quality cod fillets or 350g cod
250g kale, chopped
250g pumpkin, chopped
250g pearl barley
1 tsp ginger
1 tsp lime
200ml reduced-fat coconut milk
Juice of 1 lemon or lime
Fresh herbs, to serve
Optional chilli flakes or sliced jalapeños, added after serving","1. Heat olive oil in a large pan and cook onion for 6–8 minutes.
2. Add garlic and spices and cook for 1 minute.
3. Add cod, kale and pumpkin, stirring to coat in the flavour base.
4. Add tomatoes, stock or water as listed and simmer until tender.
5. Cook or stir in the pearl barley as appropriate for the dish.
6. Season lightly and serve with fresh herbs, with chilli or jalapeños added at the table.","Quality cod is paired with kale, pumpkin and pearl barley for a whole-food meal where protein is balanced by vegetables and fibre.","category: lunch
contains cod
contains kale
contains pumpkin
contains pearl barley
mild base recipe
lunchbox friendly",tha_library,authored,starter,THA Original Founding Cookbook,tha_original:THA-116,Thai-style-cod-kale-pumpkin-stuffed-pitta
THA-117,"Peruvian-style Halloumi, Fennel & Celery Jacket Potato",,lunch,Peruvian-inspired,medium,4,15,20,"1 tbsp olive oil
1 onion, finely chopped
2 garlic cloves, crushed
250g halloumi
250g fennel, chopped
250g celery, chopped
250g wholemeal flatbread
1 tsp cumin
1 tsp lime
Juice of 1 lemon or lime
Fresh herbs, to serve
Optional chilli flakes or sliced jalapeños, added after serving","1. Heat olive oil in a large pan and cook onion for 6–8 minutes.
2. Add garlic and spices and cook for 1 minute.
3. Add halloumi, fennel and celery, stirring to coat in the flavour base.
4. Add tomatoes, stock or water as listed and simmer until tender.
5. Cook or stir in the wholemeal flatbread as appropriate for the dish.
6. Season lightly and serve with fresh herbs, with chilli or jalapeños added at the table.","Halloumi, fennel, celery and wholemeal flatbread create a filling plant-forward meal built from recognisable ingredients and simple seasoning.","category: lunch
contains halloumi
contains fennel
contains celery
contains wholemeal flatbread
mild base recipe
lunchbox friendly",tha_library,authored,starter,THA Original Founding Cookbook,tha_original:THA-117,Peruvian-style-halloumi-fennel-celery-jacket-potato
THA-118,"British Butter Bean, Onion & Aubergine Frittata",,lunch,British family kitchen,medium,4,15,20,"1 tbsp olive oil
1 onion, finely chopped
2 garlic cloves, crushed
1 x 400g tin butter beans, drained
250g onion, chopped
250g aubergine, chopped
250g oats
1 tsp thyme
1 tsp parsley
Juice of 1 lemon or lime
Fresh herbs, to serve
Optional chilli flakes or sliced jalapeños, added after serving","1. Heat olive oil in a large pan and cook onion for 6–8 minutes.
2. Add garlic and spices and cook for 1 minute.
3. Add butter bean, onion and aubergine, stirring to coat in the flavour base.
4. Add tomatoes, stock or water as listed and simmer until tender.
5. Cook or stir in the oats as appropriate for the dish.
6. Season lightly and serve with fresh herbs, with chilli or jalapeños added at the table.","Butter Bean, onion, aubergine and oats create a filling plant-forward meal built from recognisable ingredients and simple seasoning.","category: lunch
contains butter bean
contains onion
contains aubergine
contains oats
mild base recipe
lunchbox friendly",tha_library,authored,starter,THA Original Founding Cookbook,tha_original:THA-118,british-butter-bean-onion-aubergine-frittata
THA-119,"Mediterranean-style Mackerel, Cauliflower & Red Cabbage Lunch Bowl",,lunch,Mediterranean-inspired,easy,4,15,20,"1 tbsp olive oil
1 onion, finely chopped
2 garlic cloves, crushed
4 quality mackerel fillets or 350g mackerel
250g cauliflower, chopped
250g red cabbage, chopped
250g wholewheat pasta
1 tsp oregano
1 tsp basil
Juice of 1 lemon or lime
Fresh herbs, to serve
Optional chilli flakes or sliced jalapeños, added after serving","1. Heat olive oil in a large pan and cook onion for 6–8 minutes.
2. Add garlic and spices and cook for 1 minute.
3. Add mackerel, cauliflower and red cabbage, stirring to coat in the flavour base.
4. Add tomatoes, stock or water as listed and simmer until tender.
5. Cook or stir in the wholewheat pasta as appropriate for the dish.
6. Season lightly and serve with fresh herbs, with chilli or jalapeños added at the table.","Quality mackerel is paired with cauliflower, red cabbage and wholewheat pasta for a whole-food meal where protein is balanced by vegetables and fibre.","category: lunch
contains mackerel
contains cauliflower
contains red cabbage
contains wholewheat pasta
mild base recipe
lunchbox friendly",tha_library,authored,starter,THA Original Founding Cookbook,tha_original:THA-119,Mediterranean-style-mackerel-cauliflower-red-cabbage-lunch-bowl
THA-120,"Moroccan-style Egg, Courgette & Parsnip Stuffed Pitta",,lunch,Moroccan-inspired,medium,4,15,20,"1 tbsp olive oil
1 onion, finely chopped
2 garlic cloves, crushed
6 eggs
250g courgette, chopped
250g parsnip, chopped
250g quinoa
1 tsp ground cumin
1 tsp ground coriander
Juice of 1 lemon or lime
Fresh herbs, to serve
Optional chilli flakes or sliced jalapeños, added after serving","1. Heat olive oil in a large pan and cook onion for 6–8 minutes.
2. Add garlic and spices and cook for 1 minute.
3. Add egg, courgette and parsnip, stirring to coat in the flavour base.
4. Add tomatoes, stock or water as listed and simmer until tender.
5. Cook or stir in the quinoa as appropriate for the dish.
6. Season lightly and serve with fresh herbs, with chilli or jalapeños added at the table.","Egg, courgette, parsnip and quinoa create a filling plant-forward meal built from recognisable ingredients and simple seasoning.","category: lunch
contains egg
contains courgette
contains parsnip
contains quinoa
mild base recipe
lunchbox friendly",tha_library,authored,starter,THA Original Founding Cookbook,tha_original:THA-120,Moroccan-style-egg-courgette-parsnip-stuffed-pitta
THA-121,"Thai-style Edamame, Cherry Tomato & Spinach Jacket Potato",,lunch,Thai-inspired,medium,4,15,20,"1 tbsp olive oil
1 onion, finely chopped
2 garlic cloves, crushed
250g edamames
250g cherry tomato, chopped
250g spinach, chopped
250g wholegrain wrap
1 tsp ginger
1 tsp lime
200ml reduced-fat coconut milk
Juice of 1 lemon or lime
Fresh herbs, to serve
Optional chilli flakes or sliced jalapeños, added after serving","1. Heat olive oil in a large pan and cook onion for 6–8 minutes.
2. Add garlic and spices and cook for 1 minute.
3. Add edamame, cherry tomato and spinach, stirring to coat in the flavour base.
4. Add tomatoes, stock or water as listed and simmer until tender.
5. Cook or stir in the wholegrain wrap as appropriate for the dish.
6. Season lightly and serve with fresh herbs, with chilli or jalapeños added at the table.","Edamame, cherry tomato, spinach and wholegrain wrap create a filling plant-forward meal built from recognisable ingredients and simple seasoning.","category: lunch
contains edamame
contains cherry tomato
contains spinach
contains wholegrain wrap
mild base recipe
lunchbox friendly",tha_library,authored,starter,THA Original Founding Cookbook,tha_original:THA-121,Thai-style-edamame-cherry-tomato-spinach-jacket-potato
THA-122,"Peruvian-style Sardine, Sweetcorn & Cherry Tomato Frittata",,lunch,Peruvian-inspired,medium,4,15,20,"1 tbsp olive oil
1 onion, finely chopped
2 garlic cloves, crushed
4 quality sardine fillets or 350g sardine
250g sweetcorn, chopped
250g cherry tomato, chopped
250g wholegrain bread
1 tsp cumin
1 tsp lime
Juice of 1 lemon or lime
Fresh herbs, to serve
Optional chilli flakes or sliced jalapeños, added after serving","1. Heat olive oil in a large pan and cook onion for 6–8 minutes.
2. Add garlic and spices and cook for 1 minute.
3. Add sardine, sweetcorn and cherry tomato, stirring to coat in the flavour base.
4. Add tomatoes, stock or water as listed and simmer until tender.
5. Cook or stir in the wholegrain bread as appropriate for the dish.
6. Season lightly and serve with fresh herbs, with chilli or jalapeños added at the table.","Quality sardine is paired with sweetcorn, cherry tomato and wholegrain bread for a whole-food meal where protein is balanced by vegetables and fibre.","category: lunch
contains sardine
contains sweetcorn
contains cherry tomato
contains wholegrain bread
mild base recipe
lunchbox friendly",tha_library,authored,starter,THA Original Founding Cookbook,tha_original:THA-122,Peruvian-style-sardine-sweetcorn-cherry-tomato-frittata
THA-123,"British Feta, Red Cabbage & Radish Lunch Bowl",,lunch,British family kitchen,easy,4,15,20,"1 tbsp olive oil
1 onion, finely chopped
2 garlic cloves, crushed
250g feta
250g red cabbage, chopped
250g radish, chopped
250g wholewheat couscous
1 tsp thyme
1 tsp parsley
Juice of 1 lemon or lime
Fresh herbs, to serve
Optional chilli flakes or sliced jalapeños, added after serving","1. Heat olive oil in a large pan and cook onion for 6–8 minutes.
2. Add garlic and spices and cook for 1 minute.
3. Add feta, red cabbage and radish, stirring to coat in the flavour base.
4. Add tomatoes, stock or water as listed and simmer until tender.
5. Cook or stir in the wholewheat couscous as appropriate for the dish.
6. Season lightly and serve with fresh herbs, with chilli or jalapeños added at the table.","Feta, red cabbage, radish and wholewheat couscous create a filling plant-forward meal built from recognisable ingredients and simple seasoning.","category: lunch
contains feta
contains red cabbage
contains radish
contains wholewheat couscous
mild base recipe
lunchbox friendly",tha_library,authored,starter,THA Original Founding Cookbook,tha_original:THA-123,british-feta-red-cabbage-radish-lunch-bowl
THA-124,"Mediterranean-style Kidney Bean, Cucumber & Pak Choi Stuffed Pitta",,lunch,Mediterranean-inspired,medium,4,15,20,"1 tbsp olive oil
1 onion, finely chopped
2 garlic cloves, crushed
1 x 400g tin kidney beans, drained
250g cucumber, chopped
250g pak choi, chopped
250g buckwheat
1 tsp oregano
1 tsp basil
Juice of 1 lemon or lime
Fresh herbs, to serve
Optional chilli flakes or sliced jalapeños, added after serving","1. Heat olive oil in a large pan and cook onion for 6–8 minutes.
2. Add garlic and spices and cook for 1 minute.
3. Add kidney bean, cucumber and pak choi, stirring to coat in the flavour base.
4. Add tomatoes, stock or water as listed and simmer until tender.
5. Cook or stir in the buckwheat as appropriate for the dish.
6. Season lightly and serve with fresh herbs, with chilli or jalapeños added at the table.","Kidney Bean, cucumber, pak choi and buckwheat create a filling plant-forward meal built from recognisable ingredients and simple seasoning.","category: lunch
contains kidney bean
contains cucumber
contains pak choi
contains buckwheat
mild base recipe
lunchbox friendly",tha_library,authored,starter,THA Original Founding Cookbook,tha_original:THA-124,Mediterranean-style-kidney-bean-cucumber-pak-choi-stuffed-pitta
THA-125,"Moroccan-style Tuna, Pumpkin & Cauliflower Jacket Potato",,lunch,Moroccan-inspired,medium,4,15,20,"1 tbsp olive oil
1 onion, finely chopped
2 garlic cloves, crushed
4 quality tuna fillets or 350g tuna
250g pumpkin, chopped
250g cauliflower, chopped
250g potato
1 tsp ground cumin
1 tsp ground coriander
Juice of 1 lemon or lime
Fresh herbs, to serve
Optional chilli flakes or sliced jalapeños, added after serving","1. Heat olive oil in a large pan and cook onion for 6–8 minutes.
2. Add garlic and spices and cook for 1 minute.
3. Add tuna, pumpkin and cauliflower, stirring to coat in the flavour base.
4. Add tomatoes, stock or water as listed and simmer until tender.
5. Cook or stir in the potato as appropriate for the dish.
6. Season lightly and serve with fresh herbs, with chilli or jalapeños added at the table.","Quality tuna is paired with pumpkin, cauliflower and potato for a whole-food meal where protein is balanced by vegetables and fibre.","category: lunch
contains tuna
contains pumpkin
contains cauliflower
contains potato
mild base recipe
lunchbox friendly",tha_library,authored,starter,THA Original Founding Cookbook,tha_original:THA-125,Moroccan-style-tuna-pumpkin-cauliflower-jacket-potato
THA-126,"Thai-style Greek Yoghurt, Kale & Peas Frittata",,lunch,Thai-inspired,medium,4,15,20,"1 tbsp olive oil
1 onion, finely chopped
2 garlic cloves, crushed
250g Greek yoghurt
250g kale, chopped
250g peas, chopped
250g brown basmati rice
1 tsp ginger
1 tsp lime
200ml reduced-fat coconut milk
Juice of 1 lemon or lime
Fresh herbs, to serve
Optional chilli flakes or sliced jalapeños, added after serving","1. Heat olive oil in a large pan and cook onion for 6–8 minutes.
2. Add garlic and spices and cook for 1 minute.
3. Add Greek yoghurt, kale and peas, stirring to coat in the flavour base.
4. Add tomatoes, stock or water as listed and simmer until tender.
5. Cook or stir in the brown basmati rice as appropriate for the dish.
6. Season lightly and serve with fresh herbs, with chilli or jalapeños added at the table.","Greek Yoghurt, kale, peas and brown basmati rice create a filling plant-forward meal built from recognisable ingredients and simple seasoning.","category: lunch
contains Greek yoghurt
contains kale
contains peas
contains brown basmati rice
mild base recipe
lunchbox friendly",tha_library,authored,starter,THA Original Founding Cookbook,tha_original:THA-126,Thai-style-greek-yoghurt-kale-peas-frittata
THA-127,"Peruvian-style Lentil, Fennel & Mushroom Lunch Bowl",,lunch,Peruvian-inspired,easy,4,15,20,"1 tbsp olive oil
1 onion, finely chopped
2 garlic cloves, crushed
1 x 400g tin lentils, drained
250g fennel, chopped
250g mushroom, chopped
250g bulgur wheat
1 tsp cumin
1 tsp lime
Juice of 1 lemon or lime
Fresh herbs, to serve
Optional chilli flakes or sliced jalapeños, added after serving","1. Heat olive oil in a large pan and cook onion for 6–8 minutes.
2. Add garlic and spices and cook for 1 minute.
3. Add lentil, fennel and mushroom, stirring to coat in the flavour base.
4. Add tomatoes, stock or water as listed and simmer until tender.
5. Cook or stir in the bulgur wheat as appropriate for the dish.
6. Season lightly and serve with fresh herbs, with chilli or jalapeños added at the table.","Lentil, fennel, mushroom and bulgur wheat create a filling plant-forward meal built from recognisable ingredients and simple seasoning.","category: lunch
contains lentil
contains fennel
contains mushroom
contains bulgur wheat
mild base recipe
lunchbox friendly",tha_library,authored,starter,THA Original Founding Cookbook,tha_original:THA-127,Peruvian-style-lentil-fennel-mushroom-lunch-bowl
THA-128,"British Cod, Onion & Fennel Stuffed Pitta",,lunch,British family kitchen,medium,4,15,20,"1 tbsp olive oil
1 onion, finely chopped
2 garlic cloves, crushed
4 quality cod fillets or 350g cod
250g onion, chopped
250g fennel, chopped
250g wholewheat noodles
1 tsp thyme
1 tsp parsley
Juice of 1 lemon or lime
Fresh herbs, to serve
Optional chilli flakes or sliced jalapeños, added after serving","1. Heat olive oil in a large pan and cook onion for 6–8 minutes.
2. Add garlic and spices and cook for 1 minute.
3. Add cod, onion and fennel, stirring to coat in the flavour base.
4. Add tomatoes, stock or water as listed and simmer until tender.
5. Cook or stir in the wholewheat noodles as appropriate for the dish.
6. Season lightly and serve with fresh herbs, with chilli or jalapeños added at the table.","Quality cod is paired with onion, fennel and wholewheat noodles for a whole-food meal where protein is balanced by vegetables and fibre.","category: lunch
contains cod
contains onion
contains fennel
contains wholewheat noodles
mild base recipe
lunchbox friendly",tha_library,authored,starter,THA Original Founding Cookbook,tha_original:THA-128,british-cod-onion-fennel-stuffed-pitta
THA-129,"Mediterranean-style Cottage Cheese, Cauliflower & Red Pepper Jacket Potato",,lunch,Mediterranean-inspired,medium,4,15,20,"1 tbsp olive oil
1 onion, finely chopped
2 garlic cloves, crushed
250g cottage cheese
250g cauliflower, chopped
250g red pepper, chopped
250g sweet potato
1 tsp oregano
1 tsp basil
Juice of 1 lemon or lime
Fresh herbs, to serve
Optional chilli flakes or sliced jalapeños, added after serving","1. Heat olive oil in a large pan and cook onion for 6–8 minutes.
2. Add garlic and spices and cook for 1 minute.
3. Add cottage cheese, cauliflower and red pepper, stirring to coat in the flavour base.
4. Add tomatoes, stock or water as listed and simmer until tender.
5. Cook or stir in the sweet potato as appropriate for the dish.
6. Season lightly and serve with fresh herbs, with chilli or jalapeños added at the table.","Cottage Cheese, cauliflower, red pepper and sweet potato create a filling plant-forward meal built from recognisable ingredients and simple seasoning.","category: lunch
contains cottage cheese
contains cauliflower
contains red pepper
contains sweet potato
mild base recipe
lunchbox friendly",tha_library,authored,starter,THA Original Founding Cookbook,tha_original:THA-129,Mediterranean-style-cottage-cheese-cauliflower-red-pepper-jacket-potato
THA-130,"Moroccan-style Tofu, Courgette & Green Bean Frittata",,lunch,Moroccan-inspired,medium,4,15,20,"1 tbsp olive oil
1 onion, finely chopped
2 garlic cloves, crushed
280g firm tofu, cubed
250g courgette, chopped
250g green bean, chopped
250g brown rice
1 tsp ground cumin
1 tsp ground coriander
Juice of 1 lemon or lime
Fresh herbs, to serve
Optional chilli flakes or sliced jalapeños, added after serving","1. Heat olive oil in a large pan and cook onion for 6–8 minutes.
2. Add garlic and spices and cook for 1 minute.
3. Add tofu, courgette and green bean, stirring to coat in the flavour base.
4. Add tomatoes, stock or water as listed and simmer until tender.
5. Cook or stir in the brown rice as appropriate for the dish.
6. Season lightly and serve with fresh herbs, with chilli or jalapeños added at the table.","Tofu, courgette, green bean and brown rice create a filling plant-forward meal built from recognisable ingredients and simple seasoning.","category: lunch
contains tofu
contains courgette
contains green bean
contains brown rice
mild base recipe
lunchbox friendly",tha_library,authored,starter,THA Original Founding Cookbook,tha_original:THA-130,Moroccan-style-tofu-courgette-green-bean-frittata
THA-131,"Thai-style Mackerel, Cherry Tomato & Pumpkin Lunch Bowl",,lunch,Thai-inspired,easy,4,15,20,"1 tbsp olive oil
1 onion, finely chopped
2 garlic cloves, crushed
4 quality mackerel fillets or 350g mackerel
250g cherry tomato, chopped
250g pumpkin, chopped
250g pearl barley
1 tsp ginger
1 tsp lime
200ml reduced-fat coconut milk
Juice of 1 lemon or lime
Fresh herbs, to serve
Optional chilli flakes or sliced jalapeños, added after serving","1. Heat olive oil in a large pan and cook onion for 6–8 minutes.
2. Add garlic and spices and cook for 1 minute.
3. Add mackerel, cherry tomato and pumpkin, stirring to coat in the flavour base.
4. Add tomatoes, stock or water as listed and simmer until tender.
5. Cook or stir in the pearl barley as appropriate for the dish.
6. Season lightly and serve with fresh herbs, with chilli or jalapeños added at the table.","Quality mackerel is paired with cherry tomato, pumpkin and pearl barley for a whole-food meal where protein is balanced by vegetables and fibre.","category: lunch
contains mackerel
contains cherry tomato
contains pumpkin
contains pearl barley
mild base recipe
lunchbox friendly",tha_library,authored,starter,THA Original Founding Cookbook,tha_original:THA-131,Thai-style-mackerel-cherry-tomato-pumpkin-lunch-bowl
THA-132,"Peruvian-style Halloumi, Sweetcorn & Celery Stuffed Pitta",,lunch,Peruvian-inspired,medium,4,15,20,"1 tbsp olive oil
1 onion, finely chopped
2 garlic cloves, crushed
250g halloumi
250g sweetcorn, chopped
250g celery, chopped
250g wholemeal flatbread
1 tsp cumin
1 tsp lime
Juice of 1 lemon or lime
Fresh herbs, to serve
Optional chilli flakes or sliced jalapeños, added after serving","1. Heat olive oil in a large pan and cook onion for 6–8 minutes.
2. Add garlic and spices and cook for 1 minute.
3. Add halloumi, sweetcorn and celery, stirring to coat in the flavour base.
4. Add tomatoes, stock or water as listed and simmer until tender.
5. Cook or stir in the wholemeal flatbread as appropriate for the dish.
6. Season lightly and serve with fresh herbs, with chilli or jalapeños added at the table.","Halloumi, sweetcorn, celery and wholemeal flatbread create a filling plant-forward meal built from recognisable ingredients and simple seasoning.","category: lunch
contains halloumi
contains sweetcorn
contains celery
contains wholemeal flatbread
mild base recipe
lunchbox friendly",tha_library,authored,starter,THA Original Founding Cookbook,tha_original:THA-132,Peruvian-style-halloumi-sweetcorn-celery-stuffed-pitta
THA-133,"British Cannellini Bean, Red Cabbage & Aubergine Jacket Potato",,lunch,British family kitchen,medium,4,15,20,"1 tbsp olive oil
1 onion, finely chopped
2 garlic cloves, crushed
1 x 400g tin cannellini beans, drained
250g red cabbage, chopped
250g aubergine, chopped
250g oats
1 tsp thyme
1 tsp parsley
Juice of 1 lemon or lime
Fresh herbs, to serve
Optional chilli flakes or sliced jalapeños, added after serving","1. Heat olive oil in a large pan and cook onion for 6–8 minutes.
2. Add garlic and spices and cook for 1 minute.
3. Add cannellini bean, red cabbage and aubergine, stirring to coat in the flavour base.
4. Add tomatoes, stock or water as listed and simmer until tender.
5. Cook or stir in the oats as appropriate for the dish.
6. Season lightly and serve with fresh herbs, with chilli or jalapeños added at the table.","Cannellini Bean, red cabbage, aubergine and oats create a filling plant-forward meal built from recognisable ingredients and simple seasoning.","category: lunch
contains cannellini bean
contains red cabbage
contains aubergine
contains oats
mild base recipe
lunchbox friendly",tha_library,authored,starter,THA Original Founding Cookbook,tha_original:THA-133,british-cannellini-bean-red-cabbage-aubergine-jacket-potato
THA-134,"Mediterranean-style Sardine, Cucumber & Red Cabbage Frittata",,lunch,Mediterranean-inspired,medium,4,15,20,"1 tbsp olive oil
1 onion, finely chopped
2 garlic cloves, crushed
4 quality sardine fillets or 350g sardine
250g cucumber, chopped
250g red cabbage, chopped
250g wholewheat pasta
1 tsp oregano
1 tsp basil
Juice of 1 lemon or lime
Fresh herbs, to serve
Optional chilli flakes or sliced jalapeños, added after serving","1. Heat olive oil in a large pan and cook onion for 6–8 minutes.
2. Add garlic and spices and cook for 1 minute.
3. Add sardine, cucumber and red cabbage, stirring to coat in the flavour base.
4. Add tomatoes, stock or water as listed and simmer until tender.
5. Cook or stir in the wholewheat pasta as appropriate for the dish.
6. Season lightly and serve with fresh herbs, with chilli or jalapeños added at the table.","Quality sardine is paired with cucumber, red cabbage and wholewheat pasta for a whole-food meal where protein is balanced by vegetables and fibre.","category: lunch
contains sardine
contains cucumber
contains red cabbage
contains wholewheat pasta
mild base recipe
lunchbox friendly",tha_library,authored,starter,THA Original Founding Cookbook,tha_original:THA-134,Mediterranean-style-sardine-cucumber-red-cabbage-frittata
THA-135,"Moroccan-style Egg, Pumpkin & Parsnip Lunch Bowl",,lunch,Moroccan-inspired,easy,4,15,20,"1 tbsp olive oil
1 onion, finely chopped
2 garlic cloves, crushed
6 eggs
250g pumpkin, chopped
250g parsnip, chopped
250g quinoa
1 tsp ground cumin
1 tsp ground coriander
Juice of 1 lemon or lime
Fresh herbs, to serve
Optional chilli flakes or sliced jalapeños, added after serving","1. Heat olive oil in a large pan and cook onion for 6–8 minutes.
2. Add garlic and spices and cook for 1 minute.
3. Add egg, pumpkin and parsnip, stirring to coat in the flavour base.
4. Add tomatoes, stock or water as listed and simmer until tender.
5. Cook or stir in the quinoa as appropriate for the dish.
6. Season lightly and serve with fresh herbs, with chilli or jalapeños added at the table.","Egg, pumpkin, parsnip and quinoa create a filling plant-forward meal built from recognisable ingredients and simple seasoning.","category: lunch
contains egg
contains pumpkin
contains parsnip
contains quinoa
mild base recipe
lunchbox friendly",tha_library,authored,starter,THA Original Founding Cookbook,tha_original:THA-135,Moroccan-style-egg-pumpkin-parsnip-lunch-bowl
THA-136,"Thai-style Chickpea, Kale & Spinach Stuffed Pitta",,lunch,Thai-inspired,medium,4,15,20,"1 tbsp olive oil
1 onion, finely chopped
2 garlic cloves, crushed
1 x 400g tin chickpeas, drained
250g kale, chopped
250g spinach, chopped
250g wholegrain wrap
1 tsp ginger
1 tsp lime
200ml reduced-fat coconut milk
Juice of 1 lemon or lime
Fresh herbs, to serve
Optional chilli flakes or sliced jalapeños, added after serving","1. Heat olive oil in a large pan and cook onion for 6–8 minutes.
2. Add garlic and spices and cook for 1 minute.
3. Add chickpea, kale and spinach, stirring to coat in the flavour base.
4. Add tomatoes, stock or water as listed and simmer until tender.
5. Cook or stir in the wholegrain wrap as appropriate for the dish.
6. Season lightly and serve with fresh herbs, with chilli or jalapeños added at the table.","Chickpea, kale, spinach and wholegrain wrap create a filling plant-forward meal built from recognisable ingredients and simple seasoning.","category: lunch
contains chickpea
contains kale
contains spinach
contains wholegrain wrap
mild base recipe
lunchbox friendly",tha_library,authored,starter,THA Original Founding Cookbook,tha_original:THA-136,Thai-style-chickpea-kale-spinach-stuffed-pitta
THA-137,"Peruvian-style Tuna, Fennel & Cherry Tomato Jacket Potato",,lunch,Peruvian-inspired,medium,4,15,20,"1 tbsp olive oil
1 onion, finely chopped
2 garlic cloves, crushed
4 quality tuna fillets or 350g tuna
250g fennel, chopped
250g cherry tomato, chopped
250g wholegrain bread
1 tsp cumin
1 tsp lime
Juice of 1 lemon or lime
Fresh herbs, to serve
Optional chilli flakes or sliced jalapeños, added after serving","1. Heat olive oil in a large pan and cook onion for 6–8 minutes.
2. Add garlic and spices and cook for 1 minute.
3. Add tuna, fennel and cherry tomato, stirring to coat in the flavour base.
4. Add tomatoes, stock or water as listed and simmer until tender.
5. Cook or stir in the wholegrain bread as appropriate for the dish.
6. Season lightly and serve with fresh herbs, with chilli or jalapeños added at the table.","Quality tuna is paired with fennel, cherry tomato and wholegrain bread for a whole-food meal where protein is balanced by vegetables and fibre.","category: lunch
contains tuna
contains fennel
contains cherry tomato
contains wholegrain bread
mild base recipe
lunchbox friendly",tha_library,authored,starter,THA Original Founding Cookbook,tha_original:THA-137,Peruvian-style-tuna-fennel-cherry-tomato-jacket-potato
THA-138,"British Feta, Onion & Radish Frittata",,lunch,British family kitchen,medium,4,15,20,"1 tbsp olive oil
1 onion, finely chopped
2 garlic cloves, crushed
250g feta
250g onion, chopped
250g radish, chopped
250g wholewheat couscous
1 tsp thyme
1 tsp parsley
Juice of 1 lemon or lime
Fresh herbs, to serve
Optional chilli flakes or sliced jalapeños, added after serving","1. Heat olive oil in a large pan and cook onion for 6–8 minutes.
2. Add garlic and spices and cook for 1 minute.
3. Add feta, onion and radish, stirring to coat in the flavour base.
4. Add tomatoes, stock or water as listed and simmer until tender.
5. Cook or stir in the wholewheat couscous as appropriate for the dish.
6. Season lightly and serve with fresh herbs, with chilli or jalapeños added at the table.","Feta, onion, radish and wholewheat couscous create a filling plant-forward meal built from recognisable ingredients and simple seasoning.","category: lunch
contains feta
contains onion
contains radish
contains wholewheat couscous
mild base recipe
lunchbox friendly",tha_library,authored,starter,THA Original Founding Cookbook,tha_original:THA-138,british-feta-onion-radish-frittata
THA-139,"Mediterranean-style Split Pea, Cauliflower & Pak Choi Lunch Bowl",,lunch,Mediterranean-inspired,easy,4,15,20,"1 tbsp olive oil
1 onion, finely chopped
2 garlic cloves, crushed
250g split peas
250g cauliflower, chopped
250g pak choi, chopped
250g buckwheat
1 tsp oregano
1 tsp basil
Juice of 1 lemon or lime
Fresh herbs, to serve
Optional chilli flakes or sliced jalapeños, added after serving","1. Heat olive oil in a large pan and cook onion for 6–8 minutes.
2. Add garlic and spices and cook for 1 minute.
3. Add split pea, cauliflower and pak choi, stirring to coat in the flavour base.
4. Add tomatoes, stock or water as listed and simmer until tender.
5. Cook or stir in the buckwheat as appropriate for the dish.
6. Season lightly and serve with fresh herbs, with chilli or jalapeños added at the table.","Split Pea, cauliflower, pak choi and buckwheat create a filling plant-forward meal built from recognisable ingredients and simple seasoning.","category: lunch
contains split pea
contains cauliflower
contains pak choi
contains buckwheat
mild base recipe
lunchbox friendly",tha_library,authored,starter,THA Original Founding Cookbook,tha_original:THA-139,Mediterranean-style-split-pea-cauliflower-pak-choi-lunch-bowl
THA-140,"Moroccan-style Cod, Courgette & Cauliflower Stuffed Pitta",,lunch,Moroccan-inspired,medium,4,15,20,"1 tbsp olive oil
1 onion, finely chopped
2 garlic cloves, crushed
4 quality cod fillets or 350g cod
250g courgette, chopped
250g cauliflower, chopped
250g potato
1 tsp ground cumin
1 tsp ground coriander
Juice of 1 lemon or lime
Fresh herbs, to serve
Optional chilli flakes or sliced jalapeños, added after serving","1. Heat olive oil in a large pan and cook onion for 6–8 minutes.
2. Add garlic and spices and cook for 1 minute.
3. Add cod, courgette and cauliflower, stirring to coat in the flavour base.
4. Add tomatoes, stock or water as listed and simmer until tender.
5. Cook or stir in the potato as appropriate for the dish.
6. Season lightly and serve with fresh herbs, with chilli or jalapeños added at the table.","Quality cod is paired with courgette, cauliflower and potato for a whole-food meal where protein is balanced by vegetables and fibre.","category: lunch
contains cod
contains courgette
contains cauliflower
contains potato
mild base recipe
lunchbox friendly",tha_library,authored,starter,THA Original Founding Cookbook,tha_original:THA-140,Moroccan-style-cod-courgette-cauliflower-stuffed-pitta
THA-141,"Thai-style Greek Yoghurt, Cherry Tomato & Peas Jacket Potato",,lunch,Thai-inspired,medium,4,15,20,"1 tbsp olive oil
1 onion, finely chopped
2 garlic cloves, crushed
250g Greek yoghurt
250g cherry tomato, chopped
250g peas, chopped
250g brown basmati rice
1 tsp ginger
1 tsp lime
200ml reduced-fat coconut milk
Juice of 1 lemon or lime
Fresh herbs, to serve
Optional chilli flakes or sliced jalapeños, added after serving","1. Heat olive oil in a large pan and cook onion for 6–8 minutes.
2. Add garlic and spices and cook for 1 minute.
3. Add Greek yoghurt, cherry tomato and peas, stirring to coat in the flavour base.
4. Add tomatoes, stock or water as listed and simmer until tender.
5. Cook or stir in the brown basmati rice as appropriate for the dish.
6. Season lightly and serve with fresh herbs, with chilli or jalapeños added at the table.","Greek Yoghurt, cherry tomato, peas and brown basmati rice create a filling plant-forward meal built from recognisable ingredients and simple seasoning.","category: lunch
contains Greek yoghurt
contains cherry tomato
contains peas
contains brown basmati rice
mild base recipe
lunchbox friendly",tha_library,authored,starter,THA Original Founding Cookbook,tha_original:THA-141,Thai-style-greek-yoghurt-cherry-tomato-peas-jacket-potato
THA-142,"Peruvian-style Black Bean, Sweetcorn & Mushroom Frittata",,lunch,Peruvian-inspired,medium,4,15,20,"1 tbsp olive oil
1 onion, finely chopped
2 garlic cloves, crushed
1 x 400g tin black beans, drained
250g sweetcorn, chopped
250g mushroom, chopped
250g bulgur wheat
1 tsp cumin
1 tsp lime
Juice of 1 lemon or lime
Fresh herbs, to serve
Optional chilli flakes or sliced jalapeños, added after serving","1. Heat olive oil in a large pan and cook onion for 6–8 minutes.
2. Add garlic and spices and cook for 1 minute.
3. Add black bean, sweetcorn and mushroom, stirring to coat in the flavour base.
4. Add tomatoes, stock or water as listed and simmer until tender.
5. Cook or stir in the bulgur wheat as appropriate for the dish.
6. Season lightly and serve with fresh herbs, with chilli or jalapeños added at the table.","Black Bean, sweetcorn, mushroom and bulgur wheat create a filling plant-forward meal built from recognisable ingredients and simple seasoning.","category: lunch
contains black bean
contains sweetcorn
contains mushroom
contains bulgur wheat
mild base recipe
lunchbox friendly",tha_library,authored,starter,THA Original Founding Cookbook,tha_original:THA-142,Peruvian-style-black-bean-sweetcorn-mushroom-frittata
THA-143,"British Mackerel, Red Cabbage & Fennel Lunch Bowl",,lunch,British family kitchen,easy,4,15,20,"1 tbsp olive oil
1 onion, finely chopped
2 garlic cloves, crushed
4 quality mackerel fillets or 350g mackerel
250g red cabbage, chopped
250g fennel, chopped
250g wholewheat noodles
1 tsp thyme
1 tsp parsley
Juice of 1 lemon or lime
Fresh herbs, to serve
Optional chilli flakes or sliced jalapeños, added after serving","1. Heat olive oil in a large pan and cook onion for 6–8 minutes.
2. Add garlic and spices and cook for 1 minute.
3. Add mackerel, red cabbage and fennel, stirring to coat in the flavour base.
4. Add tomatoes, stock or water as listed and simmer until tender.
5. Cook or stir in the wholewheat noodles as appropriate for the dish.
6. Season lightly and serve with fresh herbs, with chilli or jalapeños added at the table.","Quality mackerel is paired with red cabbage, fennel and wholewheat noodles for a whole-food meal where protein is balanced by vegetables and fibre.","category: lunch
contains mackerel
contains red cabbage
contains fennel
contains wholewheat noodles
mild base recipe
lunchbox friendly",tha_library,authored,starter,THA Original Founding Cookbook,tha_original:THA-143,british-mackerel-red-cabbage-fennel-lunch-bowl
THA-144,"Mediterranean-style Cottage Cheese, Cucumber & Red Pepper Stuffed Pitta",,lunch,Mediterranean-inspired,medium,4,15,20,"1 tbsp olive oil
1 onion, finely chopped
2 garlic cloves, crushed
250g cottage cheese
250g cucumber, chopped
250g red pepper, chopped
250g sweet potato
1 tsp oregano
1 tsp basil
Juice of 1 lemon or lime
Fresh herbs, to serve
Optional chilli flakes or sliced jalapeños, added after serving","1. Heat olive oil in a large pan and cook onion for 6–8 minutes.
2. Add garlic and spices and cook for 1 minute.
3. Add cottage cheese, cucumber and red pepper, stirring to coat in the flavour base.
4. Add tomatoes, stock or water as listed and simmer until tender.
5. Cook or stir in the sweet potato as appropriate for the dish.
6. Season lightly and serve with fresh herbs, with chilli or jalapeños added at the table.","Cottage Cheese, cucumber, red pepper and sweet potato create a filling plant-forward meal built from recognisable ingredients and simple seasoning.","category: lunch
contains cottage cheese
contains cucumber
contains red pepper
contains sweet potato
mild base recipe
lunchbox friendly",tha_library,authored,starter,THA Original Founding Cookbook,tha_original:THA-144,Mediterranean-style-cottage-cheese-cucumber-red-pepper-stuffed-pitta
THA-145,"Moroccan-style Green Pea, Pumpkin & Green Bean Jacket Potato",,lunch,Moroccan-inspired,medium,4,15,20,"1 tbsp olive oil
1 onion, finely chopped
2 garlic cloves, crushed
250g green peas
250g pumpkin, chopped
250g green bean, chopped
250g brown rice
1 tsp ground cumin
1 tsp ground coriander
Juice of 1 lemon or lime
Fresh herbs, to serve
Optional chilli flakes or sliced jalapeños, added after serving","1. Heat olive oil in a large pan and cook onion for 6–8 minutes.
2. Add garlic and spices and cook for 1 minute.
3. Add green pea, pumpkin and green bean, stirring to coat in the flavour base.
4. Add tomatoes, stock or water as listed and simmer until tender.
5. Cook or stir in the brown rice as appropriate for the dish.
6. Season lightly and serve with fresh herbs, with chilli or jalapeños added at the table.","Green Pea, pumpkin, green bean and brown rice create a filling plant-forward meal built from recognisable ingredients and simple seasoning.","category: lunch
contains green pea
contains pumpkin
contains green bean
contains brown rice
mild base recipe
lunchbox friendly",tha_library,authored,starter,THA Original Founding Cookbook,tha_original:THA-145,Moroccan-style-green-pea-pumpkin-green-bean-jacket-potato
THA-146,"Thai-style Sardine, Kale & Pumpkin Frittata 2",,lunch,Thai-inspired,medium,4,15,20,"1 tbsp olive oil
1 onion, finely chopped
2 garlic cloves, crushed
4 quality sardine fillets or 350g sardine
250g kale, chopped
250g pumpkin, chopped
250g pearl barley
1 tsp ginger
1 tsp lime
200ml reduced-fat coconut milk
Juice of 1 lemon or lime
Fresh herbs, to serve
Optional chilli flakes or sliced jalapeños, added after serving","1. Heat olive oil in a large pan and cook onion for 6–8 minutes.
2. Add garlic and spices and cook for 1 minute.
3. Add sardine, kale and pumpkin, stirring to coat in the flavour base.
4. Add tomatoes, stock or water as listed and simmer until tender.
5. Cook or stir in the pearl barley as appropriate for the dish.
6. Season lightly and serve with fresh herbs, with chilli or jalapeños added at the table.","Quality sardine is paired with kale, pumpkin and pearl barley for a whole-food meal where protein is balanced by vegetables and fibre.","category: lunch
contains sardine
contains kale
contains pumpkin
contains pearl barley
mild base recipe
lunchbox friendly",tha_library,authored,starter,THA Original Founding Cookbook,tha_original:THA-146,Thai-style-sardine-kale-pumpkin-frittata-2
THA-147,"Peruvian-style Halloumi, Fennel & Celery Lunch Bowl 2",,lunch,Peruvian-inspired,easy,4,15,20,"1 tbsp olive oil
1 onion, finely chopped
2 garlic cloves, crushed
250g halloumi
250g fennel, chopped
250g celery, chopped
250g wholemeal flatbread
1 tsp cumin
1 tsp lime
Juice of 1 lemon or lime
Fresh herbs, to serve
Optional chilli flakes or sliced jalapeños, added after serving","1. Heat olive oil in a large pan and cook onion for 6–8 minutes.
2. Add garlic and spices and cook for 1 minute.
3. Add halloumi, fennel and celery, stirring to coat in the flavour base.
4. Add tomatoes, stock or water as listed and simmer until tender.
5. Cook or stir in the wholemeal flatbread as appropriate for the dish.
6. Season lightly and serve with fresh herbs, with chilli or jalapeños added at the table.","Halloumi, fennel, celery and wholemeal flatbread create a filling plant-forward meal built from recognisable ingredients and simple seasoning.","category: lunch
contains halloumi
contains fennel
contains celery
contains wholemeal flatbread
mild base recipe
lunchbox friendly",tha_library,authored,starter,THA Original Founding Cookbook,tha_original:THA-147,Peruvian-style-halloumi-fennel-celery-lunch-bowl-2
THA-148,"British Haricot Bean, Onion & Aubergine Stuffed Pitta",,lunch,British family kitchen,medium,4,15,20,"1 tbsp olive oil
1 onion, finely chopped
2 garlic cloves, crushed
1 x 400g tin haricot beans, drained
250g onion, chopped
250g aubergine, chopped
250g oats
1 tsp thyme
1 tsp parsley
Juice of 1 lemon or lime
Fresh herbs, to serve
Optional chilli flakes or sliced jalapeños, added after serving","1. Heat olive oil in a large pan and cook onion for 6–8 minutes.
2. Add garlic and spices and cook for 1 minute.
3. Add haricot bean, onion and aubergine, stirring to coat in the flavour base.
4. Add tomatoes, stock or water as listed and simmer until tender.
5. Cook or stir in the oats as appropriate for the dish.
6. Season lightly and serve with fresh herbs, with chilli or jalapeños added at the table.","Haricot Bean, onion, aubergine and oats create a filling plant-forward meal built from recognisable ingredients and simple seasoning.","category: lunch
contains haricot bean
contains onion
contains aubergine
contains oats
mild base recipe
lunchbox friendly",tha_library,authored,starter,THA Original Founding Cookbook,tha_original:THA-148,british-haricot-bean-onion-aubergine-stuffed-pitta
THA-149,"Mediterranean-style Tuna, Cauliflower & Red Cabbage Jacket Potato 2",,lunch,Mediterranean-inspired,medium,4,15,20,"1 tbsp olive oil
1 onion, finely chopped
2 garlic cloves, crushed
4 quality tuna fillets or 350g tuna
250g cauliflower, chopped
250g red cabbage, chopped
250g wholewheat pasta
1 tsp oregano
1 tsp basil
Juice of 1 lemon or lime
Fresh herbs, to serve
Optional chilli flakes or sliced jalapeños, added after serving","1. Heat olive oil in a large pan and cook onion for 6–8 minutes.
2. Add garlic and spices and cook for 1 minute.
3. Add tuna, cauliflower and red cabbage, stirring to coat in the flavour base.
4. Add tomatoes, stock or water as listed and simmer until tender.
5. Cook or stir in the wholewheat pasta as appropriate for the dish.
6. Season lightly and serve with fresh herbs, with chilli or jalapeños added at the table.","Quality tuna is paired with cauliflower, red cabbage and wholewheat pasta for a whole-food meal where protein is balanced by vegetables and fibre.","category: lunch
contains tuna
contains cauliflower
contains red cabbage
contains wholewheat pasta
mild base recipe
lunchbox friendly",tha_library,authored,starter,THA Original Founding Cookbook,tha_original:THA-149,Mediterranean-style-tuna-cauliflower-red-cabbage-jacket-potato-2
THA-150,"Moroccan-style Egg, Courgette & Parsnip Frittata 2",,lunch,Moroccan-inspired,medium,4,15,20,"1 tbsp olive oil
1 onion, finely chopped
2 garlic cloves, crushed
6 eggs
250g courgette, chopped
250g parsnip, chopped
250g quinoa
1 tsp ground cumin
1 tsp ground coriander
Juice of 1 lemon or lime
Fresh herbs, to serve
Optional chilli flakes or sliced jalapeños, added after serving","1. Heat olive oil in a large pan and cook onion for 6–8 minutes.
2. Add garlic and spices and cook for 1 minute.
3. Add egg, courgette and parsnip, stirring to coat in the flavour base.
4. Add tomatoes, stock or water as listed and simmer until tender.
5. Cook or stir in the quinoa as appropriate for the dish.
6. Season lightly and serve with fresh herbs, with chilli or jalapeños added at the table.","Egg, courgette, parsnip and quinoa create a filling plant-forward meal built from recognisable ingredients and simple seasoning.","category: lunch
contains egg
contains courgette
contains parsnip
contains quinoa
mild base recipe
lunchbox friendly",tha_library,authored,starter,THA Original Founding Cookbook,tha_original:THA-150,Moroccan-style-egg-courgette-parsnip-frittata-2
THA-151,"Thai-style Butter Bean, Cherry Tomato & Spinach Lunch Bowl",,lunch,Thai-inspired,easy,4,15,20,"1 tbsp olive oil
1 onion, finely chopped
2 garlic cloves, crushed
1 x 400g tin butter beans, drained
250g cherry tomato, chopped
250g spinach, chopped
250g wholegrain wrap
1 tsp ginger
1 tsp lime
200ml reduced-fat coconut milk
Juice of 1 lemon or lime
Fresh herbs, to serve
Optional chilli flakes or sliced jalapeños, added after serving","1. Heat olive oil in a large pan and cook onion for 6–8 minutes.
2. Add garlic and spices and cook for 1 minute.
3. Add butter bean, cherry tomato and spinach, stirring to coat in the flavour base.
4. Add tomatoes, stock or water as listed and simmer until tender.
5. Cook or stir in the wholegrain wrap as appropriate for the dish.
6. Season lightly and serve with fresh herbs, with chilli or jalapeños added at the table.","Butter Bean, cherry tomato, spinach and wholegrain wrap create a filling plant-forward meal built from recognisable ingredients and simple seasoning.","category: lunch
contains butter bean
contains cherry tomato
contains spinach
contains wholegrain wrap
mild base recipe
lunchbox friendly",tha_library,authored,starter,THA Original Founding Cookbook,tha_original:THA-151,Thai-style-butter-bean-cherry-tomato-spinach-lunch-bowl
THA-152,"Peruvian-style Cod, Sweetcorn & Cherry Tomato Stuffed Pitta 2",,lunch,Peruvian-inspired,medium,4,15,20,"1 tbsp olive oil
1 onion, finely chopped
2 garlic cloves, crushed
4 quality cod fillets or 350g cod
250g sweetcorn, chopped
250g cherry tomato, chopped
250g wholegrain bread
1 tsp cumin
1 tsp lime
Juice of 1 lemon or lime
Fresh herbs, to serve
Optional chilli flakes or sliced jalapeños, added after serving","1. Heat olive oil in a large pan and cook onion for 6–8 minutes.
2. Add garlic and spices and cook for 1 minute.
3. Add cod, sweetcorn and cherry tomato, stirring to coat in the flavour base.
4. Add tomatoes, stock or water as listed and simmer until tender.
5. Cook or stir in the wholegrain bread as appropriate for the dish.
6. Season lightly and serve with fresh herbs, with chilli or jalapeños added at the table.","Quality cod is paired with sweetcorn, cherry tomato and wholegrain bread for a whole-food meal where protein is balanced by vegetables and fibre.","category: lunch
contains cod
contains sweetcorn
contains cherry tomato
contains wholegrain bread
mild base recipe
lunchbox friendly",tha_library,authored,starter,THA Original Founding Cookbook,tha_original:THA-152,Peruvian-style-cod-sweetcorn-cherry-tomato-stuffed-pitta-2
THA-153,"British Feta, Red Cabbage & Radish Jacket Potato 2",,lunch,British family kitchen,medium,4,15,20,"1 tbsp olive oil
1 onion, finely chopped
2 garlic cloves, crushed
250g feta
250g red cabbage, chopped
250g radish, chopped
250g wholewheat couscous
1 tsp thyme
1 tsp parsley
Juice of 1 lemon or lime
Fresh herbs, to serve
Optional chilli flakes or sliced jalapeños, added after serving","1. Heat olive oil in a large pan and cook onion for 6–8 minutes.
2. Add garlic and spices and cook for 1 minute.
3. Add feta, red cabbage and radish, stirring to coat in the flavour base.
4. Add tomatoes, stock or water as listed and simmer until tender.
5. Cook or stir in the wholewheat couscous as appropriate for the dish.
6. Season lightly and serve with fresh herbs, with chilli or jalapeños added at the table.","Feta, red cabbage, radish and wholewheat couscous create a filling plant-forward meal built from recognisable ingredients and simple seasoning.","category: lunch
contains feta
contains red cabbage
contains radish
contains wholewheat couscous
mild base recipe
lunchbox friendly",tha_library,authored,starter,THA Original Founding Cookbook,tha_original:THA-153,british-feta-red-cabbage-radish-jacket-potato-2
THA-154,"Mediterranean-style Edamame, Cucumber & Pak Choi Frittata",,lunch,Mediterranean-inspired,medium,4,15,20,"1 tbsp olive oil
1 onion, finely chopped
2 garlic cloves, crushed
250g edamames
250g cucumber, chopped
250g pak choi, chopped
250g buckwheat
1 tsp oregano
1 tsp basil
Juice of 1 lemon or lime
Fresh herbs, to serve
Optional chilli flakes or sliced jalapeños, added after serving","1. Heat olive oil in a large pan and cook onion for 6–8 minutes.
2. Add garlic and spices and cook for 1 minute.
3. Add edamame, cucumber and pak choi, stirring to coat in the flavour base.
4. Add tomatoes, stock or water as listed and simmer until tender.
5. Cook or stir in the buckwheat as appropriate for the dish.
6. Season lightly and serve with fresh herbs, with chilli or jalapeños added at the table.","Edamame, cucumber, pak choi and buckwheat create a filling plant-forward meal built from recognisable ingredients and simple seasoning.","category: lunch
contains edamame
contains cucumber
contains pak choi
contains buckwheat
mild base recipe
lunchbox friendly",tha_library,authored,starter,THA Original Founding Cookbook,tha_original:THA-154,Mediterranean-style-edamame-cucumber-pak-choi-frittata
THA-155,"Moroccan-style Mackerel, Pumpkin & Cauliflower Lunch Bowl 2",,lunch,Moroccan-inspired,easy,4,15,20,"1 tbsp olive oil
1 onion, finely chopped
2 garlic cloves, crushed
4 quality mackerel fillets or 350g mackerel
250g pumpkin, chopped
250g cauliflower, chopped
250g potato
1 tsp ground cumin
1 tsp ground coriander
Juice of 1 lemon or lime
Fresh herbs, to serve
Optional chilli flakes or sliced jalapeños, added after serving","1. Heat olive oil in a large pan and cook onion for 6–8 minutes.
2. Add garlic and spices and cook for 1 minute.
3. Add mackerel, pumpkin and cauliflower, stirring to coat in the flavour base.
4. Add tomatoes, stock or water as listed and simmer until tender.
5. Cook or stir in the potato as appropriate for the dish.
6. Season lightly and serve with fresh herbs, with chilli or jalapeños added at the table.","Quality mackerel is paired with pumpkin, cauliflower and potato for a whole-food meal where protein is balanced by vegetables and fibre.","category: lunch
contains mackerel
contains pumpkin
contains cauliflower
contains potato
mild base recipe
lunchbox friendly",tha_library,authored,starter,THA Original Founding Cookbook,tha_original:THA-155,Moroccan-style-mackerel-pumpkin-cauliflower-lunch-bowl-2
THA-156,"Thai-style Greek Yoghurt, Kale & Peas Stuffed Pitta 2",,lunch,Thai-inspired,medium,4,15,20,"1 tbsp olive oil
1 onion, finely chopped
2 garlic cloves, crushed
250g Greek yoghurt
250g kale, chopped
250g peas, chopped
250g brown basmati rice
1 tsp ginger
1 tsp lime
200ml reduced-fat coconut milk
Juice of 1 lemon or lime
Fresh herbs, to serve
Optional chilli flakes or sliced jalapeños, added after serving","1. Heat olive oil in a large pan and cook onion for 6–8 minutes.
2. Add garlic and spices and cook for 1 minute.
3. Add Greek yoghurt, kale and peas, stirring to coat in the flavour base.
4. Add tomatoes, stock or water as listed and simmer until tender.
5. Cook or stir in the brown basmati rice as appropriate for the dish.
6. Season lightly and serve with fresh herbs, with chilli or jalapeños added at the table.","Greek Yoghurt, kale, peas and brown basmati rice create a filling plant-forward meal built from recognisable ingredients and simple seasoning.","category: lunch
contains Greek yoghurt
contains kale
contains peas
contains brown basmati rice
mild base recipe
lunchbox friendly",tha_library,authored,starter,THA Original Founding Cookbook,tha_original:THA-156,Thai-style-greek-yoghurt-kale-peas-stuffed-pitta-2
THA-157,"Peruvian-style Kidney Bean, Fennel & Mushroom Jacket Potato",,lunch,Peruvian-inspired,medium,4,15,20,"1 tbsp olive oil
1 onion, finely chopped
2 garlic cloves, crushed
1 x 400g tin kidney beans, drained
250g fennel, chopped
250g mushroom, chopped
250g bulgur wheat
1 tsp cumin
1 tsp lime
Juice of 1 lemon or lime
Fresh herbs, to serve
Optional chilli flakes or sliced jalapeños, added after serving","1. Heat olive oil in a large pan and cook onion for 6–8 minutes.
2. Add garlic and spices and cook for 1 minute.
3. Add kidney bean, fennel and mushroom, stirring to coat in the flavour base.
4. Add tomatoes, stock or water as listed and simmer until tender.
5. Cook or stir in the bulgur wheat as appropriate for the dish.
6. Season lightly and serve with fresh herbs, with chilli or jalapeños added at the table.","Kidney Bean, fennel, mushroom and bulgur wheat create a filling plant-forward meal built from recognisable ingredients and simple seasoning.","category: lunch
contains kidney bean
contains fennel
contains mushroom
contains bulgur wheat
mild base recipe
lunchbox friendly",tha_library,authored,starter,THA Original Founding Cookbook,tha_original:THA-157,Peruvian-style-kidney-bean-fennel-mushroom-jacket-potato
THA-158,"British Sardine, Onion & Fennel Frittata 2",,lunch,British family kitchen,medium,4,15,20,"1 tbsp olive oil
1 onion, finely chopped
2 garlic cloves, crushed
4 quality sardine fillets or 350g sardine
250g onion, chopped
250g fennel, chopped
250g wholewheat noodles
1 tsp thyme
1 tsp parsley
Juice of 1 lemon or lime
Fresh herbs, to serve
Optional chilli flakes or sliced jalapeños, added after serving","1. Heat olive oil in a large pan and cook onion for 6–8 minutes.
2. Add garlic and spices and cook for 1 minute.
3. Add sardine, onion and fennel, stirring to coat in the flavour base.
4. Add tomatoes, stock or water as listed and simmer until tender.
5. Cook or stir in the wholewheat noodles as appropriate for the dish.
6. Season lightly and serve with fresh herbs, with chilli or jalapeños added at the table.","Quality sardine is paired with onion, fennel and wholewheat noodles for a whole-food meal where protein is balanced by vegetables and fibre.","category: lunch
contains sardine
contains onion
contains fennel
contains wholewheat noodles
mild base recipe
lunchbox friendly",tha_library,authored,starter,THA Original Founding Cookbook,tha_original:THA-158,british-sardine-onion-fennel-frittata-2
THA-159,"Mediterranean-style Cottage Cheese, Cauliflower & Red Pepper Lunch Bowl 2",,lunch,Mediterranean-inspired,easy,4,15,20,"1 tbsp olive oil
1 onion, finely chopped
2 garlic cloves, crushed
250g cottage cheese
250g cauliflower, chopped
250g red pepper, chopped
250g sweet potato
1 tsp oregano
1 tsp basil
Juice of 1 lemon or lime
Fresh herbs, to serve
Optional chilli flakes or sliced jalapeños, added after serving","1. Heat olive oil in a large pan and cook onion for 6–8 minutes.
2. Add garlic and spices and cook for 1 minute.
3. Add cottage cheese, cauliflower and red pepper, stirring to coat in the flavour base.
4. Add tomatoes, stock or water as listed and simmer until tender.
5. Cook or stir in the sweet potato as appropriate for the dish.
6. Season lightly and serve with fresh herbs, with chilli or jalapeños added at the table.","Cottage Cheese, cauliflower, red pepper and sweet potato create a filling plant-forward meal built from recognisable ingredients and simple seasoning.","category: lunch
contains cottage cheese
contains cauliflower
contains red pepper
contains sweet potato
mild base recipe
lunchbox friendly",tha_library,authored,starter,THA Original Founding Cookbook,tha_original:THA-159,Mediterranean-style-cottage-cheese-cauliflower-red-pepper-lunch-bowl-2
THA-160,"Moroccan-style Lentil, Courgette & Green Bean Stuffed Pitta",,lunch,Moroccan-inspired,medium,4,15,20,"1 tbsp olive oil
1 onion, finely chopped
2 garlic cloves, crushed
1 x 400g tin lentils, drained
250g courgette, chopped
250g green bean, chopped
250g brown rice
1 tsp ground cumin
1 tsp ground coriander
Juice of 1 lemon or lime
Fresh herbs, to serve
Optional chilli flakes or sliced jalapeños, added after serving","1. Heat olive oil in a large pan and cook onion for 6–8 minutes.
2. Add garlic and spices and cook for 1 minute.
3. Add lentil, courgette and green bean, stirring to coat in the flavour base.
4. Add tomatoes, stock or water as listed and simmer until tender.
5. Cook or stir in the brown rice as appropriate for the dish.
6. Season lightly and serve with fresh herbs, with chilli or jalapeños added at the table.","Lentil, courgette, green bean and brown rice create a filling plant-forward meal built from recognisable ingredients and simple seasoning.","category: lunch
contains lentil
contains courgette
contains green bean
contains brown rice
mild base recipe
lunchbox friendly",tha_library,authored,starter,THA Original Founding Cookbook,tha_original:THA-160,Moroccan-style-lentil-courgette-green-bean-stuffed-pitta
THA-161,"Thai-style Tuna, Cherry Tomato & Pumpkin Jacket Potato 2",,lunch,Thai-inspired,medium,4,15,20,"1 tbsp olive oil
1 onion, finely chopped
2 garlic cloves, crushed
4 quality tuna fillets or 350g tuna
250g cherry tomato, chopped
250g pumpkin, chopped
250g pearl barley
1 tsp ginger
1 tsp lime
200ml reduced-fat coconut milk
Juice of 1 lemon or lime
Fresh herbs, to serve
Optional chilli flakes or sliced jalapeños, added after serving","1. Heat olive oil in a large pan and cook onion for 6–8 minutes.
2. Add garlic and spices and cook for 1 minute.
3. Add tuna, cherry tomato and pumpkin, stirring to coat in the flavour base.
4. Add tomatoes, stock or water as listed and simmer until tender.
5. Cook or stir in the pearl barley as appropriate for the dish.
6. Season lightly and serve with fresh herbs, with chilli or jalapeños added at the table.","Quality tuna is paired with cherry tomato, pumpkin and pearl barley for a whole-food meal where protein is balanced by vegetables and fibre.","category: lunch
contains tuna
contains cherry tomato
contains pumpkin
contains pearl barley
mild base recipe
lunchbox friendly",tha_library,authored,starter,THA Original Founding Cookbook,tha_original:THA-161,Thai-style-tuna-cherry-tomato-pumpkin-jacket-potato-2
THA-162,"Peruvian-style Halloumi, Sweetcorn & Celery Frittata 2",,lunch,Peruvian-inspired,medium,4,15,20,"1 tbsp olive oil
1 onion, finely chopped
2 garlic cloves, crushed
250g halloumi
250g sweetcorn, chopped
250g celery, chopped
250g wholemeal flatbread
1 tsp cumin
1 tsp lime
Juice of 1 lemon or lime
Fresh herbs, to serve
Optional chilli flakes or sliced jalapeños, added after serving","1. Heat olive oil in a large pan and cook onion for 6–8 minutes.
2. Add garlic and spices and cook for 1 minute.
3. Add halloumi, sweetcorn and celery, stirring to coat in the flavour base.
4. Add tomatoes, stock or water as listed and simmer until tender.
5. Cook or stir in the wholemeal flatbread as appropriate for the dish.
6. Season lightly and serve with fresh herbs, with chilli or jalapeños added at the table.","Halloumi, sweetcorn, celery and wholemeal flatbread create a filling plant-forward meal built from recognisable ingredients and simple seasoning.","category: lunch
contains halloumi
contains sweetcorn
contains celery
contains wholemeal flatbread
mild base recipe
lunchbox friendly",tha_library,authored,starter,THA Original Founding Cookbook,tha_original:THA-162,Peruvian-style-halloumi-sweetcorn-celery-frittata-2
THA-163,"British Tofu, Red Cabbage & Aubergine Lunch Bowl",,lunch,British family kitchen,easy,4,15,20,"1 tbsp olive oil
1 onion, finely chopped
2 garlic cloves, crushed
280g firm tofu, cubed
250g red cabbage, chopped
250g aubergine, chopped
250g oats
1 tsp thyme
1 tsp parsley
Juice of 1 lemon or lime
Fresh herbs, to serve
Optional chilli flakes or sliced jalapeños, added after serving","1. Heat olive oil in a large pan and cook onion for 6–8 minutes.
2. Add garlic and spices and cook for 1 minute.
3. Add tofu, red cabbage and aubergine, stirring to coat in the flavour base.
4. Add tomatoes, stock or water as listed and simmer until tender.
5. Cook or stir in the oats as appropriate for the dish.
6. Season lightly and serve with fresh herbs, with chilli or jalapeños added at the table.","Tofu, red cabbage, aubergine and oats create a filling plant-forward meal built from recognisable ingredients and simple seasoning.","category: lunch
contains tofu
contains red cabbage
contains aubergine
contains oats
mild base recipe
lunchbox friendly",tha_library,authored,starter,THA Original Founding Cookbook,tha_original:THA-163,british-tofu-red-cabbage-aubergine-lunch-bowl
THA-164,"Mediterranean-style Cod, Cucumber & Red Cabbage Stuffed Pitta 2",,lunch,Mediterranean-inspired,medium,4,15,20,"1 tbsp olive oil
1 onion, finely chopped
2 garlic cloves, crushed
4 quality cod fillets or 350g cod
250g cucumber, chopped
250g red cabbage, chopped
250g wholewheat pasta
1 tsp oregano
1 tsp basil
Juice of 1 lemon or lime
Fresh herbs, to serve
Optional chilli flakes or sliced jalapeños, added after serving","1. Heat olive oil in a large pan and cook onion for 6–8 minutes.
2. Add garlic and spices and cook for 1 minute.
3. Add cod, cucumber and red cabbage, stirring to coat in the flavour base.
4. Add tomatoes, stock or water as listed and simmer until tender.
5. Cook or stir in the wholewheat pasta as appropriate for the dish.
6. Season lightly and serve with fresh herbs, with chilli or jalapeños added at the table.","Quality cod is paired with cucumber, red cabbage and wholewheat pasta for a whole-food meal where protein is balanced by vegetables and fibre.","category: lunch
contains cod
contains cucumber
contains red cabbage
contains wholewheat pasta
mild base recipe
lunchbox friendly",tha_library,authored,starter,THA Original Founding Cookbook,tha_original:THA-164,Mediterranean-style-cod-cucumber-red-cabbage-stuffed-pitta-2
THA-165,"Moroccan-style Egg, Pumpkin & Parsnip Jacket Potato 2",,lunch,Moroccan-inspired,medium,4,15,20,"1 tbsp olive oil
1 onion, finely chopped
2 garlic cloves, crushed
6 eggs
250g pumpkin, chopped
250g parsnip, chopped
250g quinoa
1 tsp ground cumin
1 tsp ground coriander
Juice of 1 lemon or lime
Fresh herbs, to serve
Optional chilli flakes or sliced jalapeños, added after serving","1. Heat olive oil in a large pan and cook onion for 6–8 minutes.
2. Add garlic and spices and cook for 1 minute.
3. Add egg, pumpkin and parsnip, stirring to coat in the flavour base.
4. Add tomatoes, stock or water as listed and simmer until tender.
5. Cook or stir in the quinoa as appropriate for the dish.
6. Season lightly and serve with fresh herbs, with chilli or jalapeños added at the table.","Egg, pumpkin, parsnip and quinoa create a filling plant-forward meal built from recognisable ingredients and simple seasoning.","category: lunch
contains egg
contains pumpkin
contains parsnip
contains quinoa
mild base recipe
lunchbox friendly",tha_library,authored,starter,THA Original Founding Cookbook,tha_original:THA-165,Moroccan-style-egg-pumpkin-parsnip-jacket-potato-2
THA-166,"Thai-style Cannellini Bean, Kale & Spinach Frittata",,lunch,Thai-inspired,medium,4,15,20,"1 tbsp olive oil
1 onion, finely chopped
2 garlic cloves, crushed
1 x 400g tin cannellini beans, drained
250g kale, chopped
250g spinach, chopped
250g wholegrain wrap
1 tsp ginger
1 tsp lime
200ml reduced-fat coconut milk
Juice of 1 lemon or lime
Fresh herbs, to serve
Optional chilli flakes or sliced jalapeños, added after serving","1. Heat olive oil in a large pan and cook onion for 6–8 minutes.
2. Add garlic and spices and cook for 1 minute.
3. Add cannellini bean, kale and spinach, stirring to coat in the flavour base.
4. Add tomatoes, stock or water as listed and simmer until tender.
5. Cook or stir in the wholegrain wrap as appropriate for the dish.
6. Season lightly and serve with fresh herbs, with chilli or jalapeños added at the table.","Cannellini Bean, kale, spinach and wholegrain wrap create a filling plant-forward meal built from recognisable ingredients and simple seasoning.","category: lunch
contains cannellini bean
contains kale
contains spinach
contains wholegrain wrap
mild base recipe
lunchbox friendly",tha_library,authored,starter,THA Original Founding Cookbook,tha_original:THA-166,Thai-style-cannellini-bean-kale-spinach-frittata
THA-167,"Peruvian-style Mackerel, Fennel & Cherry Tomato Lunch Bowl 2",,lunch,Peruvian-inspired,easy,4,15,20,"1 tbsp olive oil
1 onion, finely chopped
2 garlic cloves, crushed
4 quality mackerel fillets or 350g mackerel
250g fennel, chopped
250g cherry tomato, chopped
250g wholegrain bread
1 tsp cumin
1 tsp lime
Juice of 1 lemon or lime
Fresh herbs, to serve
Optional chilli flakes or sliced jalapeños, added after serving","1. Heat olive oil in a large pan and cook onion for 6–8 minutes.
2. Add garlic and spices and cook for 1 minute.
3. Add mackerel, fennel and cherry tomato, stirring to coat in the flavour base.
4. Add tomatoes, stock or water as listed and simmer until tender.
5. Cook or stir in the wholegrain bread as appropriate for the dish.
6. Season lightly and serve with fresh herbs, with chilli or jalapeños added at the table.","Quality mackerel is paired with fennel, cherry tomato and wholegrain bread for a whole-food meal where protein is balanced by vegetables and fibre.","category: lunch
contains mackerel
contains fennel
contains cherry tomato
contains wholegrain bread
mild base recipe
lunchbox friendly",tha_library,authored,starter,THA Original Founding Cookbook,tha_original:THA-167,Peruvian-style-mackerel-fennel-cherry-tomato-lunch-bowl-2
THA-168,"British Feta, Onion & Radish Stuffed Pitta 2",,lunch,British family kitchen,medium,4,15,20,"1 tbsp olive oil
1 onion, finely chopped
2 garlic cloves, crushed
250g feta
250g onion, chopped
250g radish, chopped
250g wholewheat couscous
1 tsp thyme
1 tsp parsley
Juice of 1 lemon or lime
Fresh herbs, to serve
Optional chilli flakes or sliced jalapeños, added after serving","1. Heat olive oil in a large pan and cook onion for 6–8 minutes.
2. Add garlic and spices and cook for 1 minute.
3. Add feta, onion and radish, stirring to coat in the flavour base.
4. Add tomatoes, stock or water as listed and simmer until tender.
5. Cook or stir in the wholewheat couscous as appropriate for the dish.
6. Season lightly and serve with fresh herbs, with chilli or jalapeños added at the table.","Feta, onion, radish and wholewheat couscous create a filling plant-forward meal built from recognisable ingredients and simple seasoning.","category: lunch
contains feta
contains onion
contains radish
contains wholewheat couscous
mild base recipe
lunchbox friendly",tha_library,authored,starter,THA Original Founding Cookbook,tha_original:THA-168,british-feta-onion-radish-stuffed-pitta-2
THA-169,"Mediterranean-style Chickpea, Cauliflower & Pak Choi Jacket Potato",,lunch,Mediterranean-inspired,medium,4,15,20,"1 tbsp olive oil
1 onion, finely chopped
2 garlic cloves, crushed
1 x 400g tin chickpeas, drained
250g cauliflower, chopped
250g pak choi, chopped
250g buckwheat
1 tsp oregano
1 tsp basil
Juice of 1 lemon or lime
Fresh herbs, to serve
Optional chilli flakes or sliced jalapeños, added after serving","1. Heat olive oil in a large pan and cook onion for 6–8 minutes.
2. Add garlic and spices and cook for 1 minute.
3. Add chickpea, cauliflower and pak choi, stirring to coat in the flavour base.
4. Add tomatoes, stock or water as listed and simmer until tender.
5. Cook or stir in the buckwheat as appropriate for the dish.
6. Season lightly and serve with fresh herbs, with chilli or jalapeños added at the table.","Chickpea, cauliflower, pak choi and buckwheat create a filling plant-forward meal built from recognisable ingredients and simple seasoning.","category: lunch
contains chickpea
contains cauliflower
contains pak choi
contains buckwheat
mild base recipe
lunchbox friendly",tha_library,authored,starter,THA Original Founding Cookbook,tha_original:THA-169,Mediterranean-style-chickpea-cauliflower-pak-choi-jacket-potato
THA-170,"Moroccan-style Sardine, Courgette & Cauliflower Frittata 2",,lunch,Moroccan-inspired,medium,4,15,20,"1 tbsp olive oil
1 onion, finely chopped
2 garlic cloves, crushed
4 quality sardine fillets or 350g sardine
250g courgette, chopped
250g cauliflower, chopped
250g potato
1 tsp ground cumin
1 tsp ground coriander
Juice of 1 lemon or lime
Fresh herbs, to serve
Optional chilli flakes or sliced jalapeños, added after serving","1. Heat olive oil in a large pan and cook onion for 6–8 minutes.
2. Add garlic and spices and cook for 1 minute.
3. Add sardine, courgette and cauliflower, stirring to coat in the flavour base.
4. Add tomatoes, stock or water as listed and simmer until tender.
5. Cook or stir in the potato as appropriate for the dish.
6. Season lightly and serve with fresh herbs, with chilli or jalapeños added at the table.","Quality sardine is paired with courgette, cauliflower and potato for a whole-food meal where protein is balanced by vegetables and fibre.","category: lunch
contains sardine
contains courgette
contains cauliflower
contains potato
mild base recipe
lunchbox friendly",tha_library,authored,starter,THA Original Founding Cookbook,tha_original:THA-170,Moroccan-style-sardine-courgette-cauliflower-frittata-2
THA-171,"Thai-style Greek Yoghurt, Cherry Tomato & Peas Lunch Bowl 2",,lunch,Thai-inspired,easy,4,15,20,"1 tbsp olive oil
1 onion, finely chopped
2 garlic cloves, crushed
250g Greek yoghurt
250g cherry tomato, chopped
250g peas, chopped
250g brown basmati rice
1 tsp ginger
1 tsp lime
200ml reduced-fat coconut milk
Juice of 1 lemon or lime
Fresh herbs, to serve
Optional chilli flakes or sliced jalapeños, added after serving","1. Heat olive oil in a large pan and cook onion for 6–8 minutes.
2. Add garlic and spices and cook for 1 minute.
3. Add Greek yoghurt, cherry tomato and peas, stirring to coat in the flavour base.
4. Add tomatoes, stock or water as listed and simmer until tender.
5. Cook or stir in the brown basmati rice as appropriate for the dish.
6. Season lightly and serve with fresh herbs, with chilli or jalapeños added at the table.","Greek Yoghurt, cherry tomato, peas and brown basmati rice create a filling plant-forward meal built from recognisable ingredients and simple seasoning.","category: lunch
contains Greek yoghurt
contains cherry tomato
contains peas
contains brown basmati rice
mild base recipe
lunchbox friendly",tha_library,authored,starter,THA Original Founding Cookbook,tha_original:THA-171,Thai-style-greek-yoghurt-cherry-tomato-peas-lunch-bowl-2
THA-172,"Peruvian-style Split Pea, Sweetcorn & Mushroom Stuffed Pitta",,lunch,Peruvian-inspired,medium,4,15,20,"1 tbsp olive oil
1 onion, finely chopped
2 garlic cloves, crushed
250g split peas
250g sweetcorn, chopped
250g mushroom, chopped
250g bulgur wheat
1 tsp cumin
1 tsp lime
Juice of 1 lemon or lime
Fresh herbs, to serve
Optional chilli flakes or sliced jalapeños, added after serving","1. Heat olive oil in a large pan and cook onion for 6–8 minutes.
2. Add garlic and spices and cook for 1 minute.
3. Add split pea, sweetcorn and mushroom, stirring to coat in the flavour base.
4. Add tomatoes, stock or water as listed and simmer until tender.
5. Cook or stir in the bulgur wheat as appropriate for the dish.
6. Season lightly and serve with fresh herbs, with chilli or jalapeños added at the table.","Split Pea, sweetcorn, mushroom and bulgur wheat create a filling plant-forward meal built from recognisable ingredients and simple seasoning.","category: lunch
contains split pea
contains sweetcorn
contains mushroom
contains bulgur wheat
mild base recipe
lunchbox friendly",tha_library,authored,starter,THA Original Founding Cookbook,tha_original:THA-172,Peruvian-style-split-pea-sweetcorn-mushroom-stuffed-pitta
THA-173,"British Tuna, Red Cabbage & Fennel Jacket Potato 2",,lunch,British family kitchen,medium,4,15,20,"1 tbsp olive oil
1 onion, finely chopped
2 garlic cloves, crushed
4 quality tuna fillets or 350g tuna
250g red cabbage, chopped
250g fennel, chopped
250g wholewheat noodles
1 tsp thyme
1 tsp parsley
Juice of 1 lemon or lime
Fresh herbs, to serve
Optional chilli flakes or sliced jalapeños, added after serving","1. Heat olive oil in a large pan and cook onion for 6–8 minutes.
2. Add garlic and spices and cook for 1 minute.
3. Add tuna, red cabbage and fennel, stirring to coat in the flavour base.
4. Add tomatoes, stock or water as listed and simmer until tender.
5. Cook or stir in the wholewheat noodles as appropriate for the dish.
6. Season lightly and serve with fresh herbs, with chilli or jalapeños added at the table.","Quality tuna is paired with red cabbage, fennel and wholewheat noodles for a whole-food meal where protein is balanced by vegetables and fibre.","category: lunch
contains tuna
contains red cabbage
contains fennel
contains wholewheat noodles
mild base recipe
lunchbox friendly",tha_library,authored,starter,THA Original Founding Cookbook,tha_original:THA-173,british-tuna-red-cabbage-fennel-jacket-potato-2
THA-174,"Mediterranean-style Cottage Cheese, Cucumber & Red Pepper Frittata 2",,lunch,Mediterranean-inspired,medium,4,15,20,"1 tbsp olive oil
1 onion, finely chopped
2 garlic cloves, crushed
250g cottage cheese
250g cucumber, chopped
250g red pepper, chopped
250g sweet potato
1 tsp oregano
1 tsp basil
Juice of 1 lemon or lime
Fresh herbs, to serve
Optional chilli flakes or sliced jalapeños, added after serving","1. Heat olive oil in a large pan and cook onion for 6–8 minutes.
2. Add garlic and spices and cook for 1 minute.
3. Add cottage cheese, cucumber and red pepper, stirring to coat in the flavour base.
4. Add tomatoes, stock or water as listed and simmer until tender.
5. Cook or stir in the sweet potato as appropriate for the dish.
6. Season lightly and serve with fresh herbs, with chilli or jalapeños added at the table.","Cottage Cheese, cucumber, red pepper and sweet potato create a filling plant-forward meal built from recognisable ingredients and simple seasoning.","category: lunch
contains cottage cheese
contains cucumber
contains red pepper
contains sweet potato
mild base recipe
lunchbox friendly",tha_library,authored,starter,THA Original Founding Cookbook,tha_original:THA-174,Mediterranean-style-cottage-cheese-cucumber-red-pepper-frittata-2
THA-175,"Moroccan-style Black Bean, Pumpkin & Green Bean Lunch Bowl",,lunch,Moroccan-inspired,easy,4,15,20,"1 tbsp olive oil
1 onion, finely chopped
2 garlic cloves, crushed
1 x 400g tin black beans, drained
250g pumpkin, chopped
250g green bean, chopped
250g brown rice
1 tsp ground cumin
1 tsp ground coriander
Juice of 1 lemon or lime
Fresh herbs, to serve
Optional chilli flakes or sliced jalapeños, added after serving","1. Heat olive oil in a large pan and cook onion for 6–8 minutes.
2. Add garlic and spices and cook for 1 minute.
3. Add black bean, pumpkin and green bean, stirring to coat in the flavour base.
4. Add tomatoes, stock or water as listed and simmer until tender.
5. Cook or stir in the brown rice as appropriate for the dish.
6. Season lightly and serve with fresh herbs, with chilli or jalapeños added at the table.","Black Bean, pumpkin, green bean and brown rice create a filling plant-forward meal built from recognisable ingredients and simple seasoning.","category: lunch
contains black bean
contains pumpkin
contains green bean
contains brown rice
mild base recipe
lunchbox friendly",tha_library,authored,starter,THA Original Founding Cookbook,tha_original:THA-175,Moroccan-style-black-bean-pumpkin-green-bean-lunch-bowl
THA-176,"Thai-style Cod, Kale & Pumpkin Stuffed Pitta 2",,lunch,Thai-inspired,medium,4,15,20,"1 tbsp olive oil
1 onion, finely chopped
2 garlic cloves, crushed
4 quality cod fillets or 350g cod
250g kale, chopped
250g pumpkin, chopped
250g pearl barley
1 tsp ginger
1 tsp lime
200ml reduced-fat coconut milk
Juice of 1 lemon or lime
Fresh herbs, to serve
Optional chilli flakes or sliced jalapeños, added after serving","1. Heat olive oil in a large pan and cook onion for 6–8 minutes.
2. Add garlic and spices and cook for 1 minute.
3. Add cod, kale and pumpkin, stirring to coat in the flavour base.
4. Add tomatoes, stock or water as listed and simmer until tender.
5. Cook or stir in the pearl barley as appropriate for the dish.
6. Season lightly and serve with fresh herbs, with chilli or jalapeños added at the table.","Quality cod is paired with kale, pumpkin and pearl barley for a whole-food meal where protein is balanced by vegetables and fibre.","category: lunch
contains cod
contains kale
contains pumpkin
contains pearl barley
mild base recipe
lunchbox friendly",tha_library,authored,starter,THA Original Founding Cookbook,tha_original:THA-176,Thai-style-cod-kale-pumpkin-stuffed-pitta-2
THA-177,"Peruvian-style Halloumi, Fennel & Celery Jacket Potato 2",,lunch,Peruvian-inspired,medium,4,15,20,"1 tbsp olive oil
1 onion, finely chopped
2 garlic cloves, crushed
250g halloumi
250g fennel, chopped
250g celery, chopped
250g wholemeal flatbread
1 tsp cumin
1 tsp lime
Juice of 1 lemon or lime
Fresh herbs, to serve
Optional chilli flakes or sliced jalapeños, added after serving","1. Heat olive oil in a large pan and cook onion for 6–8 minutes.
2. Add garlic and spices and cook for 1 minute.
3. Add halloumi, fennel and celery, stirring to coat in the flavour base.
4. Add tomatoes, stock or water as listed and simmer until tender.
5. Cook or stir in the wholemeal flatbread as appropriate for the dish.
6. Season lightly and serve with fresh herbs, with chilli or jalapeños added at the table.","Halloumi, fennel, celery and wholemeal flatbread create a filling plant-forward meal built from recognisable ingredients and simple seasoning.","category: lunch
contains halloumi
contains fennel
contains celery
contains wholemeal flatbread
mild base recipe
lunchbox friendly",tha_library,authored,starter,THA Original Founding Cookbook,tha_original:THA-177,Peruvian-style-halloumi-fennel-celery-jacket-potato-2
THA-178,"British Green Pea, Onion & Aubergine Frittata",,lunch,British family kitchen,medium,4,15,20,"1 tbsp olive oil
1 onion, finely chopped
2 garlic cloves, crushed
250g green peas
250g onion, chopped
250g aubergine, chopped
250g oats
1 tsp thyme
1 tsp parsley
Juice of 1 lemon or lime
Fresh herbs, to serve
Optional chilli flakes or sliced jalapeños, added after serving","1. Heat olive oil in a large pan and cook onion for 6–8 minutes.
2. Add garlic and spices and cook for 1 minute.
3. Add green pea, onion and aubergine, stirring to coat in the flavour base.
4. Add tomatoes, stock or water as listed and simmer until tender.
5. Cook or stir in the oats as appropriate for the dish.
6. Season lightly and serve with fresh herbs, with chilli or jalapeños added at the table.","Green Pea, onion, aubergine and oats create a filling plant-forward meal built from recognisable ingredients and simple seasoning.","category: lunch
contains green pea
contains onion
contains aubergine
contains oats
mild base recipe
lunchbox friendly",tha_library,authored,starter,THA Original Founding Cookbook,tha_original:THA-178,british-green-pea-onion-aubergine-frittata
THA-179,"Mediterranean-style Mackerel, Cauliflower & Red Cabbage Lunch Bowl 2",,lunch,Mediterranean-inspired,easy,4,15,20,"1 tbsp olive oil
1 onion, finely chopped
2 garlic cloves, crushed
4 quality mackerel fillets or 350g mackerel
250g cauliflower, chopped
250g red cabbage, chopped
250g wholewheat pasta
1 tsp oregano
1 tsp basil
Juice of 1 lemon or lime
Fresh herbs, to serve
Optional chilli flakes or sliced jalapeños, added after serving","1. Heat olive oil in a large pan and cook onion for 6–8 minutes.
2. Add garlic and spices and cook for 1 minute.
3. Add mackerel, cauliflower and red cabbage, stirring to coat in the flavour base.
4. Add tomatoes, stock or water as listed and simmer until tender.
5. Cook or stir in the wholewheat pasta as appropriate for the dish.
6. Season lightly and serve with fresh herbs, with chilli or jalapeños added at the table.","Quality mackerel is paired with cauliflower, red cabbage and wholewheat pasta for a whole-food meal where protein is balanced by vegetables and fibre.","category: lunch
contains mackerel
contains cauliflower
contains red cabbage
contains wholewheat pasta
mild base recipe
lunchbox friendly",tha_library,authored,starter,THA Original Founding Cookbook,tha_original:THA-179,Mediterranean-style-mackerel-cauliflower-red-cabbage-lunch-bowl-2
THA-180,"Moroccan-style Egg, Courgette & Parsnip Stuffed Pitta 2",,lunch,Moroccan-inspired,medium,4,15,20,"1 tbsp olive oil
1 onion, finely chopped
2 garlic cloves, crushed
6 eggs
250g courgette, chopped
250g parsnip, chopped
250g quinoa
1 tsp ground cumin
1 tsp ground coriander
Juice of 1 lemon or lime
Fresh herbs, to serve
Optional chilli flakes or sliced jalapeños, added after serving","1. Heat olive oil in a large pan and cook onion for 6–8 minutes.
2. Add garlic and spices and cook for 1 minute.
3. Add egg, courgette and parsnip, stirring to coat in the flavour base.
4. Add tomatoes, stock or water as listed and simmer until tender.
5. Cook or stir in the quinoa as appropriate for the dish.
6. Season lightly and serve with fresh herbs, with chilli or jalapeños added at the table.","Egg, courgette, parsnip and quinoa create a filling plant-forward meal built from recognisable ingredients and simple seasoning.","category: lunch
contains egg
contains courgette
contains parsnip
contains quinoa
mild base recipe
lunchbox friendly",tha_library,authored,starter,THA Original Founding Cookbook,tha_original:THA-180,Moroccan-style-egg-courgette-parsnip-stuffed-pitta-2
THA-181,"Thai-style Haricot Bean, Cherry Tomato & Spinach Jacket Potato",,lunch,Thai-inspired,medium,4,15,20,"1 tbsp olive oil
1 onion, finely chopped
2 garlic cloves, crushed
1 x 400g tin haricot beans, drained
250g cherry tomato, chopped
250g spinach, chopped
250g wholegrain wrap
1 tsp ginger
1 tsp lime
200ml reduced-fat coconut milk
Juice of 1 lemon or lime
Fresh herbs, to serve
Optional chilli flakes or sliced jalapeños, added after serving","1. Heat olive oil in a large pan and cook onion for 6–8 minutes.
2. Add garlic and spices and cook for 1 minute.
3. Add haricot bean, cherry tomato and spinach, stirring to coat in the flavour base.
4. Add tomatoes, stock or water as listed and simmer until tender.
5. Cook or stir in the wholegrain wrap as appropriate for the dish.
6. Season lightly and serve with fresh herbs, with chilli or jalapeños added at the table.","Haricot Bean, cherry tomato, spinach and wholegrain wrap create a filling plant-forward meal built from recognisable ingredients and simple seasoning.","category: lunch
contains haricot bean
contains cherry tomato
contains spinach
contains wholegrain wrap
mild base recipe
lunchbox friendly",tha_library,authored,starter,THA Original Founding Cookbook,tha_original:THA-181,Thai-style-haricot-bean-cherry-tomato-spinach-jacket-potato
THA-182,"Peruvian-style Sardine, Sweetcorn & Cherry Tomato Frittata 2",,lunch,Peruvian-inspired,medium,4,15,20,"1 tbsp olive oil
1 onion, finely chopped
2 garlic cloves, crushed
4 quality sardine fillets or 350g sardine
250g sweetcorn, chopped
250g cherry tomato, chopped
250g wholegrain bread
1 tsp cumin
1 tsp lime
Juice of 1 lemon or lime
Fresh herbs, to serve
Optional chilli flakes or sliced jalapeños, added after serving","1. Heat olive oil in a large pan and cook onion for 6–8 minutes.
2. Add garlic and spices and cook for 1 minute.
3. Add sardine, sweetcorn and cherry tomato, stirring to coat in the flavour base.
4. Add tomatoes, stock or water as listed and simmer until tender.
5. Cook or stir in the wholegrain bread as appropriate for the dish.
6. Season lightly and serve with fresh herbs, with chilli or jalapeños added at the table.","Quality sardine is paired with sweetcorn, cherry tomato and wholegrain bread for a whole-food meal where protein is balanced by vegetables and fibre.","category: lunch
contains sardine
contains sweetcorn
contains cherry tomato
contains wholegrain bread
mild base recipe
lunchbox friendly",tha_library,authored,starter,THA Original Founding Cookbook,tha_original:THA-182,Peruvian-style-sardine-sweetcorn-cherry-tomato-frittata-2
THA-183,"British Feta, Red Cabbage & Radish Lunch Bowl 2",,lunch,British family kitchen,easy,4,15,20,"1 tbsp olive oil
1 onion, finely chopped
2 garlic cloves, crushed
250g feta
250g red cabbage, chopped
250g radish, chopped
250g wholewheat couscous
1 tsp thyme
1 tsp parsley
Juice of 1 lemon or lime
Fresh herbs, to serve
Optional chilli flakes or sliced jalapeños, added after serving","1. Heat olive oil in a large pan and cook onion for 6–8 minutes.
2. Add garlic and spices and cook for 1 minute.
3. Add feta, red cabbage and radish, stirring to coat in the flavour base.
4. Add tomatoes, stock or water as listed and simmer until tender.
5. Cook or stir in the wholewheat couscous as appropriate for the dish.
6. Season lightly and serve with fresh herbs, with chilli or jalapeños added at the table.","Feta, red cabbage, radish and wholewheat couscous create a filling plant-forward meal built from recognisable ingredients and simple seasoning.","category: lunch
contains feta
contains red cabbage
contains radish
contains wholewheat couscous
mild base recipe
lunchbox friendly",tha_library,authored,starter,THA Original Founding Cookbook,tha_original:THA-183,british-feta-red-cabbage-radish-lunch-bowl-2
THA-184,"Mediterranean-style Butter Bean, Cucumber & Pak Choi Stuffed Pitta",,lunch,Mediterranean-inspired,medium,4,15,20,"1 tbsp olive oil
1 onion, finely chopped
2 garlic cloves, crushed
1 x 400g tin butter beans, drained
250g cucumber, chopped
250g pak choi, chopped
250g buckwheat
1 tsp oregano
1 tsp basil
Juice of 1 lemon or lime
Fresh herbs, to serve
Optional chilli flakes or sliced jalapeños, added after serving","1. Heat olive oil in a large pan and cook onion for 6–8 minutes.
2. Add garlic and spices and cook for 1 minute.
3. Add butter bean, cucumber and pak choi, stirring to coat in the flavour base.
4. Add tomatoes, stock or water as listed and simmer until tender.
5. Cook or stir in the buckwheat as appropriate for the dish.
6. Season lightly and serve with fresh herbs, with chilli or jalapeños added at the table.","Butter Bean, cucumber, pak choi and buckwheat create a filling plant-forward meal built from recognisable ingredients and simple seasoning.","category: lunch
contains butter bean
contains cucumber
contains pak choi
contains buckwheat
mild base recipe
lunchbox friendly",tha_library,authored,starter,THA Original Founding Cookbook,tha_original:THA-184,Mediterranean-style-butter-bean-cucumber-pak-choi-stuffed-pitta
THA-185,"Moroccan-style Tuna, Pumpkin & Cauliflower Jacket Potato 2",,lunch,Moroccan-inspired,medium,4,15,20,"1 tbsp olive oil
1 onion, finely chopped
2 garlic cloves, crushed
4 quality tuna fillets or 350g tuna
250g pumpkin, chopped
250g cauliflower, chopped
250g potato
1 tsp ground cumin
1 tsp ground coriander
Juice of 1 lemon or lime
Fresh herbs, to serve
Optional chilli flakes or sliced jalapeños, added after serving","1. Heat olive oil in a large pan and cook onion for 6–8 minutes.
2. Add garlic and spices and cook for 1 minute.
3. Add tuna, pumpkin and cauliflower, stirring to coat in the flavour base.
4. Add tomatoes, stock or water as listed and simmer until tender.
5. Cook or stir in the potato as appropriate for the dish.
6. Season lightly and serve with fresh herbs, with chilli or jalapeños added at the table.","Quality tuna is paired with pumpkin, cauliflower and potato for a whole-food meal where protein is balanced by vegetables and fibre.","category: lunch
contains tuna
contains pumpkin
contains cauliflower
contains potato
mild base recipe
lunchbox friendly",tha_library,authored,starter,THA Original Founding Cookbook,tha_original:THA-185,Moroccan-style-tuna-pumpkin-cauliflower-jacket-potato-2
THA-186,"Thai-style Greek Yoghurt, Kale & Peas Frittata 2",,lunch,Thai-inspired,medium,4,15,20,"1 tbsp olive oil
1 onion, finely chopped
2 garlic cloves, crushed
250g Greek yoghurt
250g kale, chopped
250g peas, chopped
250g brown basmati rice
1 tsp ginger
1 tsp lime
200ml reduced-fat coconut milk
Juice of 1 lemon or lime
Fresh herbs, to serve
Optional chilli flakes or sliced jalapeños, added after serving","1. Heat olive oil in a large pan and cook onion for 6–8 minutes.
2. Add garlic and spices and cook for 1 minute.
3. Add Greek yoghurt, kale and peas, stirring to coat in the flavour base.
4. Add tomatoes, stock or water as listed and simmer until tender.
5. Cook or stir in the brown basmati rice as appropriate for the dish.
6. Season lightly and serve with fresh herbs, with chilli or jalapeños added at the table.","Greek Yoghurt, kale, peas and brown basmati rice create a filling plant-forward meal built from recognisable ingredients and simple seasoning.","category: lunch
contains Greek yoghurt
contains kale
contains peas
contains brown basmati rice
mild base recipe
lunchbox friendly",tha_library,authored,starter,THA Original Founding Cookbook,tha_original:THA-186,Thai-style-greek-yoghurt-kale-peas-frittata-2
THA-187,"Peruvian-style Edamame, Fennel & Mushroom Lunch Bowl",,lunch,Peruvian-inspired,easy,4,15,20,"1 tbsp olive oil
1 onion, finely chopped
2 garlic cloves, crushed
250g edamames
250g fennel, chopped
250g mushroom, chopped
250g bulgur wheat
1 tsp cumin
1 tsp lime
Juice of 1 lemon or lime
Fresh herbs, to serve
Optional chilli flakes or sliced jalapeños, added after serving","1. Heat olive oil in a large pan and cook onion for 6–8 minutes.
2. Add garlic and spices and cook for 1 minute.
3. Add edamame, fennel and mushroom, stirring to coat in the flavour base.
4. Add tomatoes, stock or water as listed and simmer until tender.
5. Cook or stir in the bulgur wheat as appropriate for the dish.
6. Season lightly and serve with fresh herbs, with chilli or jalapeños added at the table.","Edamame, fennel, mushroom and bulgur wheat create a filling plant-forward meal built from recognisable ingredients and simple seasoning.","category: lunch
contains edamame
contains fennel
contains mushroom
contains bulgur wheat
mild base recipe
lunchbox friendly",tha_library,authored,starter,THA Original Founding Cookbook,tha_original:THA-187,Peruvian-style-edamame-fennel-mushroom-lunch-bowl
THA-188,"British Cod, Onion & Fennel Stuffed Pitta 2",,lunch,British family kitchen,medium,4,15,20,"1 tbsp olive oil
1 onion, finely chopped
2 garlic cloves, crushed
4 quality cod fillets or 350g cod
250g onion, chopped
250g fennel, chopped
250g wholewheat noodles
1 tsp thyme
1 tsp parsley
Juice of 1 lemon or lime
Fresh herbs, to serve
Optional chilli flakes or sliced jalapeños, added after serving","1. Heat olive oil in a large pan and cook onion for 6–8 minutes.
2. Add garlic and spices and cook for 1 minute.
3. Add cod, onion and fennel, stirring to coat in the flavour base.
4. Add tomatoes, stock or water as listed and simmer until tender.
5. Cook or stir in the wholewheat noodles as appropriate for the dish.
6. Season lightly and serve with fresh herbs, with chilli or jalapeños added at the table.","Quality cod is paired with onion, fennel and wholewheat noodles for a whole-food meal where protein is balanced by vegetables and fibre.","category: lunch
contains cod
contains onion
contains fennel
contains wholewheat noodles
mild base recipe
lunchbox friendly",tha_library,authored,starter,THA Original Founding Cookbook,tha_original:THA-188,british-cod-onion-fennel-stuffed-pitta-2
THA-189,"Mediterranean-style Cottage Cheese, Cauliflower & Red Pepper Jacket Potato 2",,lunch,Mediterranean-inspired,medium,4,15,20,"1 tbsp olive oil
1 onion, finely chopped
2 garlic cloves, crushed
250g cottage cheese
250g cauliflower, chopped
250g red pepper, chopped
250g sweet potato
1 tsp oregano
1 tsp basil
Juice of 1 lemon or lime
Fresh herbs, to serve
Optional chilli flakes or sliced jalapeños, added after serving","1. Heat olive oil in a large pan and cook onion for 6–8 minutes.
2. Add garlic and spices and cook for 1 minute.
3. Add cottage cheese, cauliflower and red pepper, stirring to coat in the flavour base.
4. Add tomatoes, stock or water as listed and simmer until tender.
5. Cook or stir in the sweet potato as appropriate for the dish.
6. Season lightly and serve with fresh herbs, with chilli or jalapeños added at the table.","Cottage Cheese, cauliflower, red pepper and sweet potato create a filling plant-forward meal built from recognisable ingredients and simple seasoning.","category: lunch
contains cottage cheese
contains cauliflower
contains red pepper
contains sweet potato
mild base recipe
lunchbox friendly",tha_library,authored,starter,THA Original Founding Cookbook,tha_original:THA-189,Mediterranean-style-cottage-cheese-cauliflower-red-pepper-jacket-potato-2
THA-190,"Moroccan-style Kidney Bean, Courgette & Green Bean Frittata",,lunch,Moroccan-inspired,medium,4,15,20,"1 tbsp olive oil
1 onion, finely chopped
2 garlic cloves, crushed
1 x 400g tin kidney beans, drained
250g courgette, chopped
250g green bean, chopped
250g brown rice
1 tsp ground cumin
1 tsp ground coriander
Juice of 1 lemon or lime
Fresh herbs, to serve
Optional chilli flakes or sliced jalapeños, added after serving","1. Heat olive oil in a large pan and cook onion for 6–8 minutes.
2. Add garlic and spices and cook for 1 minute.
3. Add kidney bean, courgette and green bean, stirring to coat in the flavour base.
4. Add tomatoes, stock or water as listed and simmer until tender.
5. Cook or stir in the brown rice as appropriate for the dish.
6. Season lightly and serve with fresh herbs, with chilli or jalapeños added at the table.","Kidney Bean, courgette, green bean and brown rice create a filling plant-forward meal built from recognisable ingredients and simple seasoning.","category: lunch
contains kidney bean
contains courgette
contains green bean
contains brown rice
mild base recipe
lunchbox friendly",tha_library,authored,starter,THA Original Founding Cookbook,tha_original:THA-190,Moroccan-style-kidney-bean-courgette-green-bean-frittata
THA-191,"Thai-style Mackerel, Cherry Tomato & Pumpkin Lunch Bowl 2",,lunch,Thai-inspired,easy,4,15,20,"1 tbsp olive oil
1 onion, finely chopped
2 garlic cloves, crushed
4 quality mackerel fillets or 350g mackerel
250g cherry tomato, chopped
250g pumpkin, chopped
250g pearl barley
1 tsp ginger
1 tsp lime
200ml reduced-fat coconut milk
Juice of 1 lemon or lime
Fresh herbs, to serve
Optional chilli flakes or sliced jalapeños, added after serving","1. Heat olive oil in a large pan and cook onion for 6–8 minutes.
2. Add garlic and spices and cook for 1 minute.
3. Add mackerel, cherry tomato and pumpkin, stirring to coat in the flavour base.
4. Add tomatoes, stock or water as listed and simmer until tender.
5. Cook or stir in the pearl barley as appropriate for the dish.
6. Season lightly and serve with fresh herbs, with chilli or jalapeños added at the table.","Quality mackerel is paired with cherry tomato, pumpkin and pearl barley for a whole-food meal where protein is balanced by vegetables and fibre.","category: lunch
contains mackerel
contains cherry tomato
contains pumpkin
contains pearl barley
mild base recipe
lunchbox friendly",tha_library,authored,starter,THA Original Founding Cookbook,tha_original:THA-191,Thai-style-mackerel-cherry-tomato-pumpkin-lunch-bowl-2
THA-192,"Peruvian-style Halloumi, Sweetcorn & Celery Stuffed Pitta 2",,lunch,Peruvian-inspired,medium,4,15,20,"1 tbsp olive oil
1 onion, finely chopped
2 garlic cloves, crushed
250g halloumi
250g sweetcorn, chopped
250g celery, chopped
250g wholemeal flatbread
1 tsp cumin
1 tsp lime
Juice of 1 lemon or lime
Fresh herbs, to serve
Optional chilli flakes or sliced jalapeños, added after serving","1. Heat olive oil in a large pan and cook onion for 6–8 minutes.
2. Add garlic and spices and cook for 1 minute.
3. Add halloumi, sweetcorn and celery, stirring to coat in the flavour base.
4. Add tomatoes, stock or water as listed and simmer until tender.
5. Cook or stir in the wholemeal flatbread as appropriate for the dish.
6. Season lightly and serve with fresh herbs, with chilli or jalapeños added at the table.","Halloumi, sweetcorn, celery and wholemeal flatbread create a filling plant-forward meal built from recognisable ingredients and simple seasoning.","category: lunch
contains halloumi
contains sweetcorn
contains celery
contains wholemeal flatbread
mild base recipe
lunchbox friendly",tha_library,authored,starter,THA Original Founding Cookbook,tha_original:THA-192,Peruvian-style-halloumi-sweetcorn-celery-stuffed-pitta-2
THA-193,"British Lentil, Red Cabbage & Aubergine Jacket Potato",,lunch,British family kitchen,medium,4,15,20,"1 tbsp olive oil
1 onion, finely chopped
2 garlic cloves, crushed
1 x 400g tin lentils, drained
250g red cabbage, chopped
250g aubergine, chopped
250g oats
1 tsp thyme
1 tsp parsley
Juice of 1 lemon or lime
Fresh herbs, to serve
Optional chilli flakes or sliced jalapeños, added after serving","1. Heat olive oil in a large pan and cook onion for 6–8 minutes.
2. Add garlic and spices and cook for 1 minute.
3. Add lentil, red cabbage and aubergine, stirring to coat in the flavour base.
4. Add tomatoes, stock or water as listed and simmer until tender.
5. Cook or stir in the oats as appropriate for the dish.
6. Season lightly and serve with fresh herbs, with chilli or jalapeños added at the table.","Lentil, red cabbage, aubergine and oats create a filling plant-forward meal built from recognisable ingredients and simple seasoning.","category: lunch
contains lentil
contains red cabbage
contains aubergine
contains oats
mild base recipe
lunchbox friendly",tha_library,authored,starter,THA Original Founding Cookbook,tha_original:THA-193,british-lentil-red-cabbage-aubergine-jacket-potato
THA-194,"Australian Cafe-style Green Pea, Celery & Cucumber Rice Bowl",,dinner,Australian cafe-inspired,easy,4,15,35,"1 tbsp olive oil
1 onion, finely chopped
2 garlic cloves, crushed
250g green peas
250g celery, chopped
250g cucumber, chopped
250g oats
1 tsp lemon
1 tsp parsley
Juice of 1 lemon or lime
Fresh herbs, to serve
Optional chilli flakes or sliced jalapeños, added after serving","1. Heat olive oil in a large pan and cook onion for 6–8 minutes.
2. Add garlic and spices and cook for 1 minute.
3. Add green pea, celery and cucumber, stirring to coat in the flavour base.
4. Add tomatoes, stock or water as listed and simmer until tender.
5. Cook or stir in the oats as appropriate for the dish.
6. Season lightly and serve with fresh herbs, with chilli or jalapeños added at the table.","Green Pea, celery, cucumber and oats create a filling plant-forward meal built from recognisable ingredients and simple seasoning.","category: dinner
contains green pea
contains celery
contains cucumber
contains oats
mild base recipe",tha_library,authored,starter,THA Original Founding Cookbook,tha_original:THA-194,australian-Cafe-style-green-pea-celery-cucumber-rice-bowl
THA-195,"Spanish-style Chicken Thigh, Broccoli & Asparagus Noodle Bowl",,dinner,Spanish-inspired,medium,4,15,35,"1 tbsp olive oil
1 onion, finely chopped
2 garlic cloves, crushed
300g quality chicken thigh
250g broccoli, chopped
250g asparagus, chopped
250g wholewheat pasta
1 tsp smoked paprika
1 tsp parsley
1 tbsp low-salt soy sauce or tamari
Juice of 1 lime
Optional chilli flakes or sliced jalapeños, added after serving","1. Heat olive oil in a large pan and cook onion for 6–8 minutes.
2. Add garlic and spices and cook for 1 minute.
3. Add chicken thigh, broccoli and asparagus, stirring to coat in the flavour base.
4. Add tomatoes, stock or water as listed and simmer until tender.
5. Cook or stir in the wholewheat pasta as appropriate for the dish.
6. Season lightly and serve with fresh herbs, with chilli or jalapeños added at the table.","A modest amount of quality chicken thigh supports a plate led by broccoli, asparagus and wholewheat pasta, keeping the meal plant-forward while still familiar.","category: dinner
contains chicken thigh
contains broccoli
contains asparagus
contains wholewheat pasta
mild base recipe",tha_library,authored,starter,THA Original Founding Cookbook,tha_original:THA-195,Spanish-style-chicken-thigh-broccoli-asparagus-noodle-bowl
THA-196,"Indian-style Chickpea, Red Pepper & Carrot Skillet",,dinner,Indian-inspired,medium,4,15,35,"1 tbsp olive oil
1 onion, finely chopped
2 garlic cloves, crushed
1 x 400g tin chickpeas, drained
250g red pepper, chopped
250g carrot, chopped
250g quinoa
1 tsp ground cumin
1 tsp ground coriander
Juice of 1 lemon or lime
Fresh herbs, to serve
Optional chilli flakes or sliced jalapeños, added after serving","1. Heat olive oil in a large pan and cook onion for 6–8 minutes.
2. Add garlic and spices and cook for 1 minute.
3. Add chickpea, red pepper and carrot, stirring to coat in the flavour base.
4. Add tomatoes, stock or water as listed and simmer until tender.
5. Cook or stir in the quinoa as appropriate for the dish.
6. Season lightly and serve with fresh herbs, with chilli or jalapeños added at the table.","Chickpea, red pepper, carrot and quinoa create a filling plant-forward meal built from recognisable ingredients and simple seasoning.","category: dinner
contains chickpea
contains red pepper
contains carrot
contains quinoa
mild base recipe",tha_library,authored,starter,THA Original Founding Cookbook,tha_original:THA-196,Indian-style-chickpea-red-pepper-carrot-skillet
THA-197,"Indonesian-style Haricot Bean, Tomato & Sweetcorn One-Pot",,dinner,Indonesian-inspired,medium,4,15,35,"1 tbsp olive oil
1 onion, finely chopped
2 garlic cloves, crushed
1 x 400g tin haricot beans, drained
250g tomato, chopped
250g sweetcorn, chopped
250g wholegrain wrap
1 tsp ginger
1 tsp turmeric
1 tbsp tomato purée
1 x 400g tin chopped tomatoes
500ml low-salt stock or water
Juice of 1 lemon or lime
Fresh herbs, to serve
Optional chilli flakes or sliced jalapeños, added after serving","1. Heat olive oil in a large pan and cook onion for 6–8 minutes.
2. Add garlic and spices and cook for 1 minute.
3. Add haricot bean, tomato and sweetcorn, stirring to coat in the flavour base.
4. Add tomatoes, stock or water as listed and simmer until tender.
5. Cook or stir in the wholegrain wrap as appropriate for the dish.
6. Season lightly and serve with fresh herbs, with chilli or jalapeños added at the table.","Haricot Bean, tomato, sweetcorn and wholegrain wrap create a filling plant-forward meal built from recognisable ingredients and simple seasoning.","category: dinner
contains haricot bean
contains tomato
contains sweetcorn
contains wholegrain wrap
mild base recipe
batch-cook friendly",tha_library,authored,starter,THA Original Founding Cookbook,tha_original:THA-197,Indonesian-style-haricot-bean-tomato-sweetcorn-one-pot
THA-198,"Ethiopian-style Chicken Thigh, Peas & Butternut Squash Stew",,dinner,Ethiopian-inspired,medium,4,15,35,"1 tbsp olive oil
1 onion, finely chopped
2 garlic cloves, crushed
300g quality chicken thigh
250g peas, chopped
250g butternut squash, chopped
250g wholegrain bread
1 tsp paprika
1 tsp turmeric
1 tbsp tomato purée
1 x 400g tin chopped tomatoes
500ml low-salt stock or water
Juice of 1 lemon or lime
Fresh herbs, to serve
Optional chilli flakes or sliced jalapeños, added after serving","1. Heat olive oil in a large pan and cook onion for 6–8 minutes.
2. Add garlic and spices and cook for 1 minute.
3. Add chicken thigh, peas and butternut squash, stirring to coat in the flavour base.
4. Add tomatoes, stock or water as listed and simmer until tender.
5. Cook or stir in the wholegrain bread as appropriate for the dish.
6. Season lightly and serve with fresh herbs, with chilli or jalapeños added at the table.","A modest amount of quality chicken thigh supports a plate led by peas, butternut squash and wholegrain bread, keeping the meal plant-forward while still familiar.","category: dinner
contains chicken thigh
contains peas
contains butternut squash
contains wholegrain bread
mild base recipe
batch-cook friendly
freezer friendly",tha_library,authored,starter,THA Original Founding Cookbook,tha_original:THA-198,Ethiopian-style-chicken-thigh-peas-butternut-squash-stew
THA-199,"Australian Cafe-style Split Pea, Cabbage & Beetroot Rice Bowl",,dinner,Australian cafe-inspired,easy,4,15,35,"1 tbsp olive oil
1 onion, finely chopped
2 garlic cloves, crushed
250g split peas
250g cabbage, chopped
250g beetroot, chopped
250g wholewheat couscous
1 tsp lemon
1 tsp parsley
Juice of 1 lemon or lime
Fresh herbs, to serve
Optional chilli flakes or sliced jalapeños, added after serving","1. Heat olive oil in a large pan and cook onion for 6–8 minutes.
2. Add garlic and spices and cook for 1 minute.
3. Add split pea, cabbage and beetroot, stirring to coat in the flavour base.
4. Add tomatoes, stock or water as listed and simmer until tender.
5. Cook or stir in the wholewheat couscous as appropriate for the dish.
6. Season lightly and serve with fresh herbs, with chilli or jalapeños added at the table.","Split Pea, cabbage, beetroot and wholewheat couscous create a filling plant-forward meal built from recognisable ingredients and simple seasoning.","category: dinner
contains split pea
contains cabbage
contains beetroot
contains wholewheat couscous
mild base recipe",tha_library,authored,starter,THA Original Founding Cookbook,tha_original:THA-199,australian-Cafe-style-split-pea-cabbage-beetroot-rice-bowl
THA-200,"Spanish-style Butter Bean, Radish & Courgette Noodle Bowl",,dinner,Spanish-inspired,medium,4,15,35,"1 tbsp olive oil
1 onion, finely chopped
2 garlic cloves, crushed
1 x 400g tin butter beans, drained
250g radish, chopped
250g courgette, chopped
250g buckwheat
1 tsp smoked paprika
1 tsp parsley
1 tbsp low-salt soy sauce or tamari
Juice of 1 lime
Optional chilli flakes or sliced jalapeños, added after serving","1. Heat olive oil in a large pan and cook onion for 6–8 minutes.
2. Add garlic and spices and cook for 1 minute.
3. Add butter bean, radish and courgette, stirring to coat in the flavour base.
4. Add tomatoes, stock or water as listed and simmer until tender.
5. Cook or stir in the buckwheat as appropriate for the dish.
6. Season lightly and serve with fresh herbs, with chilli or jalapeños added at the table.","Butter Bean, radish, courgette and buckwheat create a filling plant-forward meal built from recognisable ingredients and simple seasoning.","category: dinner
contains butter bean
contains radish
contains courgette
contains buckwheat
mild base recipe",tha_library,authored,starter,THA Original Founding Cookbook,tha_original:THA-200,Spanish-style-butter-bean-radish-courgette-noodle-bowl
THA-201,"Indian-style Chicken Thigh, Butternut Squash & Cabbage Skillet",,dinner,Indian-inspired,medium,4,15,35,"1 tbsp olive oil
1 onion, finely chopped
2 garlic cloves, crushed
300g quality chicken thigh
250g butternut squash, chopped
250g cabbage, chopped
250g potato
1 tsp ground cumin
1 tsp ground coriander
Juice of 1 lemon or lime
Fresh herbs, to serve
Optional chilli flakes or sliced jalapeños, added after serving","1. Heat olive oil in a large pan and cook onion for 6–8 minutes.
2. Add garlic and spices and cook for 1 minute.
3. Add chicken thigh, butternut squash and cabbage, stirring to coat in the flavour base.
4. Add tomatoes, stock or water as listed and simmer until tender.
5. Cook or stir in the potato as appropriate for the dish.
6. Season lightly and serve with fresh herbs, with chilli or jalapeños added at the table.","A modest amount of quality chicken thigh supports a plate led by butternut squash, cabbage and potato, keeping the meal plant-forward while still familiar.","category: dinner
contains chicken thigh
contains butternut squash
contains cabbage
contains potato
mild base recipe",tha_library,authored,starter,THA Original Founding Cookbook,tha_original:THA-201,Indian-style-chicken-thigh-butternut-squash-cabbage-skillet
THA-202,"Indonesian-style Black Bean, Parsnip & Swede One-Pot",,dinner,Indonesian-inspired,medium,4,15,35,"1 tbsp olive oil
1 onion, finely chopped
2 garlic cloves, crushed
1 x 400g tin black beans, drained
250g parsnip, chopped
250g swede, chopped
250g brown basmati rice
1 tsp ginger
1 tsp turmeric
1 tbsp tomato purée
1 x 400g tin chopped tomatoes
500ml low-salt stock or water
Juice of 1 lemon or lime
Fresh herbs, to serve
Optional chilli flakes or sliced jalapeños, added after serving","1. Heat olive oil in a large pan and cook onion for 6–8 minutes.
2. Add garlic and spices and cook for 1 minute.
3. Add black bean, parsnip and swede, stirring to coat in the flavour base.
4. Add tomatoes, stock or water as listed and simmer until tender.
5. Cook or stir in the brown basmati rice as appropriate for the dish.
6. Season lightly and serve with fresh herbs, with chilli or jalapeños added at the table.","Black Bean, parsnip, swede and brown basmati rice create a filling plant-forward meal built from recognisable ingredients and simple seasoning.","category: dinner
contains black bean
contains parsnip
contains swede
contains brown basmati rice
mild base recipe
batch-cook friendly",tha_library,authored,starter,THA Original Founding Cookbook,tha_original:THA-202,Indonesian-style-black-bean-parsnip-swede-one-pot
THA-203,"Ethiopian-style Edamame, Asparagus & Onion Stew",,dinner,Ethiopian-inspired,medium,4,15,35,"1 tbsp olive oil
1 onion, finely chopped
2 garlic cloves, crushed
250g edamames
250g asparagus, chopped
250g onion, chopped
250g bulgur wheat
1 tsp paprika
1 tsp turmeric
1 tbsp tomato purée
1 x 400g tin chopped tomatoes
500ml low-salt stock or water
Juice of 1 lemon or lime
Fresh herbs, to serve
Optional chilli flakes or sliced jalapeños, added after serving","1. Heat olive oil in a large pan and cook onion for 6–8 minutes.
2. Add garlic and spices and cook for 1 minute.
3. Add edamame, asparagus and onion, stirring to coat in the flavour base.
4. Add tomatoes, stock or water as listed and simmer until tender.
5. Cook or stir in the bulgur wheat as appropriate for the dish.
6. Season lightly and serve with fresh herbs, with chilli or jalapeños added at the table.","Edamame, asparagus, onion and bulgur wheat create a filling plant-forward meal built from recognisable ingredients and simple seasoning.","category: dinner
contains edamame
contains asparagus
contains onion
contains bulgur wheat
mild base recipe
batch-cook friendly
freezer friendly",tha_library,authored,starter,THA Original Founding Cookbook,tha_original:THA-203,Ethiopian-style-edamame-asparagus-onion-stew
THA-204,"Australian Cafe-style Chicken Thigh, Celery & Tomato Rice Bowl",,dinner,Australian cafe-inspired,easy,4,15,35,"1 tbsp olive oil
1 onion, finely chopped
2 garlic cloves, crushed
300g quality chicken thigh
250g celery, chopped
250g tomato, chopped
250g wholewheat noodles
1 tsp lemon
1 tsp parsley
Juice of 1 lemon or lime
Fresh herbs, to serve
Optional chilli flakes or sliced jalapeños, added after serving","1. Heat olive oil in a large pan and cook onion for 6–8 minutes.
2. Add garlic and spices and cook for 1 minute.
3. Add chicken thigh, celery and tomato, stirring to coat in the flavour base.
4. Add tomatoes, stock or water as listed and simmer until tender.
5. Cook or stir in the wholewheat noodles as appropriate for the dish.
6. Season lightly and serve with fresh herbs, with chilli or jalapeños added at the table.","A modest amount of quality chicken thigh supports a plate led by celery, tomato and wholewheat noodles, keeping the meal plant-forward while still familiar.","category: dinner
contains chicken thigh
contains celery
contains tomato
contains wholewheat noodles
mild base recipe",tha_library,authored,starter,THA Original Founding Cookbook,tha_original:THA-204,australian-Cafe-style-chicken-thigh-celery-tomato-rice-bowl
THA-205,"Spanish-style Green Pea, Broccoli & Spring Onion Noodle Bowl",,dinner,Spanish-inspired,medium,4,15,35,"1 tbsp olive oil
1 onion, finely chopped
2 garlic cloves, crushed
250g green peas
250g broccoli, chopped
250g spring onion, chopped
250g sweet potato
1 tsp smoked paprika
1 tsp parsley
1 tbsp low-salt soy sauce or tamari
Juice of 1 lime
Optional chilli flakes or sliced jalapeños, added after serving","1. Heat olive oil in a large pan and cook onion for 6–8 minutes.
2. Add garlic and spices and cook for 1 minute.
3. Add green pea, broccoli and spring onion, stirring to coat in the flavour base.
4. Add tomatoes, stock or water as listed and simmer until tender.
5. Cook or stir in the sweet potato as appropriate for the dish.
6. Season lightly and serve with fresh herbs, with chilli or jalapeños added at the table.","Green Pea, broccoli, spring onion and sweet potato create a filling plant-forward meal built from recognisable ingredients and simple seasoning.","category: dinner
contains green pea
contains broccoli
contains spring onion
contains sweet potato
mild base recipe",tha_library,authored,starter,THA Original Founding Cookbook,tha_original:THA-205,Spanish-style-green-pea-broccoli-spring-onion-noodle-bowl
THA-206,"Indian-style Kidney Bean, Red Pepper & Kale Skillet",,dinner,Indian-inspired,medium,4,15,35,"1 tbsp olive oil
1 onion, finely chopped
2 garlic cloves, crushed
1 x 400g tin kidney beans, drained
250g red pepper, chopped
250g kale, chopped
250g brown rice
1 tsp ground cumin
1 tsp ground coriander
Juice of 1 lemon or lime
Fresh herbs, to serve
Optional chilli flakes or sliced jalapeños, added after serving","1. Heat olive oil in a large pan and cook onion for 6–8 minutes.
2. Add garlic and spices and cook for 1 minute.
3. Add kidney bean, red pepper and kale, stirring to coat in the flavour base.
4. Add tomatoes, stock or water as listed and simmer until tender.
5. Cook or stir in the brown rice as appropriate for the dish.
6. Season lightly and serve with fresh herbs, with chilli or jalapeños added at the table.","Kidney Bean, red pepper, kale and brown rice create a filling plant-forward meal built from recognisable ingredients and simple seasoning.","category: dinner
contains kidney bean
contains red pepper
contains kale
contains brown rice
mild base recipe",tha_library,authored,starter,THA Original Founding Cookbook,tha_original:THA-206,Indian-style-kidney-bean-red-pepper-kale-skillet
THA-207,"Indonesian-style Chicken Thigh, Tomato & Broccoli One-Pot",,dinner,Indonesian-inspired,medium,4,15,35,"1 tbsp olive oil
1 onion, finely chopped
2 garlic cloves, crushed
300g quality chicken thigh
250g tomato, chopped
250g broccoli, chopped
250g pearl barley
1 tsp ginger
1 tsp turmeric
1 tbsp tomato purée
1 x 400g tin chopped tomatoes
500ml low-salt stock or water
Juice of 1 lemon or lime
Fresh herbs, to serve
Optional chilli flakes or sliced jalapeños, added after serving","1. Heat olive oil in a large pan and cook onion for 6–8 minutes.
2. Add garlic and spices and cook for 1 minute.
3. Add chicken thigh, tomato and broccoli, stirring to coat in the flavour base.
4. Add tomatoes, stock or water as listed and simmer until tender.
5. Cook or stir in the pearl barley as appropriate for the dish.
6. Season lightly and serve with fresh herbs, with chilli or jalapeños added at the table.","A modest amount of quality chicken thigh supports a plate led by tomato, broccoli and pearl barley, keeping the meal plant-forward while still familiar.","category: dinner
contains chicken thigh
contains tomato
contains broccoli
contains pearl barley
mild base recipe
batch-cook friendly",tha_library,authored,starter,THA Original Founding Cookbook,tha_original:THA-207,Indonesian-style-chicken-thigh-tomato-broccoli-one-pot
THA-208,"Ethiopian-style Haricot Bean, Peas & Leek Stew",,dinner,Ethiopian-inspired,medium,4,15,35,"1 tbsp olive oil
1 onion, finely chopped
2 garlic cloves, crushed
1 x 400g tin haricot beans, drained
250g peas, chopped
250g leek, chopped
250g wholemeal flatbread
1 tsp paprika
1 tsp turmeric
1 tbsp tomato purée
1 x 400g tin chopped tomatoes
500ml low-salt stock or water
Juice of 1 lemon or lime
Fresh herbs, to serve
Optional chilli flakes or sliced jalapeños, added after serving","1. Heat olive oil in a large pan and cook onion for 6–8 minutes.
2. Add garlic and spices and cook for 1 minute.
3. Add haricot bean, peas and leek, stirring to coat in the flavour base.
4. Add tomatoes, stock or water as listed and simmer until tender.
5. Cook or stir in the wholemeal flatbread as appropriate for the dish.
6. Season lightly and serve with fresh herbs, with chilli or jalapeños added at the table.","Haricot Bean, peas, leek and wholemeal flatbread create a filling plant-forward meal built from recognisable ingredients and simple seasoning.","category: dinner
contains haricot bean
contains peas
contains leek
contains wholemeal flatbread
mild base recipe
batch-cook friendly
freezer friendly",tha_library,authored,starter,THA Original Founding Cookbook,tha_original:THA-208,Ethiopian-style-haricot-bean-peas-leek-stew
THA-209,"Australian Cafe-style Lentil, Cabbage & Cucumber Rice Bowl",,dinner,Australian cafe-inspired,easy,4,15,35,"1 tbsp olive oil
1 onion, finely chopped
2 garlic cloves, crushed
1 x 400g tin lentils, drained
250g cabbage, chopped
250g cucumber, chopped
250g oats
1 tsp lemon
1 tsp parsley
Juice of 1 lemon or lime
Fresh herbs, to serve
Optional chilli flakes or sliced jalapeños, added after serving","1. Heat olive oil in a large pan and cook onion for 6–8 minutes.
2. Add garlic and spices and cook for 1 minute.
3. Add lentil, cabbage and cucumber, stirring to coat in the flavour base.
4. Add tomatoes, stock or water as listed and simmer until tender.
5. Cook or stir in the oats as appropriate for the dish.
6. Season lightly and serve with fresh herbs, with chilli or jalapeños added at the table.","Lentil, cabbage, cucumber and oats create a filling plant-forward meal built from recognisable ingredients and simple seasoning.","category: dinner
contains lentil
contains cabbage
contains cucumber
contains oats
mild base recipe",tha_library,authored,starter,THA Original Founding Cookbook,tha_original:THA-209,australian-Cafe-style-lentil-cabbage-cucumber-rice-bowl
THA-210,"Spanish-style Chicken Thigh, Radish & Asparagus Noodle Bowl",,dinner,Spanish-inspired,medium,4,15,35,"1 tbsp olive oil
1 onion, finely chopped
2 garlic cloves, crushed
300g quality chicken thigh
250g radish, chopped
250g asparagus, chopped
250g wholewheat pasta
1 tsp smoked paprika
1 tsp parsley
1 tbsp low-salt soy sauce or tamari
Juice of 1 lime
Optional chilli flakes or sliced jalapeños, added after serving","1. Heat olive oil in a large pan and cook onion for 6–8 minutes.
2. Add garlic and spices and cook for 1 minute.
3. Add chicken thigh, radish and asparagus, stirring to coat in the flavour base.
4. Add tomatoes, stock or water as listed and simmer until tender.
5. Cook or stir in the wholewheat pasta as appropriate for the dish.
6. Season lightly and serve with fresh herbs, with chilli or jalapeños added at the table.","A modest amount of quality chicken thigh supports a plate led by radish, asparagus and wholewheat pasta, keeping the meal plant-forward while still familiar.","category: dinner
contains chicken thigh
contains radish
contains asparagus
contains wholewheat pasta
mild base recipe",tha_library,authored,starter,THA Original Founding Cookbook,tha_original:THA-210,Spanish-style-chicken-thigh-radish-asparagus-noodle-bowl
THA-211,"Indian-style Butter Bean, Butternut Squash & Carrot Skillet",,dinner,Indian-inspired,medium,4,15,35,"1 tbsp olive oil
1 onion, finely chopped
2 garlic cloves, crushed
1 x 400g tin butter beans, drained
250g butternut squash, chopped
250g carrot, chopped
250g quinoa
1 tsp ground cumin
1 tsp ground coriander
Juice of 1 lemon or lime
Fresh herbs, to serve
Optional chilli flakes or sliced jalapeños, added after serving","1. Heat olive oil in a large pan and cook onion for 6–8 minutes.
2. Add garlic and spices and cook for 1 minute.
3. Add butter bean, butternut squash and carrot, stirring to coat in the flavour base.
4. Add tomatoes, stock or water as listed and simmer until tender.
5. Cook or stir in the quinoa as appropriate for the dish.
6. Season lightly and serve with fresh herbs, with chilli or jalapeños added at the table.","Butter Bean, butternut squash, carrot and quinoa create a filling plant-forward meal built from recognisable ingredients and simple seasoning.","category: dinner
contains butter bean
contains butternut squash
contains carrot
contains quinoa
mild base recipe",tha_library,authored,starter,THA Original Founding Cookbook,tha_original:THA-211,Indian-style-butter-bean-butternut-squash-carrot-skillet
THA-212,"Indonesian-style Tofu, Parsnip & Sweetcorn One-Pot",,dinner,Indonesian-inspired,medium,4,15,35,"1 tbsp olive oil
1 onion, finely chopped
2 garlic cloves, crushed
280g firm tofu, cubed
250g parsnip, chopped
250g sweetcorn, chopped
250g wholegrain wrap
1 tsp ginger
1 tsp turmeric
1 tbsp tomato purée
1 x 400g tin chopped tomatoes
500ml low-salt stock or water
Juice of 1 lemon or lime
Fresh herbs, to serve
Optional chilli flakes or sliced jalapeños, added after serving","1. Heat olive oil in a large pan and cook onion for 6–8 minutes.
2. Add garlic and spices and cook for 1 minute.
3. Add tofu, parsnip and sweetcorn, stirring to coat in the flavour base.
4. Add tomatoes, stock or water as listed and simmer until tender.
5. Cook or stir in the wholegrain wrap as appropriate for the dish.
6. Season lightly and serve with fresh herbs, with chilli or jalapeños added at the table.","Tofu, parsnip, sweetcorn and wholegrain wrap create a filling plant-forward meal built from recognisable ingredients and simple seasoning.","category: dinner
contains tofu
contains parsnip
contains sweetcorn
contains wholegrain wrap
mild base recipe
batch-cook friendly",tha_library,authored,starter,THA Original Founding Cookbook,tha_original:THA-212,Indonesian-style-tofu-parsnip-sweetcorn-one-pot
THA-213,"Ethiopian-style Chicken Thigh, Asparagus & Butternut Squash Stew",,dinner,Ethiopian-inspired,medium,4,15,35,"1 tbsp olive oil
1 onion, finely chopped
2 garlic cloves, crushed
300g quality chicken thigh
250g asparagus, chopped
250g butternut squash, chopped
250g wholegrain bread
1 tsp paprika
1 tsp turmeric
1 tbsp tomato purée
1 x 400g tin chopped tomatoes
500ml low-salt stock or water
Juice of 1 lemon or lime
Fresh herbs, to serve
Optional chilli flakes or sliced jalapeños, added after serving","1. Heat olive oil in a large pan and cook onion for 6–8 minutes.
2. Add garlic and spices and cook for 1 minute.
3. Add chicken thigh, asparagus and butternut squash, stirring to coat in the flavour base.
4. Add tomatoes, stock or water as listed and simmer until tender.
5. Cook or stir in the wholegrain bread as appropriate for the dish.
6. Season lightly and serve with fresh herbs, with chilli or jalapeños added at the table.","A modest amount of quality chicken thigh supports a plate led by asparagus, butternut squash and wholegrain bread, keeping the meal plant-forward while still familiar.","category: dinner
contains chicken thigh
contains asparagus
contains butternut squash
contains wholegrain bread
mild base recipe
batch-cook friendly
freezer friendly",tha_library,authored,starter,THA Original Founding Cookbook,tha_original:THA-213,Ethiopian-style-chicken-thigh-asparagus-butternut-squash-stew
THA-214,"Australian Cafe-style Edamame, Celery & Beetroot Rice Bowl",,dinner,Australian cafe-inspired,easy,4,15,35,"1 tbsp olive oil
1 onion, finely chopped
2 garlic cloves, crushed
250g edamames
250g celery, chopped
250g beetroot, chopped
250g wholewheat couscous
1 tsp lemon
1 tsp parsley
Juice of 1 lemon or lime
Fresh herbs, to serve
Optional chilli flakes or sliced jalapeños, added after serving","1. Heat olive oil in a large pan and cook onion for 6–8 minutes.
2. Add garlic and spices and cook for 1 minute.
3. Add edamame, celery and beetroot, stirring to coat in the flavour base.
4. Add tomatoes, stock or water as listed and simmer until tender.
5. Cook or stir in the wholewheat couscous as appropriate for the dish.
6. Season lightly and serve with fresh herbs, with chilli or jalapeños added at the table.","Edamame, celery, beetroot and wholewheat couscous create a filling plant-forward meal built from recognisable ingredients and simple seasoning.","category: dinner
contains edamame
contains celery
contains beetroot
contains wholewheat couscous
mild base recipe",tha_library,authored,starter,THA Original Founding Cookbook,tha_original:THA-214,australian-Cafe-style-edamame-celery-beetroot-rice-bowl
THA-215,"Spanish-style Cannellini Bean, Broccoli & Courgette Noodle Bowl",,dinner,Spanish-inspired,medium,4,15,35,"1 tbsp olive oil
1 onion, finely chopped
2 garlic cloves, crushed
1 x 400g tin cannellini beans, drained
250g broccoli, chopped
250g courgette, chopped
250g buckwheat
1 tsp smoked paprika
1 tsp parsley
1 tbsp low-salt soy sauce or tamari
Juice of 1 lime
Optional chilli flakes or sliced jalapeños, added after serving","1. Heat olive oil in a large pan and cook onion for 6–8 minutes.
2. Add garlic and spices and cook for 1 minute.
3. Add cannellini bean, broccoli and courgette, stirring to coat in the flavour base.
4. Add tomatoes, stock or water as listed and simmer until tender.
5. Cook or stir in the buckwheat as appropriate for the dish.
6. Season lightly and serve with fresh herbs, with chilli or jalapeños added at the table.","Cannellini Bean, broccoli, courgette and buckwheat create a filling plant-forward meal built from recognisable ingredients and simple seasoning.","category: dinner
contains cannellini bean
contains broccoli
contains courgette
contains buckwheat
mild base recipe",tha_library,authored,starter,THA Original Founding Cookbook,tha_original:THA-215,Spanish-style-cannellini-bean-broccoli-courgette-noodle-bowl
THA-216,"Indian-style Chicken Thigh, Red Pepper & Cabbage Skillet",,dinner,Indian-inspired,medium,4,15,35,"1 tbsp olive oil
1 onion, finely chopped
2 garlic cloves, crushed
300g quality chicken thigh
250g red pepper, chopped
250g cabbage, chopped
250g potato
1 tsp ground cumin
1 tsp ground coriander
Juice of 1 lemon or lime
Fresh herbs, to serve
Optional chilli flakes or sliced jalapeños, added after serving","1. Heat olive oil in a large pan and cook onion for 6–8 minutes.
2. Add garlic and spices and cook for 1 minute.
3. Add chicken thigh, red pepper and cabbage, stirring to coat in the flavour base.
4. Add tomatoes, stock or water as listed and simmer until tender.
5. Cook or stir in the potato as appropriate for the dish.
6. Season lightly and serve with fresh herbs, with chilli or jalapeños added at the table.","A modest amount of quality chicken thigh supports a plate led by red pepper, cabbage and potato, keeping the meal plant-forward while still familiar.","category: dinner
contains chicken thigh
contains red pepper
contains cabbage
contains potato
mild base recipe",tha_library,authored,starter,THA Original Founding Cookbook,tha_original:THA-216,Indian-style-chicken-thigh-red-pepper-cabbage-skillet
THA-217,"Indonesian-style Kidney Bean, Tomato & Swede One-Pot",,dinner,Indonesian-inspired,medium,4,15,35,"1 tbsp olive oil
1 onion, finely chopped
2 garlic cloves, crushed
1 x 400g tin kidney beans, drained
250g tomato, chopped
250g swede, chopped
250g brown basmati rice
1 tsp ginger
1 tsp turmeric
1 tbsp tomato purée
1 x 400g tin chopped tomatoes
500ml low-salt stock or water
Juice of 1 lemon or lime
Fresh herbs, to serve
Optional chilli flakes or sliced jalapeños, added after serving","1. Heat olive oil in a large pan and cook onion for 6–8 minutes.
2. Add garlic and spices and cook for 1 minute.
3. Add kidney bean, tomato and swede, stirring to coat in the flavour base.
4. Add tomatoes, stock or water as listed and simmer until tender.
5. Cook or stir in the brown basmati rice as appropriate for the dish.
6. Season lightly and serve with fresh herbs, with chilli or jalapeños added at the table.","Kidney Bean, tomato, swede and brown basmati rice create a filling plant-forward meal built from recognisable ingredients and simple seasoning.","category: dinner
contains kidney bean
contains tomato
contains swede
contains brown basmati rice
mild base recipe
batch-cook friendly",tha_library,authored,starter,THA Original Founding Cookbook,tha_original:THA-217,Indonesian-style-kidney-bean-tomato-swede-one-pot
THA-218,"Ethiopian-style Chickpea, Peas & Onion Stew",,dinner,Ethiopian-inspired,medium,4,15,35,"1 tbsp olive oil
1 onion, finely chopped
2 garlic cloves, crushed
1 x 400g tin chickpeas, drained
250g peas, chopped
250g onion, chopped
250g bulgur wheat
1 tsp paprika
1 tsp turmeric
1 tbsp tomato purée
1 x 400g tin chopped tomatoes
500ml low-salt stock or water
Juice of 1 lemon or lime
Fresh herbs, to serve
Optional chilli flakes or sliced jalapeños, added after serving","1. Heat olive oil in a large pan and cook onion for 6–8 minutes.
2. Add garlic and spices and cook for 1 minute.
3. Add chickpea, peas and onion, stirring to coat in the flavour base.
4. Add tomatoes, stock or water as listed and simmer until tender.
5. Cook or stir in the bulgur wheat as appropriate for the dish.
6. Season lightly and serve with fresh herbs, with chilli or jalapeños added at the table.","Chickpea, peas, onion and bulgur wheat create a filling plant-forward meal built from recognisable ingredients and simple seasoning.","category: dinner
contains chickpea
contains peas
contains onion
contains bulgur wheat
mild base recipe
batch-cook friendly
freezer friendly",tha_library,authored,starter,THA Original Founding Cookbook,tha_original:THA-218,Ethiopian-style-chickpea-peas-onion-stew
THA-219,"Australian Cafe-style Chicken Thigh, Cabbage & Tomato Rice Bowl",,dinner,Australian cafe-inspired,easy,4,15,35,"1 tbsp olive oil
1 onion, finely chopped
2 garlic cloves, crushed
300g quality chicken thigh
250g cabbage, chopped
250g tomato, chopped
250g wholewheat noodles
1 tsp lemon
1 tsp parsley
Juice of 1 lemon or lime
Fresh herbs, to serve
Optional chilli flakes or sliced jalapeños, added after serving","1. Heat olive oil in a large pan and cook onion for 6–8 minutes.
2. Add garlic and spices and cook for 1 minute.
3. Add chicken thigh, cabbage and tomato, stirring to coat in the flavour base.
4. Add tomatoes, stock or water as listed and simmer until tender.
5. Cook or stir in the wholewheat noodles as appropriate for the dish.
6. Season lightly and serve with fresh herbs, with chilli or jalapeños added at the table.","A modest amount of quality chicken thigh supports a plate led by cabbage, tomato and wholewheat noodles, keeping the meal plant-forward while still familiar.","category: dinner
contains chicken thigh
contains cabbage
contains tomato
contains wholewheat noodles
mild base recipe",tha_library,authored,starter,THA Original Founding Cookbook,tha_original:THA-219,australian-Cafe-style-chicken-thigh-cabbage-tomato-rice-bowl
THA-220,"Spanish-style Lentil, Radish & Spring Onion Noodle Bowl",,dinner,Spanish-inspired,medium,4,15,35,"1 tbsp olive oil
1 onion, finely chopped
2 garlic cloves, crushed
1 x 400g tin lentils, drained
250g radish, chopped
250g spring onion, chopped
250g sweet potato
1 tsp smoked paprika
1 tsp parsley
1 tbsp low-salt soy sauce or tamari
Juice of 1 lime
Optional chilli flakes or sliced jalapeños, added after serving","1. Heat olive oil in a large pan and cook onion for 6–8 minutes.
2. Add garlic and spices and cook for 1 minute.
3. Add lentil, radish and spring onion, stirring to coat in the flavour base.
4. Add tomatoes, stock or water as listed and simmer until tender.
5. Cook or stir in the sweet potato as appropriate for the dish.
6. Season lightly and serve with fresh herbs, with chilli or jalapeños added at the table.","Lentil, radish, spring onion and sweet potato create a filling plant-forward meal built from recognisable ingredients and simple seasoning.","category: dinner
contains lentil
contains radish
contains spring onion
contains sweet potato
mild base recipe",tha_library,authored,starter,THA Original Founding Cookbook,tha_original:THA-220,Spanish-style-lentil-radish-spring-onion-noodle-bowl
THA-221,"Indian-style Split Pea, Butternut Squash & Kale Skillet",,dinner,Indian-inspired,medium,4,15,35,"1 tbsp olive oil
1 onion, finely chopped
2 garlic cloves, crushed
250g split peas
250g butternut squash, chopped
250g kale, chopped
250g brown rice
1 tsp ground cumin
1 tsp ground coriander
Juice of 1 lemon or lime
Fresh herbs, to serve
Optional chilli flakes or sliced jalapeños, added after serving","1. Heat olive oil in a large pan and cook onion for 6–8 minutes.
2. Add garlic and spices and cook for 1 minute.
3. Add split pea, butternut squash and kale, stirring to coat in the flavour base.
4. Add tomatoes, stock or water as listed and simmer until tender.
5. Cook or stir in the brown rice as appropriate for the dish.
6. Season lightly and serve with fresh herbs, with chilli or jalapeños added at the table.","Split Pea, butternut squash, kale and brown rice create a filling plant-forward meal built from recognisable ingredients and simple seasoning.","category: dinner
contains split pea
contains butternut squash
contains kale
contains brown rice
mild base recipe",tha_library,authored,starter,THA Original Founding Cookbook,tha_original:THA-221,Indian-style-split-pea-butternut-squash-kale-skillet
THA-222,"Indonesian-style Chicken Thigh, Parsnip & Broccoli One-Pot",,dinner,Indonesian-inspired,medium,4,15,35,"1 tbsp olive oil
1 onion, finely chopped
2 garlic cloves, crushed
300g quality chicken thigh
250g parsnip, chopped
250g broccoli, chopped
250g pearl barley
1 tsp ginger
1 tsp turmeric
1 tbsp tomato purée
1 x 400g tin chopped tomatoes
500ml low-salt stock or water
Juice of 1 lemon or lime
Fresh herbs, to serve
Optional chilli flakes or sliced jalapeños, added after serving","1. Heat olive oil in a large pan and cook onion for 6–8 minutes.
2. Add garlic and spices and cook for 1 minute.
3. Add chicken thigh, parsnip and broccoli, stirring to coat in the flavour base.
4. Add tomatoes, stock or water as listed and simmer until tender.
5. Cook or stir in the pearl barley as appropriate for the dish.
6. Season lightly and serve with fresh herbs, with chilli or jalapeños added at the table.","A modest amount of quality chicken thigh supports a plate led by parsnip, broccoli and pearl barley, keeping the meal plant-forward while still familiar.","category: dinner
contains chicken thigh
contains parsnip
contains broccoli
contains pearl barley
mild base recipe
batch-cook friendly",tha_library,authored,starter,THA Original Founding Cookbook,tha_original:THA-222,Indonesian-style-chicken-thigh-parsnip-broccoli-one-pot
THA-223,"Ethiopian-style Tofu, Asparagus & Leek Stew",,dinner,Ethiopian-inspired,medium,4,15,35,"1 tbsp olive oil
1 onion, finely chopped
2 garlic cloves, crushed
280g firm tofu, cubed
250g asparagus, chopped
250g leek, chopped
250g wholemeal flatbread
1 tsp paprika
1 tsp turmeric
1 tbsp tomato purée
1 x 400g tin chopped tomatoes
500ml low-salt stock or water
Juice of 1 lemon or lime
Fresh herbs, to serve
Optional chilli flakes or sliced jalapeños, added after serving","1. Heat olive oil in a large pan and cook onion for 6–8 minutes.
2. Add garlic and spices and cook for 1 minute.
3. Add tofu, asparagus and leek, stirring to coat in the flavour base.
4. Add tomatoes, stock or water as listed and simmer until tender.
5. Cook or stir in the wholemeal flatbread as appropriate for the dish.
6. Season lightly and serve with fresh herbs, with chilli or jalapeños added at the table.","Tofu, asparagus, leek and wholemeal flatbread create a filling plant-forward meal built from recognisable ingredients and simple seasoning.","category: dinner
contains tofu
contains asparagus
contains leek
contains wholemeal flatbread
mild base recipe
batch-cook friendly
freezer friendly",tha_library,authored,starter,THA Original Founding Cookbook,tha_original:THA-223,Ethiopian-style-tofu-asparagus-leek-stew
THA-224,"Australian Cafe-style Black Bean, Celery & Cucumber Rice Bowl",,dinner,Australian cafe-inspired,easy,4,15,35,"1 tbsp olive oil
1 onion, finely chopped
2 garlic cloves, crushed
1 x 400g tin black beans, drained
250g celery, chopped
250g cucumber, chopped
250g oats
1 tsp lemon
1 tsp parsley
Juice of 1 lemon or lime
Fresh herbs, to serve
Optional chilli flakes or sliced jalapeños, added after serving","1. Heat olive oil in a large pan and cook onion for 6–8 minutes.
2. Add garlic and spices and cook for 1 minute.
3. Add black bean, celery and cucumber, stirring to coat in the flavour base.
4. Add tomatoes, stock or water as listed and simmer until tender.
5. Cook or stir in the oats as appropriate for the dish.
6. Season lightly and serve with fresh herbs, with chilli or jalapeños added at the table.","Black Bean, celery, cucumber and oats create a filling plant-forward meal built from recognisable ingredients and simple seasoning.","category: dinner
contains black bean
contains celery
contains cucumber
contains oats
mild base recipe",tha_library,authored,starter,THA Original Founding Cookbook,tha_original:THA-224,australian-Cafe-style-black-bean-celery-cucumber-rice-bowl
THA-225,"Spanish-style Chicken Thigh, Broccoli & Asparagus Noodle Bowl 2",,dinner,Spanish-inspired,medium,4,15,35,"1 tbsp olive oil
1 onion, finely chopped
2 garlic cloves, crushed
300g quality chicken thigh
250g broccoli, chopped
250g asparagus, chopped
250g wholewheat pasta
1 tsp smoked paprika
1 tsp parsley
1 tbsp low-salt soy sauce or tamari
Juice of 1 lime
Optional chilli flakes or sliced jalapeños, added after serving","1. Heat olive oil in a large pan and cook onion for 6–8 minutes.
2. Add garlic and spices and cook for 1 minute.
3. Add chicken thigh, broccoli and asparagus, stirring to coat in the flavour base.
4. Add tomatoes, stock or water as listed and simmer until tender.
5. Cook or stir in the wholewheat pasta as appropriate for the dish.
6. Season lightly and serve with fresh herbs, with chilli or jalapeños added at the table.","A modest amount of quality chicken thigh supports a plate led by broccoli, asparagus and wholewheat pasta, keeping the meal plant-forward while still familiar.","category: dinner
contains chicken thigh
contains broccoli
contains asparagus
contains wholewheat pasta
mild base recipe",tha_library,authored,starter,THA Original Founding Cookbook,tha_original:THA-225,Spanish-style-chicken-thigh-broccoli-asparagus-noodle-bowl-2
THA-226,"Indian-style Cannellini Bean, Red Pepper & Carrot Skillet",,dinner,Indian-inspired,medium,4,15,35,"1 tbsp olive oil
1 onion, finely chopped
2 garlic cloves, crushed
1 x 400g tin cannellini beans, drained
250g red pepper, chopped
250g carrot, chopped
250g quinoa
1 tsp ground cumin
1 tsp ground coriander
Juice of 1 lemon or lime
Fresh herbs, to serve
Optional chilli flakes or sliced jalapeños, added after serving","1. Heat olive oil in a large pan and cook onion for 6–8 minutes.
2. Add garlic and spices and cook for 1 minute.
3. Add cannellini bean, red pepper and carrot, stirring to coat in the flavour base.
4. Add tomatoes, stock or water as listed and simmer until tender.
5. Cook or stir in the quinoa as appropriate for the dish.
6. Season lightly and serve with fresh herbs, with chilli or jalapeños added at the table.","Cannellini Bean, red pepper, carrot and quinoa create a filling plant-forward meal built from recognisable ingredients and simple seasoning.","category: dinner
contains cannellini bean
contains red pepper
contains carrot
contains quinoa
mild base recipe",tha_library,authored,starter,THA Original Founding Cookbook,tha_original:THA-226,Indian-style-cannellini-bean-red-pepper-carrot-skillet
THA-227,"Indonesian-style Green Pea, Tomato & Sweetcorn One-Pot",,dinner,Indonesian-inspired,medium,4,15,35,"1 tbsp olive oil
1 onion, finely chopped
2 garlic cloves, crushed
250g green peas
250g tomato, chopped
250g sweetcorn, chopped
250g wholegrain wrap
1 tsp ginger
1 tsp turmeric
1 tbsp tomato purée
1 x 400g tin chopped tomatoes
500ml low-salt stock or water
Juice of 1 lemon or lime
Fresh herbs, to serve
Optional chilli flakes or sliced jalapeños, added after serving","1. Heat olive oil in a large pan and cook onion for 6–8 minutes.
2. Add garlic and spices and cook for 1 minute.
3. Add green pea, tomato and sweetcorn, stirring to coat in the flavour base.
4. Add tomatoes, stock or water as listed and simmer until tender.
5. Cook or stir in the wholegrain wrap as appropriate for the dish.
6. Season lightly and serve with fresh herbs, with chilli or jalapeños added at the table.","Green Pea, tomato, sweetcorn and wholegrain wrap create a filling plant-forward meal built from recognisable ingredients and simple seasoning.","category: dinner
contains green pea
contains tomato
contains sweetcorn
contains wholegrain wrap
mild base recipe
batch-cook friendly",tha_library,authored,starter,THA Original Founding Cookbook,tha_original:THA-227,Indonesian-style-green-pea-tomato-sweetcorn-one-pot
THA-228,"Ethiopian-style Chicken Thigh, Peas & Butternut Squash Stew 2",,dinner,Ethiopian-inspired,medium,4,15,35,"1 tbsp olive oil
1 onion, finely chopped
2 garlic cloves, crushed
300g quality chicken thigh
250g peas, chopped
250g butternut squash, chopped
250g wholegrain bread
1 tsp paprika
1 tsp turmeric
1 tbsp tomato purée
1 x 400g tin chopped tomatoes
500ml low-salt stock or water
Juice of 1 lemon or lime
Fresh herbs, to serve
Optional chilli flakes or sliced jalapeños, added after serving","1. Heat olive oil in a large pan and cook onion for 6–8 minutes.
2. Add garlic and spices and cook for 1 minute.
3. Add chicken thigh, peas and butternut squash, stirring to coat in the flavour base.
4. Add tomatoes, stock or water as listed and simmer until tender.
5. Cook or stir in the wholegrain bread as appropriate for the dish.
6. Season lightly and serve with fresh herbs, with chilli or jalapeños added at the table.","A modest amount of quality chicken thigh supports a plate led by peas, butternut squash and wholegrain bread, keeping the meal plant-forward while still familiar.","category: dinner
contains chicken thigh
contains peas
contains butternut squash
contains wholegrain bread
mild base recipe
batch-cook friendly
freezer friendly",tha_library,authored,starter,THA Original Founding Cookbook,tha_original:THA-228,Ethiopian-style-chicken-thigh-peas-butternut-squash-stew-2
THA-229,"Australian Cafe-style Chickpea, Cabbage & Beetroot Rice Bowl",,dinner,Australian cafe-inspired,easy,4,15,35,"1 tbsp olive oil
1 onion, finely chopped
2 garlic cloves, crushed
1 x 400g tin chickpeas, drained
250g cabbage, chopped
250g beetroot, chopped
250g wholewheat couscous
1 tsp lemon
1 tsp parsley
Juice of 1 lemon or lime
Fresh herbs, to serve
Optional chilli flakes or sliced jalapeños, added after serving","1. Heat olive oil in a large pan and cook onion for 6–8 minutes.
2. Add garlic and spices and cook for 1 minute.
3. Add chickpea, cabbage and beetroot, stirring to coat in the flavour base.
4. Add tomatoes, stock or water as listed and simmer until tender.
5. Cook or stir in the wholewheat couscous as appropriate for the dish.
6. Season lightly and serve with fresh herbs, with chilli or jalapeños added at the table.","Chickpea, cabbage, beetroot and wholewheat couscous create a filling plant-forward meal built from recognisable ingredients and simple seasoning.","category: dinner
contains chickpea
contains cabbage
contains beetroot
contains wholewheat couscous
mild base recipe",tha_library,authored,starter,THA Original Founding Cookbook,tha_original:THA-229,australian-Cafe-style-chickpea-cabbage-beetroot-rice-bowl
THA-230,"Spanish-style Haricot Bean, Radish & Courgette Noodle Bowl",,dinner,Spanish-inspired,medium,4,15,35,"1 tbsp olive oil
1 onion, finely chopped
2 garlic cloves, crushed
1 x 400g tin haricot beans, drained
250g radish, chopped
250g courgette, chopped
250g buckwheat
1 tsp smoked paprika
1 tsp parsley
1 tbsp low-salt soy sauce or tamari
Juice of 1 lime
Optional chilli flakes or sliced jalapeños, added after serving","1. Heat olive oil in a large pan and cook onion for 6–8 minutes.
2. Add garlic and spices and cook for 1 minute.
3. Add haricot bean, radish and courgette, stirring to coat in the flavour base.
4. Add tomatoes, stock or water as listed and simmer until tender.
5. Cook or stir in the buckwheat as appropriate for the dish.
6. Season lightly and serve with fresh herbs, with chilli or jalapeños added at the table.","Haricot Bean, radish, courgette and buckwheat create a filling plant-forward meal built from recognisable ingredients and simple seasoning.","category: dinner
contains haricot bean
contains radish
contains courgette
contains buckwheat
mild base recipe",tha_library,authored,starter,THA Original Founding Cookbook,tha_original:THA-230,Spanish-style-haricot-bean-radish-courgette-noodle-bowl
THA-231,"Indian-style Chicken Thigh, Butternut Squash & Cabbage Skillet 2",,dinner,Indian-inspired,medium,4,15,35,"1 tbsp olive oil
1 onion, finely chopped
2 garlic cloves, crushed
300g quality chicken thigh
250g butternut squash, chopped
250g cabbage, chopped
250g potato
1 tsp ground cumin
1 tsp ground coriander
Juice of 1 lemon or lime
Fresh herbs, to serve
Optional chilli flakes or sliced jalapeños, added after serving","1. Heat olive oil in a large pan and cook onion for 6–8 minutes.
2. Add garlic and spices and cook for 1 minute.
3. Add chicken thigh, butternut squash and cabbage, stirring to coat in the flavour base.
4. Add tomatoes, stock or water as listed and simmer until tender.
5. Cook or stir in the potato as appropriate for the dish.
6. Season lightly and serve with fresh herbs, with chilli or jalapeños added at the table.","A modest amount of quality chicken thigh supports a plate led by butternut squash, cabbage and potato, keeping the meal plant-forward while still familiar.","category: dinner
contains chicken thigh
contains butternut squash
contains cabbage
contains potato
mild base recipe",tha_library,authored,starter,THA Original Founding Cookbook,tha_original:THA-231,Indian-style-chicken-thigh-butternut-squash-cabbage-skillet-2
THA-232,"Indonesian-style Split Pea, Parsnip & Swede One-Pot",,dinner,Indonesian-inspired,medium,4,15,35,"1 tbsp olive oil
1 onion, finely chopped
2 garlic cloves, crushed
250g split peas
250g parsnip, chopped
250g swede, chopped
250g brown basmati rice
1 tsp ginger
1 tsp turmeric
1 tbsp tomato purée
1 x 400g tin chopped tomatoes
500ml low-salt stock or water
Juice of 1 lemon or lime
Fresh herbs, to serve
Optional chilli flakes or sliced jalapeños, added after serving","1. Heat olive oil in a large pan and cook onion for 6–8 minutes.
2. Add garlic and spices and cook for 1 minute.
3. Add split pea, parsnip and swede, stirring to coat in the flavour base.
4. Add tomatoes, stock or water as listed and simmer until tender.
5. Cook or stir in the brown basmati rice as appropriate for the dish.
6. Season lightly and serve with fresh herbs, with chilli or jalapeños added at the table.","Split Pea, parsnip, swede and brown basmati rice create a filling plant-forward meal built from recognisable ingredients and simple seasoning.","category: dinner
contains split pea
contains parsnip
contains swede
contains brown basmati rice
mild base recipe
batch-cook friendly",tha_library,authored,starter,THA Original Founding Cookbook,tha_original:THA-232,Indonesian-style-split-pea-parsnip-swede-one-pot
THA-233,"Ethiopian-style Butter Bean, Asparagus & Onion Stew",,dinner,Ethiopian-inspired,medium,4,15,35,"1 tbsp olive oil
1 onion, finely chopped
2 garlic cloves, crushed
1 x 400g tin butter beans, drained
250g asparagus, chopped
250g onion, chopped
250g bulgur wheat
1 tsp paprika
1 tsp turmeric
1 tbsp tomato purée
1 x 400g tin chopped tomatoes
500ml low-salt stock or water
Juice of 1 lemon or lime
Fresh herbs, to serve
Optional chilli flakes or sliced jalapeños, added after serving","1. Heat olive oil in a large pan and cook onion for 6–8 minutes.
2. Add garlic and spices and cook for 1 minute.
3. Add butter bean, asparagus and onion, stirring to coat in the flavour base.
4. Add tomatoes, stock or water as listed and simmer until tender.
5. Cook or stir in the bulgur wheat as appropriate for the dish.
6. Season lightly and serve with fresh herbs, with chilli or jalapeños added at the table.","Butter Bean, asparagus, onion and bulgur wheat create a filling plant-forward meal built from recognisable ingredients and simple seasoning.","category: dinner
contains butter bean
contains asparagus
contains onion
contains bulgur wheat
mild base recipe
batch-cook friendly
freezer friendly",tha_library,authored,starter,THA Original Founding Cookbook,tha_original:THA-233,Ethiopian-style-butter-bean-asparagus-onion-stew
THA-234,"Australian Cafe-style Chicken Thigh, Celery & Tomato Rice Bowl 2",,dinner,Australian cafe-inspired,easy,4,15,35,"1 tbsp olive oil
1 onion, finely chopped
2 garlic cloves, crushed
300g quality chicken thigh
250g celery, chopped
250g tomato, chopped
250g wholewheat noodles
1 tsp lemon
1 tsp parsley
Juice of 1 lemon or lime
Fresh herbs, to serve
Optional chilli flakes or sliced jalapeños, added after serving","1. Heat olive oil in a large pan and cook onion for 6–8 minutes.
2. Add garlic and spices and cook for 1 minute.
3. Add chicken thigh, celery and tomato, stirring to coat in the flavour base.
4. Add tomatoes, stock or water as listed and simmer until tender.
5. Cook or stir in the wholewheat noodles as appropriate for the dish.
6. Season lightly and serve with fresh herbs, with chilli or jalapeños added at the table.","A modest amount of quality chicken thigh supports a plate led by celery, tomato and wholewheat noodles, keeping the meal plant-forward while still familiar.","category: dinner
contains chicken thigh
contains celery
contains tomato
contains wholewheat noodles
mild base recipe",tha_library,authored,starter,THA Original Founding Cookbook,tha_original:THA-234,australian-Cafe-style-chicken-thigh-celery-tomato-rice-bowl-2
THA-235,"Spanish-style Black Bean, Broccoli & Spring Onion Noodle Bowl",,dinner,Spanish-inspired,medium,4,15,35,"1 tbsp olive oil
1 onion, finely chopped
2 garlic cloves, crushed
1 x 400g tin black beans, drained
250g broccoli, chopped
250g spring onion, chopped
250g sweet potato
1 tsp smoked paprika
1 tsp parsley
1 tbsp low-salt soy sauce or tamari
Juice of 1 lime
Optional chilli flakes or sliced jalapeños, added after serving","1. Heat olive oil in a large pan and cook onion for 6–8 minutes.
2. Add garlic and spices and cook for 1 minute.
3. Add black bean, broccoli and spring onion, stirring to coat in the flavour base.
4. Add tomatoes, stock or water as listed and simmer until tender.
5. Cook or stir in the sweet potato as appropriate for the dish.
6. Season lightly and serve with fresh herbs, with chilli or jalapeños added at the table.","Black Bean, broccoli, spring onion and sweet potato create a filling plant-forward meal built from recognisable ingredients and simple seasoning.","category: dinner
contains black bean
contains broccoli
contains spring onion
contains sweet potato
mild base recipe",tha_library,authored,starter,THA Original Founding Cookbook,tha_original:THA-235,Spanish-style-black-bean-broccoli-spring-onion-noodle-bowl
THA-236,"Indian-style Edamame, Red Pepper & Kale Skillet",,dinner,Indian-inspired,medium,4,15,35,"1 tbsp olive oil
1 onion, finely chopped
2 garlic cloves, crushed
250g edamames
250g red pepper, chopped
250g kale, chopped
250g brown rice
1 tsp ground cumin
1 tsp ground coriander
Juice of 1 lemon or lime
Fresh herbs, to serve
Optional chilli flakes or sliced jalapeños, added after serving","1. Heat olive oil in a large pan and cook onion for 6–8 minutes.
2. Add garlic and spices and cook for 1 minute.
3. Add edamame, red pepper and kale, stirring to coat in the flavour base.
4. Add tomatoes, stock or water as listed and simmer until tender.
5. Cook or stir in the brown rice as appropriate for the dish.
6. Season lightly and serve with fresh herbs, with chilli or jalapeños added at the table.","Edamame, red pepper, kale and brown rice create a filling plant-forward meal built from recognisable ingredients and simple seasoning.","category: dinner
contains edamame
contains red pepper
contains kale
contains brown rice
mild base recipe",tha_library,authored,starter,THA Original Founding Cookbook,tha_original:THA-236,Indian-style-edamame-red-pepper-kale-skillet
THA-237,"Indonesian-style Chicken Thigh, Tomato & Broccoli One-Pot 2",,dinner,Indonesian-inspired,medium,4,15,35,"1 tbsp olive oil
1 onion, finely chopped
2 garlic cloves, crushed
300g quality chicken thigh
250g tomato, chopped
250g broccoli, chopped
250g pearl barley
1 tsp ginger
1 tsp turmeric
1 tbsp tomato purée
1 x 400g tin chopped tomatoes
500ml low-salt stock or water
Juice of 1 lemon or lime
Fresh herbs, to serve
Optional chilli flakes or sliced jalapeños, added after serving","1. Heat olive oil in a large pan and cook onion for 6–8 minutes.
2. Add garlic and spices and cook for 1 minute.
3. Add chicken thigh, tomato and broccoli, stirring to coat in the flavour base.
4. Add tomatoes, stock or water as listed and simmer until tender.
5. Cook or stir in the pearl barley as appropriate for the dish.
6. Season lightly and serve with fresh herbs, with chilli or jalapeños added at the table.","A modest amount of quality chicken thigh supports a plate led by tomato, broccoli and pearl barley, keeping the meal plant-forward while still familiar.","category: dinner
contains chicken thigh
contains tomato
contains broccoli
contains pearl barley
mild base recipe
batch-cook friendly",tha_library,authored,starter,THA Original Founding Cookbook,tha_original:THA-237,Indonesian-style-chicken-thigh-tomato-broccoli-one-pot-2
THA-238,"Ethiopian-style Green Pea, Peas & Leek Stew",,dinner,Ethiopian-inspired,medium,4,15,35,"1 tbsp olive oil
1 onion, finely chopped
2 garlic cloves, crushed
250g green peas
250g peas, chopped
250g leek, chopped
250g wholemeal flatbread
1 tsp paprika
1 tsp turmeric
1 tbsp tomato purée
1 x 400g tin chopped tomatoes
500ml low-salt stock or water
Juice of 1 lemon or lime
Fresh herbs, to serve
Optional chilli flakes or sliced jalapeños, added after serving","1. Heat olive oil in a large pan and cook onion for 6–8 minutes.
2. Add garlic and spices and cook for 1 minute.
3. Add green pea, peas and leek, stirring to coat in the flavour base.
4. Add tomatoes, stock or water as listed and simmer until tender.
5. Cook or stir in the wholemeal flatbread as appropriate for the dish.
6. Season lightly and serve with fresh herbs, with chilli or jalapeños added at the table.","Green Pea, peas, leek and wholemeal flatbread create a filling plant-forward meal built from recognisable ingredients and simple seasoning.","category: dinner
contains green pea
contains peas
contains leek
contains wholemeal flatbread
mild base recipe
batch-cook friendly
freezer friendly",tha_library,authored,starter,THA Original Founding Cookbook,tha_original:THA-238,Ethiopian-style-green-pea-peas-leek-stew
THA-239,"Australian Cafe-style Kidney Bean, Cabbage & Cucumber Rice Bowl",,dinner,Australian cafe-inspired,easy,4,15,35,"1 tbsp olive oil
1 onion, finely chopped
2 garlic cloves, crushed
1 x 400g tin kidney beans, drained
250g cabbage, chopped
250g cucumber, chopped
250g oats
1 tsp lemon
1 tsp parsley
Juice of 1 lemon or lime
Fresh herbs, to serve
Optional chilli flakes or sliced jalapeños, added after serving","1. Heat olive oil in a large pan and cook onion for 6–8 minutes.
2. Add garlic and spices and cook for 1 minute.
3. Add kidney bean, cabbage and cucumber, stirring to coat in the flavour base.
4. Add tomatoes, stock or water as listed and simmer until tender.
5. Cook or stir in the oats as appropriate for the dish.
6. Season lightly and serve with fresh herbs, with chilli or jalapeños added at the table.","Kidney Bean, cabbage, cucumber and oats create a filling plant-forward meal built from recognisable ingredients and simple seasoning.","category: dinner
contains kidney bean
contains cabbage
contains cucumber
contains oats
mild base recipe",tha_library,authored,starter,THA Original Founding Cookbook,tha_original:THA-239,australian-Cafe-style-kidney-bean-cabbage-cucumber-rice-bowl
THA-240,"Spanish-style Chicken Thigh, Radish & Asparagus Noodle Bowl 2",,dinner,Spanish-inspired,medium,4,15,35,"1 tbsp olive oil
1 onion, finely chopped
2 garlic cloves, crushed
300g quality chicken thigh
250g radish, chopped
250g asparagus, chopped
250g wholewheat pasta
1 tsp smoked paprika
1 tsp parsley
1 tbsp low-salt soy sauce or tamari
Juice of 1 lime
Optional chilli flakes or sliced jalapeños, added after serving","1. Heat olive oil in a large pan and cook onion for 6–8 minutes.
2. Add garlic and spices and cook for 1 minute.
3. Add chicken thigh, radish and asparagus, stirring to coat in the flavour base.
4. Add tomatoes, stock or water as listed and simmer until tender.
5. Cook or stir in the wholewheat pasta as appropriate for the dish.
6. Season lightly and serve with fresh herbs, with chilli or jalapeños added at the table.","A modest amount of quality chicken thigh supports a plate led by radish, asparagus and wholewheat pasta, keeping the meal plant-forward while still familiar.","category: dinner
contains chicken thigh
contains radish
contains asparagus
contains wholewheat pasta
mild base recipe",tha_library,authored,starter,THA Original Founding Cookbook,tha_original:THA-240,Spanish-style-chicken-thigh-radish-asparagus-noodle-bowl-2
THA-241,"Indian-style Haricot Bean, Butternut Squash & Carrot Skillet",,dinner,Indian-inspired,medium,4,15,35,"1 tbsp olive oil
1 onion, finely chopped
2 garlic cloves, crushed
1 x 400g tin haricot beans, drained
250g butternut squash, chopped
250g carrot, chopped
250g quinoa
1 tsp ground cumin
1 tsp ground coriander
Juice of 1 lemon or lime
Fresh herbs, to serve
Optional chilli flakes or sliced jalapeños, added after serving","1. Heat olive oil in a large pan and cook onion for 6–8 minutes.
2. Add garlic and spices and cook for 1 minute.
3. Add haricot bean, butternut squash and carrot, stirring to coat in the flavour base.
4. Add tomatoes, stock or water as listed and simmer until tender.
5. Cook or stir in the quinoa as appropriate for the dish.
6. Season lightly and serve with fresh herbs, with chilli or jalapeños added at the table.","Haricot Bean, butternut squash, carrot and quinoa create a filling plant-forward meal built from recognisable ingredients and simple seasoning.","category: dinner
contains haricot bean
contains butternut squash
contains carrot
contains quinoa
mild base recipe",tha_library,authored,starter,THA Original Founding Cookbook,tha_original:THA-241,Indian-style-haricot-bean-butternut-squash-carrot-skillet
THA-242,"Indonesian-style Lentil, Parsnip & Sweetcorn One-Pot",,dinner,Indonesian-inspired,medium,4,15,35,"1 tbsp olive oil
1 onion, finely chopped
2 garlic cloves, crushed
1 x 400g tin lentils, drained
250g parsnip, chopped
250g sweetcorn, chopped
250g wholegrain wrap
1 tsp ginger
1 tsp turmeric
1 tbsp tomato purée
1 x 400g tin chopped tomatoes
500ml low-salt stock or water
Juice of 1 lemon or lime
Fresh herbs, to serve
Optional chilli flakes or sliced jalapeños, added after serving","1. Heat olive oil in a large pan and cook onion for 6–8 minutes.
2. Add garlic and spices and cook for 1 minute.
3. Add lentil, parsnip and sweetcorn, stirring to coat in the flavour base.
4. Add tomatoes, stock or water as listed and simmer until tender.
5. Cook or stir in the wholegrain wrap as appropriate for the dish.
6. Season lightly and serve with fresh herbs, with chilli or jalapeños added at the table.","Lentil, parsnip, sweetcorn and wholegrain wrap create a filling plant-forward meal built from recognisable ingredients and simple seasoning.","category: dinner
contains lentil
contains parsnip
contains sweetcorn
contains wholegrain wrap
mild base recipe
batch-cook friendly",tha_library,authored,starter,THA Original Founding Cookbook,tha_original:THA-242,Indonesian-style-lentil-parsnip-sweetcorn-one-pot
THA-243,"Ethiopian-style Chicken Thigh, Asparagus & Butternut Squash Stew 2",,dinner,Ethiopian-inspired,medium,4,15,35,"1 tbsp olive oil
1 onion, finely chopped
2 garlic cloves, crushed
300g quality chicken thigh
250g asparagus, chopped
250g butternut squash, chopped
250g wholegrain bread
1 tsp paprika
1 tsp turmeric
1 tbsp tomato purée
1 x 400g tin chopped tomatoes
500ml low-salt stock or water
Juice of 1 lemon or lime
Fresh herbs, to serve
Optional chilli flakes or sliced jalapeños, added after serving","1. Heat olive oil in a large pan and cook onion for 6–8 minutes.
2. Add garlic and spices and cook for 1 minute.
3. Add chicken thigh, asparagus and butternut squash, stirring to coat in the flavour base.
4. Add tomatoes, stock or water as listed and simmer until tender.
5. Cook or stir in the wholegrain bread as appropriate for the dish.
6. Season lightly and serve with fresh herbs, with chilli or jalapeños added at the table.","A modest amount of quality chicken thigh supports a plate led by asparagus, butternut squash and wholegrain bread, keeping the meal plant-forward while still familiar.","category: dinner
contains chicken thigh
contains asparagus
contains butternut squash
contains wholegrain bread
mild base recipe
batch-cook friendly
freezer friendly",tha_library,authored,starter,THA Original Founding Cookbook,tha_original:THA-243,Ethiopian-style-chicken-thigh-asparagus-butternut-squash-stew-2
THA-244,"Australian Cafe-style Butter Bean, Celery & Beetroot Rice Bowl",,dinner,Australian cafe-inspired,easy,4,15,35,"1 tbsp olive oil
1 onion, finely chopped
2 garlic cloves, crushed
1 x 400g tin butter beans, drained
250g celery, chopped
250g beetroot, chopped
250g wholewheat couscous
1 tsp lemon
1 tsp parsley
Juice of 1 lemon or lime
Fresh herbs, to serve
Optional chilli flakes or sliced jalapeños, added after serving","1. Heat olive oil in a large pan and cook onion for 6–8 minutes.
2. Add garlic and spices and cook for 1 minute.
3. Add butter bean, celery and beetroot, stirring to coat in the flavour base.
4. Add tomatoes, stock or water as listed and simmer until tender.
5. Cook or stir in the wholewheat couscous as appropriate for the dish.
6. Season lightly and serve with fresh herbs, with chilli or jalapeños added at the table.","Butter Bean, celery, beetroot and wholewheat couscous create a filling plant-forward meal built from recognisable ingredients and simple seasoning.","category: dinner
contains butter bean
contains celery
contains beetroot
contains wholewheat couscous
mild base recipe",tha_library,authored,starter,THA Original Founding Cookbook,tha_original:THA-244,australian-Cafe-style-butter-bean-celery-beetroot-rice-bowl
THA-245,"Spanish-style Tofu, Broccoli & Courgette Noodle Bowl",,dinner,Spanish-inspired,medium,4,15,35,"1 tbsp olive oil
1 onion, finely chopped
2 garlic cloves, crushed
280g firm tofu, cubed
250g broccoli, chopped
250g courgette, chopped
250g buckwheat
1 tsp smoked paprika
1 tsp parsley
1 tbsp low-salt soy sauce or tamari
Juice of 1 lime
Optional chilli flakes or sliced jalapeños, added after serving","1. Heat olive oil in a large pan and cook onion for 6–8 minutes.
2. Add garlic and spices and cook for 1 minute.
3. Add tofu, broccoli and courgette, stirring to coat in the flavour base.
4. Add tomatoes, stock or water as listed and simmer until tender.
5. Cook or stir in the buckwheat as appropriate for the dish.
6. Season lightly and serve with fresh herbs, with chilli or jalapeños added at the table.","Tofu, broccoli, courgette and buckwheat create a filling plant-forward meal built from recognisable ingredients and simple seasoning.","category: dinner
contains tofu
contains broccoli
contains courgette
contains buckwheat
mild base recipe",tha_library,authored,starter,THA Original Founding Cookbook,tha_original:THA-245,Spanish-style-tofu-broccoli-courgette-noodle-bowl
THA-246,"Indian-style Chicken Thigh, Red Pepper & Cabbage Skillet 2",,dinner,Indian-inspired,medium,4,15,35,"1 tbsp olive oil
1 onion, finely chopped
2 garlic cloves, crushed
300g quality chicken thigh
250g red pepper, chopped
250g cabbage, chopped
250g potato
1 tsp ground cumin
1 tsp ground coriander
Juice of 1 lemon or lime
Fresh herbs, to serve
Optional chilli flakes or sliced jalapeños, added after serving","1. Heat olive oil in a large pan and cook onion for 6–8 minutes.
2. Add garlic and spices and cook for 1 minute.
3. Add chicken thigh, red pepper and cabbage, stirring to coat in the flavour base.
4. Add tomatoes, stock or water as listed and simmer until tender.
5. Cook or stir in the potato as appropriate for the dish.
6. Season lightly and serve with fresh herbs, with chilli or jalapeños added at the table.","A modest amount of quality chicken thigh supports a plate led by red pepper, cabbage and potato, keeping the meal plant-forward while still familiar.","category: dinner
contains chicken thigh
contains red pepper
contains cabbage
contains potato
mild base recipe",tha_library,authored,starter,THA Original Founding Cookbook,tha_original:THA-246,Indian-style-chicken-thigh-red-pepper-cabbage-skillet-2
THA-247,"Indonesian-style Edamame, Tomato & Swede One-Pot",,dinner,Indonesian-inspired,medium,4,15,35,"1 tbsp olive oil
1 onion, finely chopped
2 garlic cloves, crushed
250g edamames
250g tomato, chopped
250g swede, chopped
250g brown basmati rice
1 tsp ginger
1 tsp turmeric
1 tbsp tomato purée
1 x 400g tin chopped tomatoes
500ml low-salt stock or water
Juice of 1 lemon or lime
Fresh herbs, to serve
Optional chilli flakes or sliced jalapeños, added after serving","1. Heat olive oil in a large pan and cook onion for 6–8 minutes.
2. Add garlic and spices and cook for 1 minute.
3. Add edamame, tomato and swede, stirring to coat in the flavour base.
4. Add tomatoes, stock or water as listed and simmer until tender.
5. Cook or stir in the brown basmati rice as appropriate for the dish.
6. Season lightly and serve with fresh herbs, with chilli or jalapeños added at the table.","Edamame, tomato, swede and brown basmati rice create a filling plant-forward meal built from recognisable ingredients and simple seasoning.","category: dinner
contains edamame
contains tomato
contains swede
contains brown basmati rice
mild base recipe
batch-cook friendly",tha_library,authored,starter,THA Original Founding Cookbook,tha_original:THA-247,Indonesian-style-edamame-tomato-swede-one-pot
THA-248,"Ethiopian-style Cannellini Bean, Peas & Onion Stew",,dinner,Ethiopian-inspired,medium,4,15,35,"1 tbsp olive oil
1 onion, finely chopped
2 garlic cloves, crushed
1 x 400g tin cannellini beans, drained
250g peas, chopped
250g onion, chopped
250g bulgur wheat
1 tsp paprika
1 tsp turmeric
1 tbsp tomato purée
1 x 400g tin chopped tomatoes
500ml low-salt stock or water
Juice of 1 lemon or lime
Fresh herbs, to serve
Optional chilli flakes or sliced jalapeños, added after serving","1. Heat olive oil in a large pan and cook onion for 6–8 minutes.
2. Add garlic and spices and cook for 1 minute.
3. Add cannellini bean, peas and onion, stirring to coat in the flavour base.
4. Add tomatoes, stock or water as listed and simmer until tender.
5. Cook or stir in the bulgur wheat as appropriate for the dish.
6. Season lightly and serve with fresh herbs, with chilli or jalapeños added at the table.","Cannellini Bean, peas, onion and bulgur wheat create a filling plant-forward meal built from recognisable ingredients and simple seasoning.","category: dinner
contains cannellini bean
contains peas
contains onion
contains bulgur wheat
mild base recipe
batch-cook friendly
freezer friendly",tha_library,authored,starter,THA Original Founding Cookbook,tha_original:THA-248,Ethiopian-style-cannellini-bean-peas-onion-stew
THA-249,"Australian Cafe-style Chicken Thigh, Cabbage & Tomato Rice Bowl 2",,dinner,Australian cafe-inspired,easy,4,15,35,"1 tbsp olive oil
1 onion, finely chopped
2 garlic cloves, crushed
300g quality chicken thigh
250g cabbage, chopped
250g tomato, chopped
250g wholewheat noodles
1 tsp lemon
1 tsp parsley
Juice of 1 lemon or lime
Fresh herbs, to serve
Optional chilli flakes or sliced jalapeños, added after serving","1. Heat olive oil in a large pan and cook onion for 6–8 minutes.
2. Add garlic and spices and cook for 1 minute.
3. Add chicken thigh, cabbage and tomato, stirring to coat in the flavour base.
4. Add tomatoes, stock or water as listed and simmer until tender.
5. Cook or stir in the wholewheat noodles as appropriate for the dish.
6. Season lightly and serve with fresh herbs, with chilli or jalapeños added at the table.","A modest amount of quality chicken thigh supports a plate led by cabbage, tomato and wholewheat noodles, keeping the meal plant-forward while still familiar.","category: dinner
contains chicken thigh
contains cabbage
contains tomato
contains wholewheat noodles
mild base recipe",tha_library,authored,starter,THA Original Founding Cookbook,tha_original:THA-249,australian-Cafe-style-chicken-thigh-cabbage-tomato-rice-bowl-2
THA-250,"Spanish-style Kidney Bean, Radish & Spring Onion Noodle Bowl",,dinner,Spanish-inspired,medium,4,15,35,"1 tbsp olive oil
1 onion, finely chopped
2 garlic cloves, crushed
1 x 400g tin kidney beans, drained
250g radish, chopped
250g spring onion, chopped
250g sweet potato
1 tsp smoked paprika
1 tsp parsley
1 tbsp low-salt soy sauce or tamari
Juice of 1 lime
Optional chilli flakes or sliced jalapeños, added after serving","1. Heat olive oil in a large pan and cook onion for 6–8 minutes.
2. Add garlic and spices and cook for 1 minute.
3. Add kidney bean, radish and spring onion, stirring to coat in the flavour base.
4. Add tomatoes, stock or water as listed and simmer until tender.
5. Cook or stir in the sweet potato as appropriate for the dish.
6. Season lightly and serve with fresh herbs, with chilli or jalapeños added at the table.","Kidney Bean, radish, spring onion and sweet potato create a filling plant-forward meal built from recognisable ingredients and simple seasoning.","category: dinner
contains kidney bean
contains radish
contains spring onion
contains sweet potato
mild base recipe",tha_library,authored,starter,THA Original Founding Cookbook,tha_original:THA-250,Spanish-style-kidney-bean-radish-spring-onion-noodle-bowl
THA-251,"Indian-style Chickpea, Butternut Squash & Kale Skillet",,dinner,Indian-inspired,medium,4,15,35,"1 tbsp olive oil
1 onion, finely chopped
2 garlic cloves, crushed
1 x 400g tin chickpeas, drained
250g butternut squash, chopped
250g kale, chopped
250g brown rice
1 tsp ground cumin
1 tsp ground coriander
Juice of 1 lemon or lime
Fresh herbs, to serve
Optional chilli flakes or sliced jalapeños, added after serving","1. Heat olive oil in a large pan and cook onion for 6–8 minutes.
2. Add garlic and spices and cook for 1 minute.
3. Add chickpea, butternut squash and kale, stirring to coat in the flavour base.
4. Add tomatoes, stock or water as listed and simmer until tender.
5. Cook or stir in the brown rice as appropriate for the dish.
6. Season lightly and serve with fresh herbs, with chilli or jalapeños added at the table.","Chickpea, butternut squash, kale and brown rice create a filling plant-forward meal built from recognisable ingredients and simple seasoning.","category: dinner
contains chickpea
contains butternut squash
contains kale
contains brown rice
mild base recipe",tha_library,authored,starter,THA Original Founding Cookbook,tha_original:THA-251,Indian-style-chickpea-butternut-squash-kale-skillet
THA-252,"Indonesian-style Chicken Thigh, Parsnip & Broccoli One-Pot 2",,dinner,Indonesian-inspired,medium,4,15,35,"1 tbsp olive oil
1 onion, finely chopped
2 garlic cloves, crushed
300g quality chicken thigh
250g parsnip, chopped
250g broccoli, chopped
250g pearl barley
1 tsp ginger
1 tsp turmeric
1 tbsp tomato purée
1 x 400g tin chopped tomatoes
500ml low-salt stock or water
Juice of 1 lemon or lime
Fresh herbs, to serve
Optional chilli flakes or sliced jalapeños, added after serving","1. Heat olive oil in a large pan and cook onion for 6–8 minutes.
2. Add garlic and spices and cook for 1 minute.
3. Add chicken thigh, parsnip and broccoli, stirring to coat in the flavour base.
4. Add tomatoes, stock or water as listed and simmer until tender.
5. Cook or stir in the pearl barley as appropriate for the dish.
6. Season lightly and serve with fresh herbs, with chilli or jalapeños added at the table.","A modest amount of quality chicken thigh supports a plate led by parsnip, broccoli and pearl barley, keeping the meal plant-forward while still familiar.","category: dinner
contains chicken thigh
contains parsnip
contains broccoli
contains pearl barley
mild base recipe
batch-cook friendly",tha_library,authored,starter,THA Original Founding Cookbook,tha_original:THA-252,Indonesian-style-chicken-thigh-parsnip-broccoli-one-pot-2
THA-253,"Ethiopian-style Lentil, Asparagus & Leek Stew",,dinner,Ethiopian-inspired,medium,4,15,35,"1 tbsp olive oil
1 onion, finely chopped
2 garlic cloves, crushed
1 x 400g tin lentils, drained
250g asparagus, chopped
250g leek, chopped
250g wholemeal flatbread
1 tsp paprika
1 tsp turmeric
1 tbsp tomato purée
1 x 400g tin chopped tomatoes
500ml low-salt stock or water
Juice of 1 lemon or lime
Fresh herbs, to serve
Optional chilli flakes or sliced jalapeños, added after serving","1. Heat olive oil in a large pan and cook onion for 6–8 minutes.
2. Add garlic and spices and cook for 1 minute.
3. Add lentil, asparagus and leek, stirring to coat in the flavour base.
4. Add tomatoes, stock or water as listed and simmer until tender.
5. Cook or stir in the wholemeal flatbread as appropriate for the dish.
6. Season lightly and serve with fresh herbs, with chilli or jalapeños added at the table.","Lentil, asparagus, leek and wholemeal flatbread create a filling plant-forward meal built from recognisable ingredients and simple seasoning.","category: dinner
contains lentil
contains asparagus
contains leek
contains wholemeal flatbread
mild base recipe
batch-cook friendly
freezer friendly",tha_library,authored,starter,THA Original Founding Cookbook,tha_original:THA-253,Ethiopian-style-lentil-asparagus-leek-stew
THA-254,"Australian Cafe-style Split Pea, Celery & Cucumber Rice Bowl",,dinner,Australian cafe-inspired,easy,4,15,35,"1 tbsp olive oil
1 onion, finely chopped
2 garlic cloves, crushed
250g split peas
250g celery, chopped
250g cucumber, chopped
250g oats
1 tsp lemon
1 tsp parsley
Juice of 1 lemon or lime
Fresh herbs, to serve
Optional chilli flakes or sliced jalapeños, added after serving","1. Heat olive oil in a large pan and cook onion for 6–8 minutes.
2. Add garlic and spices and cook for 1 minute.
3. Add split pea, celery and cucumber, stirring to coat in the flavour base.
4. Add tomatoes, stock or water as listed and simmer until tender.
5. Cook or stir in the oats as appropriate for the dish.
6. Season lightly and serve with fresh herbs, with chilli or jalapeños added at the table.","Split Pea, celery, cucumber and oats create a filling plant-forward meal built from recognisable ingredients and simple seasoning.","category: dinner
contains split pea
contains celery
contains cucumber
contains oats
mild base recipe",tha_library,authored,starter,THA Original Founding Cookbook,tha_original:THA-254,australian-Cafe-style-split-pea-celery-cucumber-rice-bowl
THA-255,"Spanish-style Chicken Thigh, Broccoli & Asparagus Noodle Bowl 3",,dinner,Spanish-inspired,medium,4,15,35,"1 tbsp olive oil
1 onion, finely chopped
2 garlic cloves, crushed
300g quality chicken thigh
250g broccoli, chopped
250g asparagus, chopped
250g wholewheat pasta
1 tsp smoked paprika
1 tsp parsley
1 tbsp low-salt soy sauce or tamari
Juice of 1 lime
Optional chilli flakes or sliced jalapeños, added after serving","1. Heat olive oil in a large pan and cook onion for 6–8 minutes.
2. Add garlic and spices and cook for 1 minute.
3. Add chicken thigh, broccoli and asparagus, stirring to coat in the flavour base.
4. Add tomatoes, stock or water as listed and simmer until tender.
5. Cook or stir in the wholewheat pasta as appropriate for the dish.
6. Season lightly and serve with fresh herbs, with chilli or jalapeños added at the table.","A modest amount of quality chicken thigh supports a plate led by broccoli, asparagus and wholewheat pasta, keeping the meal plant-forward while still familiar.","category: dinner
contains chicken thigh
contains broccoli
contains asparagus
contains wholewheat pasta
mild base recipe",tha_library,authored,starter,THA Original Founding Cookbook,tha_original:THA-255,Spanish-style-chicken-thigh-broccoli-asparagus-noodle-bowl-3
THA-256,"Indian-style Tofu, Red Pepper & Carrot Skillet",,dinner,Indian-inspired,medium,4,15,35,"1 tbsp olive oil
1 onion, finely chopped
2 garlic cloves, crushed
280g firm tofu, cubed
250g red pepper, chopped
250g carrot, chopped
250g quinoa
1 tsp ground cumin
1 tsp ground coriander
Juice of 1 lemon or lime
Fresh herbs, to serve
Optional chilli flakes or sliced jalapeños, added after serving","1. Heat olive oil in a large pan and cook onion for 6–8 minutes.
2. Add garlic and spices and cook for 1 minute.
3. Add tofu, red pepper and carrot, stirring to coat in the flavour base.
4. Add tomatoes, stock or water as listed and simmer until tender.
5. Cook or stir in the quinoa as appropriate for the dish.
6. Season lightly and serve with fresh herbs, with chilli or jalapeños added at the table.","Tofu, red pepper, carrot and quinoa create a filling plant-forward meal built from recognisable ingredients and simple seasoning.","category: dinner
contains tofu
contains red pepper
contains carrot
contains quinoa
mild base recipe",tha_library,authored,starter,THA Original Founding Cookbook,tha_original:THA-256,Indian-style-tofu-red-pepper-carrot-skillet
THA-257,"Indonesian-style Black Bean, Tomato & Sweetcorn One-Pot",,dinner,Indonesian-inspired,medium,4,15,35,"1 tbsp olive oil
1 onion, finely chopped
2 garlic cloves, crushed
1 x 400g tin black beans, drained
250g tomato, chopped
250g sweetcorn, chopped
250g wholegrain wrap
1 tsp ginger
1 tsp turmeric
1 tbsp tomato purée
1 x 400g tin chopped tomatoes
500ml low-salt stock or water
Juice of 1 lemon or lime
Fresh herbs, to serve
Optional chilli flakes or sliced jalapeños, added after serving","1. Heat olive oil in a large pan and cook onion for 6–8 minutes.
2. Add garlic and spices and cook for 1 minute.
3. Add black bean, tomato and sweetcorn, stirring to coat in the flavour base.
4. Add tomatoes, stock or water as listed and simmer until tender.
5. Cook or stir in the wholegrain wrap as appropriate for the dish.
6. Season lightly and serve with fresh herbs, with chilli or jalapeños added at the table.","Black Bean, tomato, sweetcorn and wholegrain wrap create a filling plant-forward meal built from recognisable ingredients and simple seasoning.","category: dinner
contains black bean
contains tomato
contains sweetcorn
contains wholegrain wrap
mild base recipe
batch-cook friendly",tha_library,authored,starter,THA Original Founding Cookbook,tha_original:THA-257,Indonesian-style-black-bean-tomato-sweetcorn-one-pot
THA-258,"Ethiopian-style Chicken Thigh, Peas & Butternut Squash Stew 3",,dinner,Ethiopian-inspired,medium,4,15,35,"1 tbsp olive oil
1 onion, finely chopped
2 garlic cloves, crushed
300g quality chicken thigh
250g peas, chopped
250g butternut squash, chopped
250g wholegrain bread
1 tsp paprika
1 tsp turmeric
1 tbsp tomato purée
1 x 400g tin chopped tomatoes
500ml low-salt stock or water
Juice of 1 lemon or lime
Fresh herbs, to serve
Optional chilli flakes or sliced jalapeños, added after serving","1. Heat olive oil in a large pan and cook onion for 6–8 minutes.
2. Add garlic and spices and cook for 1 minute.
3. Add chicken thigh, peas and butternut squash, stirring to coat in the flavour base.
4. Add tomatoes, stock or water as listed and simmer until tender.
5. Cook or stir in the wholegrain bread as appropriate for the dish.
6. Season lightly and serve with fresh herbs, with chilli or jalapeños added at the table.","A modest amount of quality chicken thigh supports a plate led by peas, butternut squash and wholegrain bread, keeping the meal plant-forward while still familiar.","category: dinner
contains chicken thigh
contains peas
contains butternut squash
contains wholegrain bread
mild base recipe
batch-cook friendly
freezer friendly",tha_library,authored,starter,THA Original Founding Cookbook,tha_original:THA-258,Ethiopian-style-chicken-thigh-peas-butternut-squash-stew-3
THA-259,"Australian Cafe-style Cannellini Bean, Cabbage & Beetroot Rice Bowl",,dinner,Australian cafe-inspired,easy,4,15,35,"1 tbsp olive oil
1 onion, finely chopped
2 garlic cloves, crushed
1 x 400g tin cannellini beans, drained
250g cabbage, chopped
250g beetroot, chopped
250g wholewheat couscous
1 tsp lemon
1 tsp parsley
Juice of 1 lemon or lime
Fresh herbs, to serve
Optional chilli flakes or sliced jalapeños, added after serving","1. Heat olive oil in a large pan and cook onion for 6–8 minutes.
2. Add garlic and spices and cook for 1 minute.
3. Add cannellini bean, cabbage and beetroot, stirring to coat in the flavour base.
4. Add tomatoes, stock or water as listed and simmer until tender.
5. Cook or stir in the wholewheat couscous as appropriate for the dish.
6. Season lightly and serve with fresh herbs, with chilli or jalapeños added at the table.","Cannellini Bean, cabbage, beetroot and wholewheat couscous create a filling plant-forward meal built from recognisable ingredients and simple seasoning.","category: dinner
contains cannellini bean
contains cabbage
contains beetroot
contains wholewheat couscous
mild base recipe",tha_library,authored,starter,THA Original Founding Cookbook,tha_original:THA-259,australian-Cafe-style-cannellini-bean-cabbage-beetroot-rice-bowl
THA-260,"Spanish-style Green Pea, Radish & Courgette Noodle Bowl",,dinner,Spanish-inspired,medium,4,15,35,"1 tbsp olive oil
1 onion, finely chopped
2 garlic cloves, crushed
250g green peas
250g radish, chopped
250g courgette, chopped
250g buckwheat
1 tsp smoked paprika
1 tsp parsley
1 tbsp low-salt soy sauce or tamari
Juice of 1 lime
Optional chilli flakes or sliced jalapeños, added after serving","1. Heat olive oil in a large pan and cook onion for 6–8 minutes.
2. Add garlic and spices and cook for 1 minute.
3. Add green pea, radish and courgette, stirring to coat in the flavour base.
4. Add tomatoes, stock or water as listed and simmer until tender.
5. Cook or stir in the buckwheat as appropriate for the dish.
6. Season lightly and serve with fresh herbs, with chilli or jalapeños added at the table.","Green Pea, radish, courgette and buckwheat create a filling plant-forward meal built from recognisable ingredients and simple seasoning.","category: dinner
contains green pea
contains radish
contains courgette
contains buckwheat
mild base recipe",tha_library,authored,starter,THA Original Founding Cookbook,tha_original:THA-260,Spanish-style-green-pea-radish-courgette-noodle-bowl
THA-261,"Indian-style Chicken Thigh, Butternut Squash & Cabbage Skillet 3",,dinner,Indian-inspired,medium,4,15,35,"1 tbsp olive oil
1 onion, finely chopped
2 garlic cloves, crushed
300g quality chicken thigh
250g butternut squash, chopped
250g cabbage, chopped
250g potato
1 tsp ground cumin
1 tsp ground coriander
Juice of 1 lemon or lime
Fresh herbs, to serve
Optional chilli flakes or sliced jalapeños, added after serving","1. Heat olive oil in a large pan and cook onion for 6–8 minutes.
2. Add garlic and spices and cook for 1 minute.
3. Add chicken thigh, butternut squash and cabbage, stirring to coat in the flavour base.
4. Add tomatoes, stock or water as listed and simmer until tender.
5. Cook or stir in the potato as appropriate for the dish.
6. Season lightly and serve with fresh herbs, with chilli or jalapeños added at the table.","A modest amount of quality chicken thigh supports a plate led by butternut squash, cabbage and potato, keeping the meal plant-forward while still familiar.","category: dinner
contains chicken thigh
contains butternut squash
contains cabbage
contains potato
mild base recipe",tha_library,authored,starter,THA Original Founding Cookbook,tha_original:THA-261,Indian-style-chicken-thigh-butternut-squash-cabbage-skillet-3
THA-262,"Indonesian-style Chickpea, Parsnip & Swede One-Pot",,dinner,Indonesian-inspired,medium,4,15,35,"1 tbsp olive oil
1 onion, finely chopped
2 garlic cloves, crushed
1 x 400g tin chickpeas, drained
250g parsnip, chopped
250g swede, chopped
250g brown basmati rice
1 tsp ginger
1 tsp turmeric
1 tbsp tomato purée
1 x 400g tin chopped tomatoes
500ml low-salt stock or water
Juice of 1 lemon or lime
Fresh herbs, to serve
Optional chilli flakes or sliced jalapeños, added after serving","1. Heat olive oil in a large pan and cook onion for 6–8 minutes.
2. Add garlic and spices and cook for 1 minute.
3. Add chickpea, parsnip and swede, stirring to coat in the flavour base.
4. Add tomatoes, stock or water as listed and simmer until tender.
5. Cook or stir in the brown basmati rice as appropriate for the dish.
6. Season lightly and serve with fresh herbs, with chilli or jalapeños added at the table.","Chickpea, parsnip, swede and brown basmati rice create a filling plant-forward meal built from recognisable ingredients and simple seasoning.","category: dinner
contains chickpea
contains parsnip
contains swede
contains brown basmati rice
mild base recipe
batch-cook friendly",tha_library,authored,starter,THA Original Founding Cookbook,tha_original:THA-262,Indonesian-style-chickpea-parsnip-swede-one-pot
THA-263,"Ethiopian-style Haricot Bean, Asparagus & Onion Stew",,dinner,Ethiopian-inspired,medium,4,15,35,"1 tbsp olive oil
1 onion, finely chopped
2 garlic cloves, crushed
1 x 400g tin haricot beans, drained
250g asparagus, chopped
250g onion, chopped
250g bulgur wheat
1 tsp paprika
1 tsp turmeric
1 tbsp tomato purée
1 x 400g tin chopped tomatoes
500ml low-salt stock or water
Juice of 1 lemon or lime
Fresh herbs, to serve
Optional chilli flakes or sliced jalapeños, added after serving","1. Heat olive oil in a large pan and cook onion for 6–8 minutes.
2. Add garlic and spices and cook for 1 minute.
3. Add haricot bean, asparagus and onion, stirring to coat in the flavour base.
4. Add tomatoes, stock or water as listed and simmer until tender.
5. Cook or stir in the bulgur wheat as appropriate for the dish.
6. Season lightly and serve with fresh herbs, with chilli or jalapeños added at the table.","Haricot Bean, asparagus, onion and bulgur wheat create a filling plant-forward meal built from recognisable ingredients and simple seasoning.","category: dinner
contains haricot bean
contains asparagus
contains onion
contains bulgur wheat
mild base recipe
batch-cook friendly
freezer friendly",tha_library,authored,starter,THA Original Founding Cookbook,tha_original:THA-263,Ethiopian-style-haricot-bean-asparagus-onion-stew
THA-264,"Australian Cafe-style Chicken Thigh, Celery & Tomato Rice Bowl 3",,dinner,Australian cafe-inspired,easy,4,15,35,"1 tbsp olive oil
1 onion, finely chopped
2 garlic cloves, crushed
300g quality chicken thigh
250g celery, chopped
250g tomato, chopped
250g wholewheat noodles
1 tsp lemon
1 tsp parsley
Juice of 1 lemon or lime
Fresh herbs, to serve
Optional chilli flakes or sliced jalapeños, added after serving","1. Heat olive oil in a large pan and cook onion for 6–8 minutes.
2. Add garlic and spices and cook for 1 minute.
3. Add chicken thigh, celery and tomato, stirring to coat in the flavour base.
4. Add tomatoes, stock or water as listed and simmer until tender.
5. Cook or stir in the wholewheat noodles as appropriate for the dish.
6. Season lightly and serve with fresh herbs, with chilli or jalapeños added at the table.","A modest amount of quality chicken thigh supports a plate led by celery, tomato and wholewheat noodles, keeping the meal plant-forward while still familiar.","category: dinner
contains chicken thigh
contains celery
contains tomato
contains wholewheat noodles
mild base recipe",tha_library,authored,starter,THA Original Founding Cookbook,tha_original:THA-264,australian-Cafe-style-chicken-thigh-celery-tomato-rice-bowl-3
THA-265,"Spanish-style Split Pea, Broccoli & Spring Onion Noodle Bowl",,dinner,Spanish-inspired,medium,4,15,35,"1 tbsp olive oil
1 onion, finely chopped
2 garlic cloves, crushed
250g split peas
250g broccoli, chopped
250g spring onion, chopped
250g sweet potato
1 tsp smoked paprika
1 tsp parsley
1 tbsp low-salt soy sauce or tamari
Juice of 1 lime
Optional chilli flakes or sliced jalapeños, added after serving","1. Heat olive oil in a large pan and cook onion for 6–8 minutes.
2. Add garlic and spices and cook for 1 minute.
3. Add split pea, broccoli and spring onion, stirring to coat in the flavour base.
4. Add tomatoes, stock or water as listed and simmer until tender.
5. Cook or stir in the sweet potato as appropriate for the dish.
6. Season lightly and serve with fresh herbs, with chilli or jalapeños added at the table.","Split Pea, broccoli, spring onion and sweet potato create a filling plant-forward meal built from recognisable ingredients and simple seasoning.","category: dinner
contains split pea
contains broccoli
contains spring onion
contains sweet potato
mild base recipe",tha_library,authored,starter,THA Original Founding Cookbook,tha_original:THA-265,Spanish-style-split-pea-broccoli-spring-onion-noodle-bowl
THA-266,"Indian-style Butter Bean, Red Pepper & Kale Skillet",,dinner,Indian-inspired,medium,4,15,35,"1 tbsp olive oil
1 onion, finely chopped
2 garlic cloves, crushed
1 x 400g tin butter beans, drained
250g red pepper, chopped
250g kale, chopped
250g brown rice
1 tsp ground cumin
1 tsp ground coriander
Juice of 1 lemon or lime
Fresh herbs, to serve
Optional chilli flakes or sliced jalapeños, added after serving","1. Heat olive oil in a large pan and cook onion for 6–8 minutes.
2. Add garlic and spices and cook for 1 minute.
3. Add butter bean, red pepper and kale, stirring to coat in the flavour base.
4. Add tomatoes, stock or water as listed and simmer until tender.
5. Cook or stir in the brown rice as appropriate for the dish.
6. Season lightly and serve with fresh herbs, with chilli or jalapeños added at the table.","Butter Bean, red pepper, kale and brown rice create a filling plant-forward meal built from recognisable ingredients and simple seasoning.","category: dinner
contains butter bean
contains red pepper
contains kale
contains brown rice
mild base recipe",tha_library,authored,starter,THA Original Founding Cookbook,tha_original:THA-266,Indian-style-butter-bean-red-pepper-kale-skillet
THA-267,"Indonesian-style Chicken Thigh, Tomato & Broccoli One-Pot 3",,dinner,Indonesian-inspired,medium,4,15,35,"1 tbsp olive oil
1 onion, finely chopped
2 garlic cloves, crushed
300g quality chicken thigh
250g tomato, chopped
250g broccoli, chopped
250g pearl barley
1 tsp ginger
1 tsp turmeric
1 tbsp tomato purée
1 x 400g tin chopped tomatoes
500ml low-salt stock or water
Juice of 1 lemon or lime
Fresh herbs, to serve
Optional chilli flakes or sliced jalapeños, added after serving","1. Heat olive oil in a large pan and cook onion for 6–8 minutes.
2. Add garlic and spices and cook for 1 minute.
3. Add chicken thigh, tomato and broccoli, stirring to coat in the flavour base.
4. Add tomatoes, stock or water as listed and simmer until tender.
5. Cook or stir in the pearl barley as appropriate for the dish.
6. Season lightly and serve with fresh herbs, with chilli or jalapeños added at the table.","A modest amount of quality chicken thigh supports a plate led by tomato, broccoli and pearl barley, keeping the meal plant-forward while still familiar.","category: dinner
contains chicken thigh
contains tomato
contains broccoli
contains pearl barley
mild base recipe
batch-cook friendly",tha_library,authored,starter,THA Original Founding Cookbook,tha_original:THA-267,Indonesian-style-chicken-thigh-tomato-broccoli-one-pot-3
THA-268,"Ethiopian-style Black Bean, Peas & Leek Stew",,dinner,Ethiopian-inspired,medium,4,15,35,"1 tbsp olive oil
1 onion, finely chopped
2 garlic cloves, crushed
1 x 400g tin black beans, drained
250g peas, chopped
250g leek, chopped
250g wholemeal flatbread
1 tsp paprika
1 tsp turmeric
1 tbsp tomato purée
1 x 400g tin chopped tomatoes
500ml low-salt stock or water
Juice of 1 lemon or lime
Fresh herbs, to serve
Optional chilli flakes or sliced jalapeños, added after serving","1. Heat olive oil in a large pan and cook onion for 6–8 minutes.
2. Add garlic and spices and cook for 1 minute.
3. Add black bean, peas and leek, stirring to coat in the flavour base.
4. Add tomatoes, stock or water as listed and simmer until tender.
5. Cook or stir in the wholemeal flatbread as appropriate for the dish.
6. Season lightly and serve with fresh herbs, with chilli or jalapeños added at the table.","Black Bean, peas, leek and wholemeal flatbread create a filling plant-forward meal built from recognisable ingredients and simple seasoning.","category: dinner
contains black bean
contains peas
contains leek
contains wholemeal flatbread
mild base recipe
batch-cook friendly
freezer friendly",tha_library,authored,starter,THA Original Founding Cookbook,tha_original:THA-268,Ethiopian-style-black-bean-peas-leek-stew
THA-269,"Australian Cafe-style Edamame, Cabbage & Cucumber Rice Bowl",,dinner,Australian cafe-inspired,easy,4,15,35,"1 tbsp olive oil
1 onion, finely chopped
2 garlic cloves, crushed
250g edamames
250g cabbage, chopped
250g cucumber, chopped
250g oats
1 tsp lemon
1 tsp parsley
Juice of 1 lemon or lime
Fresh herbs, to serve
Optional chilli flakes or sliced jalapeños, added after serving","1. Heat olive oil in a large pan and cook onion for 6–8 minutes.
2. Add garlic and spices and cook for 1 minute.
3. Add edamame, cabbage and cucumber, stirring to coat in the flavour base.
4. Add tomatoes, stock or water as listed and simmer until tender.
5. Cook or stir in the oats as appropriate for the dish.
6. Season lightly and serve with fresh herbs, with chilli or jalapeños added at the table.","Edamame, cabbage, cucumber and oats create a filling plant-forward meal built from recognisable ingredients and simple seasoning.","category: dinner
contains edamame
contains cabbage
contains cucumber
contains oats
mild base recipe",tha_library,authored,starter,THA Original Founding Cookbook,tha_original:THA-269,australian-Cafe-style-edamame-cabbage-cucumber-rice-bowl
THA-270,"Spanish-style Chicken Thigh, Radish & Asparagus Noodle Bowl 3",,dinner,Spanish-inspired,medium,4,15,35,"1 tbsp olive oil
1 onion, finely chopped
2 garlic cloves, crushed
300g quality chicken thigh
250g radish, chopped
250g asparagus, chopped
250g wholewheat pasta
1 tsp smoked paprika
1 tsp parsley
1 tbsp low-salt soy sauce or tamari
Juice of 1 lime
Optional chilli flakes or sliced jalapeños, added after serving","1. Heat olive oil in a large pan and cook onion for 6–8 minutes.
2. Add garlic and spices and cook for 1 minute.
3. Add chicken thigh, radish and asparagus, stirring to coat in the flavour base.
4. Add tomatoes, stock or water as listed and simmer until tender.
5. Cook or stir in the wholewheat pasta as appropriate for the dish.
6. Season lightly and serve with fresh herbs, with chilli or jalapeños added at the table.","A modest amount of quality chicken thigh supports a plate led by radish, asparagus and wholewheat pasta, keeping the meal plant-forward while still familiar.","category: dinner
contains chicken thigh
contains radish
contains asparagus
contains wholewheat pasta
mild base recipe",tha_library,authored,starter,THA Original Founding Cookbook,tha_original:THA-270,Spanish-style-chicken-thigh-radish-asparagus-noodle-bowl-3
THA-271,"Indian-style Green Pea, Butternut Squash & Carrot Skillet",,dinner,Indian-inspired,medium,4,15,35,"1 tbsp olive oil
1 onion, finely chopped
2 garlic cloves, crushed
250g green peas
250g butternut squash, chopped
250g carrot, chopped
250g quinoa
1 tsp ground cumin
1 tsp ground coriander
Juice of 1 lemon or lime
Fresh herbs, to serve
Optional chilli flakes or sliced jalapeños, added after serving","1. Heat olive oil in a large pan and cook onion for 6–8 minutes.
2. Add garlic and spices and cook for 1 minute.
3. Add green pea, butternut squash and carrot, stirring to coat in the flavour base.
4. Add tomatoes, stock or water as listed and simmer until tender.
5. Cook or stir in the quinoa as appropriate for the dish.
6. Season lightly and serve with fresh herbs, with chilli or jalapeños added at the table.","Green Pea, butternut squash, carrot and quinoa create a filling plant-forward meal built from recognisable ingredients and simple seasoning.","category: dinner
contains green pea
contains butternut squash
contains carrot
contains quinoa
mild base recipe",tha_library,authored,starter,THA Original Founding Cookbook,tha_original:THA-271,Indian-style-green-pea-butternut-squash-carrot-skillet
THA-272,"Indonesian-style Kidney Bean, Parsnip & Sweetcorn One-Pot",,dinner,Indonesian-inspired,medium,4,15,35,"1 tbsp olive oil
1 onion, finely chopped
2 garlic cloves, crushed
1 x 400g tin kidney beans, drained
250g parsnip, chopped
250g sweetcorn, chopped
250g wholegrain wrap
1 tsp ginger
1 tsp turmeric
1 tbsp tomato purée
1 x 400g tin chopped tomatoes
500ml low-salt stock or water
Juice of 1 lemon or lime
Fresh herbs, to serve
Optional chilli flakes or sliced jalapeños, added after serving","1. Heat olive oil in a large pan and cook onion for 6–8 minutes.
2. Add garlic and spices and cook for 1 minute.
3. Add kidney bean, parsnip and sweetcorn, stirring to coat in the flavour base.
4. Add tomatoes, stock or water as listed and simmer until tender.
5. Cook or stir in the wholegrain wrap as appropriate for the dish.
6. Season lightly and serve with fresh herbs, with chilli or jalapeños added at the table.","Kidney Bean, parsnip, sweetcorn and wholegrain wrap create a filling plant-forward meal built from recognisable ingredients and simple seasoning.","category: dinner
contains kidney bean
contains parsnip
contains sweetcorn
contains wholegrain wrap
mild base recipe
batch-cook friendly",tha_library,authored,starter,THA Original Founding Cookbook,tha_original:THA-272,Indonesian-style-kidney-bean-parsnip-sweetcorn-one-pot
THA-273,"Ethiopian-style Chicken Thigh, Asparagus & Butternut Squash Stew 3",,dinner,Ethiopian-inspired,medium,4,15,35,"1 tbsp olive oil
1 onion, finely chopped
2 garlic cloves, crushed
300g quality chicken thigh
250g asparagus, chopped
250g butternut squash, chopped
250g wholegrain bread
1 tsp paprika
1 tsp turmeric
1 tbsp tomato purée
1 x 400g tin chopped tomatoes
500ml low-salt stock or water
Juice of 1 lemon or lime
Fresh herbs, to serve
Optional chilli flakes or sliced jalapeños, added after serving","1. Heat olive oil in a large pan and cook onion for 6–8 minutes.
2. Add garlic and spices and cook for 1 minute.
3. Add chicken thigh, asparagus and butternut squash, stirring to coat in the flavour base.
4. Add tomatoes, stock or water as listed and simmer until tender.
5. Cook or stir in the wholegrain bread as appropriate for the dish.
6. Season lightly and serve with fresh herbs, with chilli or jalapeños added at the table.","A modest amount of quality chicken thigh supports a plate led by asparagus, butternut squash and wholegrain bread, keeping the meal plant-forward while still familiar.","category: dinner
contains chicken thigh
contains asparagus
contains butternut squash
contains wholegrain bread
mild base recipe
batch-cook friendly
freezer friendly",tha_library,authored,starter,THA Original Founding Cookbook,tha_original:THA-273,Ethiopian-style-chicken-thigh-asparagus-butternut-squash-stew-3
THA-274,"Australian Cafe-style Haricot Bean, Celery & Beetroot Rice Bowl",,dinner,Australian cafe-inspired,easy,4,15,35,"1 tbsp olive oil
1 onion, finely chopped
2 garlic cloves, crushed
1 x 400g tin haricot beans, drained
250g celery, chopped
250g beetroot, chopped
250g wholewheat couscous
1 tsp lemon
1 tsp parsley
Juice of 1 lemon or lime
Fresh herbs, to serve
Optional chilli flakes or sliced jalapeños, added after serving","1. Heat olive oil in a large pan and cook onion for 6–8 minutes.
2. Add garlic and spices and cook for 1 minute.
3. Add haricot bean, celery and beetroot, stirring to coat in the flavour base.
4. Add tomatoes, stock or water as listed and simmer until tender.
5. Cook or stir in the wholewheat couscous as appropriate for the dish.
6. Season lightly and serve with fresh herbs, with chilli or jalapeños added at the table.","Haricot Bean, celery, beetroot and wholewheat couscous create a filling plant-forward meal built from recognisable ingredients and simple seasoning.","category: dinner
contains haricot bean
contains celery
contains beetroot
contains wholewheat couscous
mild base recipe",tha_library,authored,starter,THA Original Founding Cookbook,tha_original:THA-274,australian-Cafe-style-haricot-bean-celery-beetroot-rice-bowl
THA-275,"Spanish-style Lentil, Broccoli & Courgette Noodle Bowl",,dinner,Spanish-inspired,medium,4,15,35,"1 tbsp olive oil
1 onion, finely chopped
2 garlic cloves, crushed
1 x 400g tin lentils, drained
250g broccoli, chopped
250g courgette, chopped
250g buckwheat
1 tsp smoked paprika
1 tsp parsley
1 tbsp low-salt soy sauce or tamari
Juice of 1 lime
Optional chilli flakes or sliced jalapeños, added after serving","1. Heat olive oil in a large pan and cook onion for 6–8 minutes.
2. Add garlic and spices and cook for 1 minute.
3. Add lentil, broccoli and courgette, stirring to coat in the flavour base.
4. Add tomatoes, stock or water as listed and simmer until tender.
5. Cook or stir in the buckwheat as appropriate for the dish.
6. Season lightly and serve with fresh herbs, with chilli or jalapeños added at the table.","Lentil, broccoli, courgette and buckwheat create a filling plant-forward meal built from recognisable ingredients and simple seasoning.","category: dinner
contains lentil
contains broccoli
contains courgette
contains buckwheat
mild base recipe",tha_library,authored,starter,THA Original Founding Cookbook,tha_original:THA-275,Spanish-style-lentil-broccoli-courgette-noodle-bowl
THA-276,"Indian-style Chicken Thigh, Red Pepper & Cabbage Skillet 3",,dinner,Indian-inspired,medium,4,15,35,"1 tbsp olive oil
1 onion, finely chopped
2 garlic cloves, crushed
300g quality chicken thigh
250g red pepper, chopped
250g cabbage, chopped
250g potato
1 tsp ground cumin
1 tsp ground coriander
Juice of 1 lemon or lime
Fresh herbs, to serve
Optional chilli flakes or sliced jalapeños, added after serving","1. Heat olive oil in a large pan and cook onion for 6–8 minutes.
2. Add garlic and spices and cook for 1 minute.
3. Add chicken thigh, red pepper and cabbage, stirring to coat in the flavour base.
4. Add tomatoes, stock or water as listed and simmer until tender.
5. Cook or stir in the potato as appropriate for the dish.
6. Season lightly and serve with fresh herbs, with chilli or jalapeños added at the table.","A modest amount of quality chicken thigh supports a plate led by red pepper, cabbage and potato, keeping the meal plant-forward while still familiar.","category: dinner
contains chicken thigh
contains red pepper
contains cabbage
contains potato
mild base recipe",tha_library,authored,starter,THA Original Founding Cookbook,tha_original:THA-276,Indian-style-chicken-thigh-red-pepper-cabbage-skillet-3
THA-277,"Indonesian-style Butter Bean, Tomato & Swede One-Pot",,dinner,Indonesian-inspired,medium,4,15,35,"1 tbsp olive oil
1 onion, finely chopped
2 garlic cloves, crushed
1 x 400g tin butter beans, drained
250g tomato, chopped
250g swede, chopped
250g brown basmati rice
1 tsp ginger
1 tsp turmeric
1 tbsp tomato purée
1 x 400g tin chopped tomatoes
500ml low-salt stock or water
Juice of 1 lemon or lime
Fresh herbs, to serve
Optional chilli flakes or sliced jalapeños, added after serving","1. Heat olive oil in a large pan and cook onion for 6–8 minutes.
2. Add garlic and spices and cook for 1 minute.
3. Add butter bean, tomato and swede, stirring to coat in the flavour base.
4. Add tomatoes, stock or water as listed and simmer until tender.
5. Cook or stir in the brown basmati rice as appropriate for the dish.
6. Season lightly and serve with fresh herbs, with chilli or jalapeños added at the table.","Butter Bean, tomato, swede and brown basmati rice create a filling plant-forward meal built from recognisable ingredients and simple seasoning.","category: dinner
contains butter bean
contains tomato
contains swede
contains brown basmati rice
mild base recipe
batch-cook friendly",tha_library,authored,starter,THA Original Founding Cookbook,tha_original:THA-277,Indonesian-style-butter-bean-tomato-swede-one-pot
THA-278,"Ethiopian-style Tofu, Peas & Onion Stew",,dinner,Ethiopian-inspired,medium,4,15,35,"1 tbsp olive oil
1 onion, finely chopped
2 garlic cloves, crushed
280g firm tofu, cubed
250g peas, chopped
250g onion, chopped
250g bulgur wheat
1 tsp paprika
1 tsp turmeric
1 tbsp tomato purée
1 x 400g tin chopped tomatoes
500ml low-salt stock or water
Juice of 1 lemon or lime
Fresh herbs, to serve
Optional chilli flakes or sliced jalapeños, added after serving","1. Heat olive oil in a large pan and cook onion for 6–8 minutes.
2. Add garlic and spices and cook for 1 minute.
3. Add tofu, peas and onion, stirring to coat in the flavour base.
4. Add tomatoes, stock or water as listed and simmer until tender.
5. Cook or stir in the bulgur wheat as appropriate for the dish.
6. Season lightly and serve with fresh herbs, with chilli or jalapeños added at the table.","Tofu, peas, onion and bulgur wheat create a filling plant-forward meal built from recognisable ingredients and simple seasoning.","category: dinner
contains tofu
contains peas
contains onion
contains bulgur wheat
mild base recipe
batch-cook friendly
freezer friendly",tha_library,authored,starter,THA Original Founding Cookbook,tha_original:THA-278,Ethiopian-style-tofu-peas-onion-stew
THA-279,"Australian Cafe-style Chicken Thigh, Cabbage & Tomato Rice Bowl 3",,dinner,Australian cafe-inspired,easy,4,15,35,"1 tbsp olive oil
1 onion, finely chopped
2 garlic cloves, crushed
300g quality chicken thigh
250g cabbage, chopped
250g tomato, chopped
250g wholewheat noodles
1 tsp lemon
1 tsp parsley
Juice of 1 lemon or lime
Fresh herbs, to serve
Optional chilli flakes or sliced jalapeños, added after serving","1. Heat olive oil in a large pan and cook onion for 6–8 minutes.
2. Add garlic and spices and cook for 1 minute.
3. Add chicken thigh, cabbage and tomato, stirring to coat in the flavour base.
4. Add tomatoes, stock or water as listed and simmer until tender.
5. Cook or stir in the wholewheat noodles as appropriate for the dish.
6. Season lightly and serve with fresh herbs, with chilli or jalapeños added at the table.","A modest amount of quality chicken thigh supports a plate led by cabbage, tomato and wholewheat noodles, keeping the meal plant-forward while still familiar.","category: dinner
contains chicken thigh
contains cabbage
contains tomato
contains wholewheat noodles
mild base recipe",tha_library,authored,starter,THA Original Founding Cookbook,tha_original:THA-279,australian-Cafe-style-chicken-thigh-cabbage-tomato-rice-bowl-3
THA-280,"Spanish-style Edamame, Radish & Spring Onion Noodle Bowl",,dinner,Spanish-inspired,medium,4,15,35,"1 tbsp olive oil
1 onion, finely chopped
2 garlic cloves, crushed
250g edamames
250g radish, chopped
250g spring onion, chopped
250g sweet potato
1 tsp smoked paprika
1 tsp parsley
1 tbsp low-salt soy sauce or tamari
Juice of 1 lime
Optional chilli flakes or sliced jalapeños, added after serving","1. Heat olive oil in a large pan and cook onion for 6–8 minutes.
2. Add garlic and spices and cook for 1 minute.
3. Add edamame, radish and spring onion, stirring to coat in the flavour base.
4. Add tomatoes, stock or water as listed and simmer until tender.
5. Cook or stir in the sweet potato as appropriate for the dish.
6. Season lightly and serve with fresh herbs, with chilli or jalapeños added at the table.","Edamame, radish, spring onion and sweet potato create a filling plant-forward meal built from recognisable ingredients and simple seasoning.","category: dinner
contains edamame
contains radish
contains spring onion
contains sweet potato
mild base recipe",tha_library,authored,starter,THA Original Founding Cookbook,tha_original:THA-280,Spanish-style-edamame-radish-spring-onion-noodle-bowl
THA-281,"Indian-style Cannellini Bean, Butternut Squash & Kale Skillet",,dinner,Indian-inspired,medium,4,15,35,"1 tbsp olive oil
1 onion, finely chopped
2 garlic cloves, crushed
1 x 400g tin cannellini beans, drained
250g butternut squash, chopped
250g kale, chopped
250g brown rice
1 tsp ground cumin
1 tsp ground coriander
Juice of 1 lemon or lime
Fresh herbs, to serve
Optional chilli flakes or sliced jalapeños, added after serving","1. Heat olive oil in a large pan and cook onion for 6–8 minutes.
2. Add garlic and spices and cook for 1 minute.
3. Add cannellini bean, butternut squash and kale, stirring to coat in the flavour base.
4. Add tomatoes, stock or water as listed and simmer until tender.
5. Cook or stir in the brown rice as appropriate for the dish.
6. Season lightly and serve with fresh herbs, with chilli or jalapeños added at the table.","Cannellini Bean, butternut squash, kale and brown rice create a filling plant-forward meal built from recognisable ingredients and simple seasoning.","category: dinner
contains cannellini bean
contains butternut squash
contains kale
contains brown rice
mild base recipe",tha_library,authored,starter,THA Original Founding Cookbook,tha_original:THA-281,Indian-style-cannellini-bean-butternut-squash-kale-skillet
THA-282,"Indonesian-style Chicken Thigh, Parsnip & Broccoli One-Pot 3",,dinner,Indonesian-inspired,medium,4,15,35,"1 tbsp olive oil
1 onion, finely chopped
2 garlic cloves, crushed
300g quality chicken thigh
250g parsnip, chopped
250g broccoli, chopped
250g pearl barley
1 tsp ginger
1 tsp turmeric
1 tbsp tomato purée
1 x 400g tin chopped tomatoes
500ml low-salt stock or water
Juice of 1 lemon or lime
Fresh herbs, to serve
Optional chilli flakes or sliced jalapeños, added after serving","1. Heat olive oil in a large pan and cook onion for 6–8 minutes.
2. Add garlic and spices and cook for 1 minute.
3. Add chicken thigh, parsnip and broccoli, stirring to coat in the flavour base.
4. Add tomatoes, stock or water as listed and simmer until tender.
5. Cook or stir in the pearl barley as appropriate for the dish.
6. Season lightly and serve with fresh herbs, with chilli or jalapeños added at the table.","A modest amount of quality chicken thigh supports a plate led by parsnip, broccoli and pearl barley, keeping the meal plant-forward while still familiar.","category: dinner
contains chicken thigh
contains parsnip
contains broccoli
contains pearl barley
mild base recipe
batch-cook friendly",tha_library,authored,starter,THA Original Founding Cookbook,tha_original:THA-282,Indonesian-style-chicken-thigh-parsnip-broccoli-one-pot-3
THA-283,"Ethiopian-style Kidney Bean, Asparagus & Leek Stew",,dinner,Ethiopian-inspired,medium,4,15,35,"1 tbsp olive oil
1 onion, finely chopped
2 garlic cloves, crushed
1 x 400g tin kidney beans, drained
250g asparagus, chopped
250g leek, chopped
250g wholemeal flatbread
1 tsp paprika
1 tsp turmeric
1 tbsp tomato purée
1 x 400g tin chopped tomatoes
500ml low-salt stock or water
Juice of 1 lemon or lime
Fresh herbs, to serve
Optional chilli flakes or sliced jalapeños, added after serving","1. Heat olive oil in a large pan and cook onion for 6–8 minutes.
2. Add garlic and spices and cook for 1 minute.
3. Add kidney bean, asparagus and leek, stirring to coat in the flavour base.
4. Add tomatoes, stock or water as listed and simmer until tender.
5. Cook or stir in the wholemeal flatbread as appropriate for the dish.
6. Season lightly and serve with fresh herbs, with chilli or jalapeños added at the table.","Kidney Bean, asparagus, leek and wholemeal flatbread create a filling plant-forward meal built from recognisable ingredients and simple seasoning.","category: dinner
contains kidney bean
contains asparagus
contains leek
contains wholemeal flatbread
mild base recipe
batch-cook friendly
freezer friendly",tha_library,authored,starter,THA Original Founding Cookbook,tha_original:THA-283,Ethiopian-style-kidney-bean-asparagus-leek-stew
THA-284,"Australian Cafe-style Chickpea, Celery & Cucumber Rice Bowl",,dinner,Australian cafe-inspired,easy,4,15,35,"1 tbsp olive oil
1 onion, finely chopped
2 garlic cloves, crushed
1 x 400g tin chickpeas, drained
250g celery, chopped
250g cucumber, chopped
250g oats
1 tsp lemon
1 tsp parsley
Juice of 1 lemon or lime
Fresh herbs, to serve
Optional chilli flakes or sliced jalapeños, added after serving","1. Heat olive oil in a large pan and cook onion for 6–8 minutes.
2. Add garlic and spices and cook for 1 minute.
3. Add chickpea, celery and cucumber, stirring to coat in the flavour base.
4. Add tomatoes, stock or water as listed and simmer until tender.
5. Cook or stir in the oats as appropriate for the dish.
6. Season lightly and serve with fresh herbs, with chilli or jalapeños added at the table.","Chickpea, celery, cucumber and oats create a filling plant-forward meal built from recognisable ingredients and simple seasoning.","category: dinner
contains chickpea
contains celery
contains cucumber
contains oats
mild base recipe",tha_library,authored,starter,THA Original Founding Cookbook,tha_original:THA-284,australian-Cafe-style-chickpea-celery-cucumber-rice-bowl
THA-285,"Spanish-style Chicken Thigh, Broccoli & Asparagus Noodle Bowl 4",,dinner,Spanish-inspired,medium,4,15,35,"1 tbsp olive oil
1 onion, finely chopped
2 garlic cloves, crushed
300g quality chicken thigh
250g broccoli, chopped
250g asparagus, chopped
250g wholewheat pasta
1 tsp smoked paprika
1 tsp parsley
1 tbsp low-salt soy sauce or tamari
Juice of 1 lime
Optional chilli flakes or sliced jalapeños, added after serving","1. Heat olive oil in a large pan and cook onion for 6–8 minutes.
2. Add garlic and spices and cook for 1 minute.
3. Add chicken thigh, broccoli and asparagus, stirring to coat in the flavour base.
4. Add tomatoes, stock or water as listed and simmer until tender.
5. Cook or stir in the wholewheat pasta as appropriate for the dish.
6. Season lightly and serve with fresh herbs, with chilli or jalapeños added at the table.","A modest amount of quality chicken thigh supports a plate led by broccoli, asparagus and wholewheat pasta, keeping the meal plant-forward while still familiar.","category: dinner
contains chicken thigh
contains broccoli
contains asparagus
contains wholewheat pasta
mild base recipe",tha_library,authored,starter,THA Original Founding Cookbook,tha_original:THA-285,Spanish-style-chicken-thigh-broccoli-asparagus-noodle-bowl-4
THA-286,"Indian-style Lentil, Red Pepper & Carrot Skillet",,dinner,Indian-inspired,medium,4,15,35,"1 tbsp olive oil
1 onion, finely chopped
2 garlic cloves, crushed
1 x 400g tin lentils, drained
250g red pepper, chopped
250g carrot, chopped
250g quinoa
1 tsp ground cumin
1 tsp ground coriander
Juice of 1 lemon or lime
Fresh herbs, to serve
Optional chilli flakes or sliced jalapeños, added after serving","1. Heat olive oil in a large pan and cook onion for 6–8 minutes.
2. Add garlic and spices and cook for 1 minute.
3. Add lentil, red pepper and carrot, stirring to coat in the flavour base.
4. Add tomatoes, stock or water as listed and simmer until tender.
5. Cook or stir in the quinoa as appropriate for the dish.
6. Season lightly and serve with fresh herbs, with chilli or jalapeños added at the table.","Lentil, red pepper, carrot and quinoa create a filling plant-forward meal built from recognisable ingredients and simple seasoning.","category: dinner
contains lentil
contains red pepper
contains carrot
contains quinoa
mild base recipe",tha_library,authored,starter,THA Original Founding Cookbook,tha_original:THA-286,Indian-style-lentil-red-pepper-carrot-skillet
THA-287,"Indonesian-style Split Pea, Tomato & Sweetcorn One-Pot",,dinner,Indonesian-inspired,medium,4,15,35,"1 tbsp olive oil
1 onion, finely chopped
2 garlic cloves, crushed
250g split peas
250g tomato, chopped
250g sweetcorn, chopped
250g wholegrain wrap
1 tsp ginger
1 tsp turmeric
1 tbsp tomato purée
1 x 400g tin chopped tomatoes
500ml low-salt stock or water
Juice of 1 lemon or lime
Fresh herbs, to serve
Optional chilli flakes or sliced jalapeños, added after serving","1. Heat olive oil in a large pan and cook onion for 6–8 minutes.
2. Add garlic and spices and cook for 1 minute.
3. Add split pea, tomato and sweetcorn, stirring to coat in the flavour base.
4. Add tomatoes, stock or water as listed and simmer until tender.
5. Cook or stir in the wholegrain wrap as appropriate for the dish.
6. Season lightly and serve with fresh herbs, with chilli or jalapeños added at the table.","Split Pea, tomato, sweetcorn and wholegrain wrap create a filling plant-forward meal built from recognisable ingredients and simple seasoning.","category: dinner
contains split pea
contains tomato
contains sweetcorn
contains wholegrain wrap
mild base recipe
batch-cook friendly",tha_library,authored,starter,THA Original Founding Cookbook,tha_original:THA-287,Indonesian-style-split-pea-tomato-sweetcorn-one-pot
THA-288,"Ethiopian-style Chicken Thigh, Peas & Butternut Squash Stew 4",,dinner,Ethiopian-inspired,medium,4,15,35,"1 tbsp olive oil
1 onion, finely chopped
2 garlic cloves, crushed
300g quality chicken thigh
250g peas, chopped
250g butternut squash, chopped
250g wholegrain bread
1 tsp paprika
1 tsp turmeric
1 tbsp tomato purée
1 x 400g tin chopped tomatoes
500ml low-salt stock or water
Juice of 1 lemon or lime
Fresh herbs, to serve
Optional chilli flakes or sliced jalapeños, added after serving","1. Heat olive oil in a large pan and cook onion for 6–8 minutes.
2. Add garlic and spices and cook for 1 minute.
3. Add chicken thigh, peas and butternut squash, stirring to coat in the flavour base.
4. Add tomatoes, stock or water as listed and simmer until tender.
5. Cook or stir in the wholegrain bread as appropriate for the dish.
6. Season lightly and serve with fresh herbs, with chilli or jalapeños added at the table.","A modest amount of quality chicken thigh supports a plate led by peas, butternut squash and wholegrain bread, keeping the meal plant-forward while still familiar.","category: dinner
contains chicken thigh
contains peas
contains butternut squash
contains wholegrain bread
mild base recipe
batch-cook friendly
freezer friendly",tha_library,authored,starter,THA Original Founding Cookbook,tha_original:THA-288,Ethiopian-style-chicken-thigh-peas-butternut-squash-stew-4
THA-289,"Australian Cafe-style Tofu, Cabbage & Beetroot Rice Bowl",,dinner,Australian cafe-inspired,easy,4,15,35,"1 tbsp olive oil
1 onion, finely chopped
2 garlic cloves, crushed
280g firm tofu, cubed
250g cabbage, chopped
250g beetroot, chopped
250g wholewheat couscous
1 tsp lemon
1 tsp parsley
Juice of 1 lemon or lime
Fresh herbs, to serve
Optional chilli flakes or sliced jalapeños, added after serving","1. Heat olive oil in a large pan and cook onion for 6–8 minutes.
2. Add garlic and spices and cook for 1 minute.
3. Add tofu, cabbage and beetroot, stirring to coat in the flavour base.
4. Add tomatoes, stock or water as listed and simmer until tender.
5. Cook or stir in the wholewheat couscous as appropriate for the dish.
6. Season lightly and serve with fresh herbs, with chilli or jalapeños added at the table.","Tofu, cabbage, beetroot and wholewheat couscous create a filling plant-forward meal built from recognisable ingredients and simple seasoning.","category: dinner
contains tofu
contains cabbage
contains beetroot
contains wholewheat couscous
mild base recipe",tha_library,authored,starter,THA Original Founding Cookbook,tha_original:THA-289,australian-Cafe-style-tofu-cabbage-beetroot-rice-bowl
THA-290,"Spanish-style Black Bean, Radish & Courgette Noodle Bowl",,dinner,Spanish-inspired,medium,4,15,35,"1 tbsp olive oil
1 onion, finely chopped
2 garlic cloves, crushed
1 x 400g tin black beans, drained
250g radish, chopped
250g courgette, chopped
250g buckwheat
1 tsp smoked paprika
1 tsp parsley
1 tbsp low-salt soy sauce or tamari
Juice of 1 lime
Optional chilli flakes or sliced jalapeños, added after serving","1. Heat olive oil in a large pan and cook onion for 6–8 minutes.
2. Add garlic and spices and cook for 1 minute.
3. Add black bean, radish and courgette, stirring to coat in the flavour base.
4. Add tomatoes, stock or water as listed and simmer until tender.
5. Cook or stir in the buckwheat as appropriate for the dish.
6. Season lightly and serve with fresh herbs, with chilli or jalapeños added at the table.","Black Bean, radish, courgette and buckwheat create a filling plant-forward meal built from recognisable ingredients and simple seasoning.","category: dinner
contains black bean
contains radish
contains courgette
contains buckwheat
mild base recipe",tha_library,authored,starter,THA Original Founding Cookbook,tha_original:THA-290,Spanish-style-black-bean-radish-courgette-noodle-bowl
THA-291,"Indian-style Chicken Thigh, Butternut Squash & Cabbage Skillet 4",,dinner,Indian-inspired,medium,4,15,35,"1 tbsp olive oil
1 onion, finely chopped
2 garlic cloves, crushed
300g quality chicken thigh
250g butternut squash, chopped
250g cabbage, chopped
250g potato
1 tsp ground cumin
1 tsp ground coriander
Juice of 1 lemon or lime
Fresh herbs, to serve
Optional chilli flakes or sliced jalapeños, added after serving","1. Heat olive oil in a large pan and cook onion for 6–8 minutes.
2. Add garlic and spices and cook for 1 minute.
3. Add chicken thigh, butternut squash and cabbage, stirring to coat in the flavour base.
4. Add tomatoes, stock or water as listed and simmer until tender.
5. Cook or stir in the potato as appropriate for the dish.
6. Season lightly and serve with fresh herbs, with chilli or jalapeños added at the table.","A modest amount of quality chicken thigh supports a plate led by butternut squash, cabbage and potato, keeping the meal plant-forward while still familiar.","category: dinner
contains chicken thigh
contains butternut squash
contains cabbage
contains potato
mild base recipe",tha_library,authored,starter,THA Original Founding Cookbook,tha_original:THA-291,Indian-style-chicken-thigh-butternut-squash-cabbage-skillet-4
THA-292,"Indonesian-style Cannellini Bean, Parsnip & Swede One-Pot",,dinner,Indonesian-inspired,medium,4,15,35,"1 tbsp olive oil
1 onion, finely chopped
2 garlic cloves, crushed
1 x 400g tin cannellini beans, drained
250g parsnip, chopped
250g swede, chopped
250g brown basmati rice
1 tsp ginger
1 tsp turmeric
1 tbsp tomato purée
1 x 400g tin chopped tomatoes
500ml low-salt stock or water
Juice of 1 lemon or lime
Fresh herbs, to serve
Optional chilli flakes or sliced jalapeños, added after serving","1. Heat olive oil in a large pan and cook onion for 6–8 minutes.
2. Add garlic and spices and cook for 1 minute.
3. Add cannellini bean, parsnip and swede, stirring to coat in the flavour base.
4. Add tomatoes, stock or water as listed and simmer until tender.
5. Cook or stir in the brown basmati rice as appropriate for the dish.
6. Season lightly and serve with fresh herbs, with chilli or jalapeños added at the table.","Cannellini Bean, parsnip, swede and brown basmati rice create a filling plant-forward meal built from recognisable ingredients and simple seasoning.","category: dinner
contains cannellini bean
contains parsnip
contains swede
contains brown basmati rice
mild base recipe
batch-cook friendly",tha_library,authored,starter,THA Original Founding Cookbook,tha_original:THA-292,Indonesian-style-cannellini-bean-parsnip-swede-one-pot
THA-293,"Ethiopian-style Green Pea, Asparagus & Onion Stew",,dinner,Ethiopian-inspired,medium,4,15,35,"1 tbsp olive oil
1 onion, finely chopped
2 garlic cloves, crushed
250g green peas
250g asparagus, chopped
250g onion, chopped
250g bulgur wheat
1 tsp paprika
1 tsp turmeric
1 tbsp tomato purée
1 x 400g tin chopped tomatoes
500ml low-salt stock or water
Juice of 1 lemon or lime
Fresh herbs, to serve
Optional chilli flakes or sliced jalapeños, added after serving","1. Heat olive oil in a large pan and cook onion for 6–8 minutes.
2. Add garlic and spices and cook for 1 minute.
3. Add green pea, asparagus and onion, stirring to coat in the flavour base.
4. Add tomatoes, stock or water as listed and simmer until tender.
5. Cook or stir in the bulgur wheat as appropriate for the dish.
6. Season lightly and serve with fresh herbs, with chilli or jalapeños added at the table.","Green Pea, asparagus, onion and bulgur wheat create a filling plant-forward meal built from recognisable ingredients and simple seasoning.","category: dinner
contains green pea
contains asparagus
contains onion
contains bulgur wheat
mild base recipe
batch-cook friendly
freezer friendly",tha_library,authored,starter,THA Original Founding Cookbook,tha_original:THA-293,Ethiopian-style-green-pea-asparagus-onion-stew
THA-294,"Australian Cafe-style Chicken Thigh, Celery & Tomato Rice Bowl 4",,dinner,Australian cafe-inspired,easy,4,15,35,"1 tbsp olive oil
1 onion, finely chopped
2 garlic cloves, crushed
300g quality chicken thigh
250g celery, chopped
250g tomato, chopped
250g wholewheat noodles
1 tsp lemon
1 tsp parsley
Juice of 1 lemon or lime
Fresh herbs, to serve
Optional chilli flakes or sliced jalapeños, added after serving","1. Heat olive oil in a large pan and cook onion for 6–8 minutes.
2. Add garlic and spices and cook for 1 minute.
3. Add chicken thigh, celery and tomato, stirring to coat in the flavour base.
4. Add tomatoes, stock or water as listed and simmer until tender.
5. Cook or stir in the wholewheat noodles as appropriate for the dish.
6. Season lightly and serve with fresh herbs, with chilli or jalapeños added at the table.","A modest amount of quality chicken thigh supports a plate led by celery, tomato and wholewheat noodles, keeping the meal plant-forward while still familiar.","category: dinner
contains chicken thigh
contains celery
contains tomato
contains wholewheat noodles
mild base recipe",tha_library,authored,starter,THA Original Founding Cookbook,tha_original:THA-294,australian-Cafe-style-chicken-thigh-celery-tomato-rice-bowl-4
THA-295,"Spanish-style Chickpea, Broccoli & Spring Onion Noodle Bowl",,dinner,Spanish-inspired,medium,4,15,35,"1 tbsp olive oil
1 onion, finely chopped
2 garlic cloves, crushed
1 x 400g tin chickpeas, drained
250g broccoli, chopped
250g spring onion, chopped
250g sweet potato
1 tsp smoked paprika
1 tsp parsley
1 tbsp low-salt soy sauce or tamari
Juice of 1 lime
Optional chilli flakes or sliced jalapeños, added after serving","1. Heat olive oil in a large pan and cook onion for 6–8 minutes.
2. Add garlic and spices and cook for 1 minute.
3. Add chickpea, broccoli and spring onion, stirring to coat in the flavour base.
4. Add tomatoes, stock or water as listed and simmer until tender.
5. Cook or stir in the sweet potato as appropriate for the dish.
6. Season lightly and serve with fresh herbs, with chilli or jalapeños added at the table.","Chickpea, broccoli, spring onion and sweet potato create a filling plant-forward meal built from recognisable ingredients and simple seasoning.","category: dinner
contains chickpea
contains broccoli
contains spring onion
contains sweet potato
mild base recipe",tha_library,authored,starter,THA Original Founding Cookbook,tha_original:THA-295,Spanish-style-chickpea-broccoli-spring-onion-noodle-bowl
THA-296,"Indian-style Haricot Bean, Red Pepper & Kale Skillet",,dinner,Indian-inspired,medium,4,15,35,"1 tbsp olive oil
1 onion, finely chopped
2 garlic cloves, crushed
1 x 400g tin haricot beans, drained
250g red pepper, chopped
250g kale, chopped
250g brown rice
1 tsp ground cumin
1 tsp ground coriander
Juice of 1 lemon or lime
Fresh herbs, to serve
Optional chilli flakes or sliced jalapeños, added after serving","1. Heat olive oil in a large pan and cook onion for 6–8 minutes.
2. Add garlic and spices and cook for 1 minute.
3. Add haricot bean, red pepper and kale, stirring to coat in the flavour base.
4. Add tomatoes, stock or water as listed and simmer until tender.
5. Cook or stir in the brown rice as appropriate for the dish.
6. Season lightly and serve with fresh herbs, with chilli or jalapeños added at the table.","Haricot Bean, red pepper, kale and brown rice create a filling plant-forward meal built from recognisable ingredients and simple seasoning.","category: dinner
contains haricot bean
contains red pepper
contains kale
contains brown rice
mild base recipe",tha_library,authored,starter,THA Original Founding Cookbook,tha_original:THA-296,Indian-style-haricot-bean-red-pepper-kale-skillet
THA-297,"Indonesian-style Chicken Thigh, Tomato & Broccoli One-Pot 4",,dinner,Indonesian-inspired,medium,4,15,35,"1 tbsp olive oil
1 onion, finely chopped
2 garlic cloves, crushed
300g quality chicken thigh
250g tomato, chopped
250g broccoli, chopped
250g pearl barley
1 tsp ginger
1 tsp turmeric
1 tbsp tomato purée
1 x 400g tin chopped tomatoes
500ml low-salt stock or water
Juice of 1 lemon or lime
Fresh herbs, to serve
Optional chilli flakes or sliced jalapeños, added after serving","1. Heat olive oil in a large pan and cook onion for 6–8 minutes.
2. Add garlic and spices and cook for 1 minute.
3. Add chicken thigh, tomato and broccoli, stirring to coat in the flavour base.
4. Add tomatoes, stock or water as listed and simmer until tender.
5. Cook or stir in the pearl barley as appropriate for the dish.
6. Season lightly and serve with fresh herbs, with chilli or jalapeños added at the table.","A modest amount of quality chicken thigh supports a plate led by tomato, broccoli and pearl barley, keeping the meal plant-forward while still familiar.","category: dinner
contains chicken thigh
contains tomato
contains broccoli
contains pearl barley
mild base recipe
batch-cook friendly",tha_library,authored,starter,THA Original Founding Cookbook,tha_original:THA-297,Indonesian-style-chicken-thigh-tomato-broccoli-one-pot-4
THA-298,"Ethiopian-style Split Pea, Peas & Leek Stew",,dinner,Ethiopian-inspired,medium,4,15,35,"1 tbsp olive oil
1 onion, finely chopped
2 garlic cloves, crushed
250g split peas
250g peas, chopped
250g leek, chopped
250g wholemeal flatbread
1 tsp paprika
1 tsp turmeric
1 tbsp tomato purée
1 x 400g tin chopped tomatoes
500ml low-salt stock or water
Juice of 1 lemon or lime
Fresh herbs, to serve
Optional chilli flakes or sliced jalapeños, added after serving","1. Heat olive oil in a large pan and cook onion for 6–8 minutes.
2. Add garlic and spices and cook for 1 minute.
3. Add split pea, peas and leek, stirring to coat in the flavour base.
4. Add tomatoes, stock or water as listed and simmer until tender.
5. Cook or stir in the wholemeal flatbread as appropriate for the dish.
6. Season lightly and serve with fresh herbs, with chilli or jalapeños added at the table.","Split Pea, peas, leek and wholemeal flatbread create a filling plant-forward meal built from recognisable ingredients and simple seasoning.","category: dinner
contains split pea
contains peas
contains leek
contains wholemeal flatbread
mild base recipe
batch-cook friendly
freezer friendly",tha_library,authored,starter,THA Original Founding Cookbook,tha_original:THA-298,Ethiopian-style-split-pea-peas-leek-stew
THA-299,"Australian Cafe-style Butter Bean, Cabbage & Cucumber Rice Bowl",,dinner,Australian cafe-inspired,easy,4,15,35,"1 tbsp olive oil
1 onion, finely chopped
2 garlic cloves, crushed
1 x 400g tin butter beans, drained
250g cabbage, chopped
250g cucumber, chopped
250g oats
1 tsp lemon
1 tsp parsley
Juice of 1 lemon or lime
Fresh herbs, to serve
Optional chilli flakes or sliced jalapeños, added after serving","1. Heat olive oil in a large pan and cook onion for 6–8 minutes.
2. Add garlic and spices and cook for 1 minute.
3. Add butter bean, cabbage and cucumber, stirring to coat in the flavour base.
4. Add tomatoes, stock or water as listed and simmer until tender.
5. Cook or stir in the oats as appropriate for the dish.
6. Season lightly and serve with fresh herbs, with chilli or jalapeños added at the table.","Butter Bean, cabbage, cucumber and oats create a filling plant-forward meal built from recognisable ingredients and simple seasoning.","category: dinner
contains butter bean
contains cabbage
contains cucumber
contains oats
mild base recipe",tha_library,authored,starter,THA Original Founding Cookbook,tha_original:THA-299,australian-Cafe-style-butter-bean-cabbage-cucumber-rice-bowl
THA-300,"Spanish-style Chicken Thigh, Radish & Asparagus Noodle Bowl 4",,dinner,Spanish-inspired,medium,4,15,35,"1 tbsp olive oil
1 onion, finely chopped
2 garlic cloves, crushed
300g quality chicken thigh
250g radish, chopped
250g asparagus, chopped
250g wholewheat pasta
1 tsp smoked paprika
1 tsp parsley
1 tbsp low-salt soy sauce or tamari
Juice of 1 lime
Optional chilli flakes or sliced jalapeños, added after serving","1. Heat olive oil in a large pan and cook onion for 6–8 minutes.
2. Add garlic and spices and cook for 1 minute.
3. Add chicken thigh, radish and asparagus, stirring to coat in the flavour base.
4. Add tomatoes, stock or water as listed and simmer until tender.
5. Cook or stir in the wholewheat pasta as appropriate for the dish.
6. Season lightly and serve with fresh herbs, with chilli or jalapeños added at the table.","A modest amount of quality chicken thigh supports a plate led by radish, asparagus and wholewheat pasta, keeping the meal plant-forward while still familiar.","category: dinner
contains chicken thigh
contains radish
contains asparagus
contains wholewheat pasta
mild base recipe",tha_library,authored,starter,THA Original Founding Cookbook,tha_original:THA-300,Spanish-style-chicken-thigh-radish-asparagus-noodle-bowl-4
THA-301,"Indian-style Black Bean, Butternut Squash & Carrot Skillet",,dinner,Indian-inspired,medium,4,15,35,"1 tbsp olive oil
1 onion, finely chopped
2 garlic cloves, crushed
1 x 400g tin black beans, drained
250g butternut squash, chopped
250g carrot, chopped
250g quinoa
1 tsp ground cumin
1 tsp ground coriander
Juice of 1 lemon or lime
Fresh herbs, to serve
Optional chilli flakes or sliced jalapeños, added after serving","1. Heat olive oil in a large pan and cook onion for 6–8 minutes.
2. Add garlic and spices and cook for 1 minute.
3. Add black bean, butternut squash and carrot, stirring to coat in the flavour base.
4. Add tomatoes, stock or water as listed and simmer until tender.
5. Cook or stir in the quinoa as appropriate for the dish.
6. Season lightly and serve with fresh herbs, with chilli or jalapeños added at the table.","Black Bean, butternut squash, carrot and quinoa create a filling plant-forward meal built from recognisable ingredients and simple seasoning.","category: dinner
contains black bean
contains butternut squash
contains carrot
contains quinoa
mild base recipe",tha_library,authored,starter,THA Original Founding Cookbook,tha_original:THA-301,Indian-style-black-bean-butternut-squash-carrot-skillet
THA-302,"Indonesian-style Edamame, Parsnip & Sweetcorn One-Pot",,dinner,Indonesian-inspired,medium,4,15,35,"1 tbsp olive oil
1 onion, finely chopped
2 garlic cloves, crushed
250g edamames
250g parsnip, chopped
250g sweetcorn, chopped
250g wholegrain wrap
1 tsp ginger
1 tsp turmeric
1 tbsp tomato purée
1 x 400g tin chopped tomatoes
500ml low-salt stock or water
Juice of 1 lemon or lime
Fresh herbs, to serve
Optional chilli flakes or sliced jalapeños, added after serving","1. Heat olive oil in a large pan and cook onion for 6–8 minutes.
2. Add garlic and spices and cook for 1 minute.
3. Add edamame, parsnip and sweetcorn, stirring to coat in the flavour base.
4. Add tomatoes, stock or water as listed and simmer until tender.
5. Cook or stir in the wholegrain wrap as appropriate for the dish.
6. Season lightly and serve with fresh herbs, with chilli or jalapeños added at the table.","Edamame, parsnip, sweetcorn and wholegrain wrap create a filling plant-forward meal built from recognisable ingredients and simple seasoning.","category: dinner
contains edamame
contains parsnip
contains sweetcorn
contains wholegrain wrap
mild base recipe
batch-cook friendly",tha_library,authored,starter,THA Original Founding Cookbook,tha_original:THA-302,Indonesian-style-edamame-parsnip-sweetcorn-one-pot
THA-303,"Ethiopian-style Chicken Thigh, Asparagus & Butternut Squash Stew 4",,dinner,Ethiopian-inspired,medium,4,15,35,"1 tbsp olive oil
1 onion, finely chopped
2 garlic cloves, crushed
300g quality chicken thigh
250g asparagus, chopped
250g butternut squash, chopped
250g wholegrain bread
1 tsp paprika
1 tsp turmeric
1 tbsp tomato purée
1 x 400g tin chopped tomatoes
500ml low-salt stock or water
Juice of 1 lemon or lime
Fresh herbs, to serve
Optional chilli flakes or sliced jalapeños, added after serving","1. Heat olive oil in a large pan and cook onion for 6–8 minutes.
2. Add garlic and spices and cook for 1 minute.
3. Add chicken thigh, asparagus and butternut squash, stirring to coat in the flavour base.
4. Add tomatoes, stock or water as listed and simmer until tender.
5. Cook or stir in the wholegrain bread as appropriate for the dish.
6. Season lightly and serve with fresh herbs, with chilli or jalapeños added at the table.","A modest amount of quality chicken thigh supports a plate led by asparagus, butternut squash and wholegrain bread, keeping the meal plant-forward while still familiar.","category: dinner
contains chicken thigh
contains asparagus
contains butternut squash
contains wholegrain bread
mild base recipe
batch-cook friendly
freezer friendly",tha_library,authored,starter,THA Original Founding Cookbook,tha_original:THA-303,Ethiopian-style-chicken-thigh-asparagus-butternut-squash-stew-4
THA-304,"Australian Cafe-style Green Pea, Celery & Beetroot Rice Bowl",,dinner,Australian cafe-inspired,easy,4,15,35,"1 tbsp olive oil
1 onion, finely chopped
2 garlic cloves, crushed
250g green peas
250g celery, chopped
250g beetroot, chopped
250g wholewheat couscous
1 tsp lemon
1 tsp parsley
Juice of 1 lemon or lime
Fresh herbs, to serve
Optional chilli flakes or sliced jalapeños, added after serving","1. Heat olive oil in a large pan and cook onion for 6–8 minutes.
2. Add garlic and spices and cook for 1 minute.
3. Add green pea, celery and beetroot, stirring to coat in the flavour base.
4. Add tomatoes, stock or water as listed and simmer until tender.
5. Cook or stir in the wholewheat couscous as appropriate for the dish.
6. Season lightly and serve with fresh herbs, with chilli or jalapeños added at the table.","Green Pea, celery, beetroot and wholewheat couscous create a filling plant-forward meal built from recognisable ingredients and simple seasoning.","category: dinner
contains green pea
contains celery
contains beetroot
contains wholewheat couscous
mild base recipe",tha_library,authored,starter,THA Original Founding Cookbook,tha_original:THA-304,australian-Cafe-style-green-pea-celery-beetroot-rice-bowl
THA-305,"Spanish-style Kidney Bean, Broccoli & Courgette Noodle Bowl",,dinner,Spanish-inspired,medium,4,15,35,"1 tbsp olive oil
1 onion, finely chopped
2 garlic cloves, crushed
1 x 400g tin kidney beans, drained
250g broccoli, chopped
250g courgette, chopped
250g buckwheat
1 tsp smoked paprika
1 tsp parsley
1 tbsp low-salt soy sauce or tamari
Juice of 1 lime
Optional chilli flakes or sliced jalapeños, added after serving","1. Heat olive oil in a large pan and cook onion for 6–8 minutes.
2. Add garlic and spices and cook for 1 minute.
3. Add kidney bean, broccoli and courgette, stirring to coat in the flavour base.
4. Add tomatoes, stock or water as listed and simmer until tender.
5. Cook or stir in the buckwheat as appropriate for the dish.
6. Season lightly and serve with fresh herbs, with chilli or jalapeños added at the table.","Kidney Bean, broccoli, courgette and buckwheat create a filling plant-forward meal built from recognisable ingredients and simple seasoning.","category: dinner
contains kidney bean
contains broccoli
contains courgette
contains buckwheat
mild base recipe",tha_library,authored,starter,THA Original Founding Cookbook,tha_original:THA-305,Spanish-style-kidney-bean-broccoli-courgette-noodle-bowl
THA-306,"Indian-style Chicken Thigh, Red Pepper & Cabbage Skillet 4",,dinner,Indian-inspired,medium,4,15,35,"1 tbsp olive oil
1 onion, finely chopped
2 garlic cloves, crushed
300g quality chicken thigh
250g red pepper, chopped
250g cabbage, chopped
250g potato
1 tsp ground cumin
1 tsp ground coriander
Juice of 1 lemon or lime
Fresh herbs, to serve
Optional chilli flakes or sliced jalapeños, added after serving","1. Heat olive oil in a large pan and cook onion for 6–8 minutes.
2. Add garlic and spices and cook for 1 minute.
3. Add chicken thigh, red pepper and cabbage, stirring to coat in the flavour base.
4. Add tomatoes, stock or water as listed and simmer until tender.
5. Cook or stir in the potato as appropriate for the dish.
6. Season lightly and serve with fresh herbs, with chilli or jalapeños added at the table.","A modest amount of quality chicken thigh supports a plate led by red pepper, cabbage and potato, keeping the meal plant-forward while still familiar.","category: dinner
contains chicken thigh
contains red pepper
contains cabbage
contains potato
mild base recipe",tha_library,authored,starter,THA Original Founding Cookbook,tha_original:THA-306,Indian-style-chicken-thigh-red-pepper-cabbage-skillet-4
THA-307,"Indonesian-style Haricot Bean, Tomato & Swede One-Pot",,dinner,Indonesian-inspired,medium,4,15,35,"1 tbsp olive oil
1 onion, finely chopped
2 garlic cloves, crushed
1 x 400g tin haricot beans, drained
250g tomato, chopped
250g swede, chopped
250g brown basmati rice
1 tsp ginger
1 tsp turmeric
1 tbsp tomato purée
1 x 400g tin chopped tomatoes
500ml low-salt stock or water
Juice of 1 lemon or lime
Fresh herbs, to serve
Optional chilli flakes or sliced jalapeños, added after serving","1. Heat olive oil in a large pan and cook onion for 6–8 minutes.
2. Add garlic and spices and cook for 1 minute.
3. Add haricot bean, tomato and swede, stirring to coat in the flavour base.
4. Add tomatoes, stock or water as listed and simmer until tender.
5. Cook or stir in the brown basmati rice as appropriate for the dish.
6. Season lightly and serve with fresh herbs, with chilli or jalapeños added at the table.","Haricot Bean, tomato, swede and brown basmati rice create a filling plant-forward meal built from recognisable ingredients and simple seasoning.","category: dinner
contains haricot bean
contains tomato
contains swede
contains brown basmati rice
mild base recipe
batch-cook friendly",tha_library,authored,starter,THA Original Founding Cookbook,tha_original:THA-307,Indonesian-style-haricot-bean-tomato-swede-one-pot
THA-308,"Ethiopian-style Lentil, Peas & Onion Stew",,dinner,Ethiopian-inspired,medium,4,15,35,"1 tbsp olive oil
1 onion, finely chopped
2 garlic cloves, crushed
1 x 400g tin lentils, drained
250g peas, chopped
250g onion, chopped
250g bulgur wheat
1 tsp paprika
1 tsp turmeric
1 tbsp tomato purée
1 x 400g tin chopped tomatoes
500ml low-salt stock or water
Juice of 1 lemon or lime
Fresh herbs, to serve
Optional chilli flakes or sliced jalapeños, added after serving","1. Heat olive oil in a large pan and cook onion for 6–8 minutes.
2. Add garlic and spices and cook for 1 minute.
3. Add lentil, peas and onion, stirring to coat in the flavour base.
4. Add tomatoes, stock or water as listed and simmer until tender.
5. Cook or stir in the bulgur wheat as appropriate for the dish.
6. Season lightly and serve with fresh herbs, with chilli or jalapeños added at the table.","Lentil, peas, onion and bulgur wheat create a filling plant-forward meal built from recognisable ingredients and simple seasoning.","category: dinner
contains lentil
contains peas
contains onion
contains bulgur wheat
mild base recipe
batch-cook friendly
freezer friendly",tha_library,authored,starter,THA Original Founding Cookbook,tha_original:THA-308,Ethiopian-style-lentil-peas-onion-stew
THA-309,"Australian Cafe-style Chicken Thigh, Cabbage & Tomato Rice Bowl 4",,dinner,Australian cafe-inspired,easy,4,15,35,"1 tbsp olive oil
1 onion, finely chopped
2 garlic cloves, crushed
300g quality chicken thigh
250g cabbage, chopped
250g tomato, chopped
250g wholewheat noodles
1 tsp lemon
1 tsp parsley
Juice of 1 lemon or lime
Fresh herbs, to serve
Optional chilli flakes or sliced jalapeños, added after serving","1. Heat olive oil in a large pan and cook onion for 6–8 minutes.
2. Add garlic and spices and cook for 1 minute.
3. Add chicken thigh, cabbage and tomato, stirring to coat in the flavour base.
4. Add tomatoes, stock or water as listed and simmer until tender.
5. Cook or stir in the wholewheat noodles as appropriate for the dish.
6. Season lightly and serve with fresh herbs, with chilli or jalapeños added at the table.","A modest amount of quality chicken thigh supports a plate led by cabbage, tomato and wholewheat noodles, keeping the meal plant-forward while still familiar.","category: dinner
contains chicken thigh
contains cabbage
contains tomato
contains wholewheat noodles
mild base recipe",tha_library,authored,starter,THA Original Founding Cookbook,tha_original:THA-309,australian-Cafe-style-chicken-thigh-cabbage-tomato-rice-bowl-4
THA-310,"Spanish-style Butter Bean, Radish & Spring Onion Noodle Bowl",,dinner,Spanish-inspired,medium,4,15,35,"1 tbsp olive oil
1 onion, finely chopped
2 garlic cloves, crushed
1 x 400g tin butter beans, drained
250g radish, chopped
250g spring onion, chopped
250g sweet potato
1 tsp smoked paprika
1 tsp parsley
1 tbsp low-salt soy sauce or tamari
Juice of 1 lime
Optional chilli flakes or sliced jalapeños, added after serving","1. Heat olive oil in a large pan and cook onion for 6–8 minutes.
2. Add garlic and spices and cook for 1 minute.
3. Add butter bean, radish and spring onion, stirring to coat in the flavour base.
4. Add tomatoes, stock or water as listed and simmer until tender.
5. Cook or stir in the sweet potato as appropriate for the dish.
6. Season lightly and serve with fresh herbs, with chilli or jalapeños added at the table.","Butter Bean, radish, spring onion and sweet potato create a filling plant-forward meal built from recognisable ingredients and simple seasoning.","category: dinner
contains butter bean
contains radish
contains spring onion
contains sweet potato
mild base recipe",tha_library,authored,starter,THA Original Founding Cookbook,tha_original:THA-310,Spanish-style-butter-bean-radish-spring-onion-noodle-bowl
THA-311,"Indian-style Tofu, Butternut Squash & Kale Skillet",,dinner,Indian-inspired,medium,4,15,35,"1 tbsp olive oil
1 onion, finely chopped
2 garlic cloves, crushed
280g firm tofu, cubed
250g butternut squash, chopped
250g kale, chopped
250g brown rice
1 tsp ground cumin
1 tsp ground coriander
Juice of 1 lemon or lime
Fresh herbs, to serve
Optional chilli flakes or sliced jalapeños, added after serving","1. Heat olive oil in a large pan and cook onion for 6–8 minutes.
2. Add garlic and spices and cook for 1 minute.
3. Add tofu, butternut squash and kale, stirring to coat in the flavour base.
4. Add tomatoes, stock or water as listed and simmer until tender.
5. Cook or stir in the brown rice as appropriate for the dish.
6. Season lightly and serve with fresh herbs, with chilli or jalapeños added at the table.","Tofu, butternut squash, kale and brown rice create a filling plant-forward meal built from recognisable ingredients and simple seasoning.","category: dinner
contains tofu
contains butternut squash
contains kale
contains brown rice
mild base recipe",tha_library,authored,starter,THA Original Founding Cookbook,tha_original:THA-311,Indian-style-tofu-butternut-squash-kale-skillet
THA-312,"Indonesian-style Chicken Thigh, Parsnip & Broccoli One-Pot 4",,dinner,Indonesian-inspired,medium,4,15,35,"1 tbsp olive oil
1 onion, finely chopped
2 garlic cloves, crushed
300g quality chicken thigh
250g parsnip, chopped
250g broccoli, chopped
250g pearl barley
1 tsp ginger
1 tsp turmeric
1 tbsp tomato purée
1 x 400g tin chopped tomatoes
500ml low-salt stock or water
Juice of 1 lemon or lime
Fresh herbs, to serve
Optional chilli flakes or sliced jalapeños, added after serving","1. Heat olive oil in a large pan and cook onion for 6–8 minutes.
2. Add garlic and spices and cook for 1 minute.
3. Add chicken thigh, parsnip and broccoli, stirring to coat in the flavour base.
4. Add tomatoes, stock or water as listed and simmer until tender.
5. Cook or stir in the pearl barley as appropriate for the dish.
6. Season lightly and serve with fresh herbs, with chilli or jalapeños added at the table.","A modest amount of quality chicken thigh supports a plate led by parsnip, broccoli and pearl barley, keeping the meal plant-forward while still familiar.","category: dinner
contains chicken thigh
contains parsnip
contains broccoli
contains pearl barley
mild base recipe
batch-cook friendly",tha_library,authored,starter,THA Original Founding Cookbook,tha_original:THA-312,Indonesian-style-chicken-thigh-parsnip-broccoli-one-pot-4
THA-313,"Ethiopian-style Edamame, Asparagus & Leek Stew",,dinner,Ethiopian-inspired,medium,4,15,35,"1 tbsp olive oil
1 onion, finely chopped
2 garlic cloves, crushed
250g edamames
250g asparagus, chopped
250g leek, chopped
250g wholemeal flatbread
1 tsp paprika
1 tsp turmeric
1 tbsp tomato purée
1 x 400g tin chopped tomatoes
500ml low-salt stock or water
Juice of 1 lemon or lime
Fresh herbs, to serve
Optional chilli flakes or sliced jalapeños, added after serving","1. Heat olive oil in a large pan and cook onion for 6–8 minutes.
2. Add garlic and spices and cook for 1 minute.
3. Add edamame, asparagus and leek, stirring to coat in the flavour base.
4. Add tomatoes, stock or water as listed and simmer until tender.
5. Cook or stir in the wholemeal flatbread as appropriate for the dish.
6. Season lightly and serve with fresh herbs, with chilli or jalapeños added at the table.","Edamame, asparagus, leek and wholemeal flatbread create a filling plant-forward meal built from recognisable ingredients and simple seasoning.","category: dinner
contains edamame
contains asparagus
contains leek
contains wholemeal flatbread
mild base recipe
batch-cook friendly
freezer friendly",tha_library,authored,starter,THA Original Founding Cookbook,tha_original:THA-313,Ethiopian-style-edamame-asparagus-leek-stew
THA-314,"Australian Cafe-style Cannellini Bean, Celery & Cucumber Rice Bowl",,dinner,Australian cafe-inspired,easy,4,15,35,"1 tbsp olive oil
1 onion, finely chopped
2 garlic cloves, crushed
1 x 400g tin cannellini beans, drained
250g celery, chopped
250g cucumber, chopped
250g oats
1 tsp lemon
1 tsp parsley
Juice of 1 lemon or lime
Fresh herbs, to serve
Optional chilli flakes or sliced jalapeños, added after serving","1. Heat olive oil in a large pan and cook onion for 6–8 minutes.
2. Add garlic and spices and cook for 1 minute.
3. Add cannellini bean, celery and cucumber, stirring to coat in the flavour base.
4. Add tomatoes, stock or water as listed and simmer until tender.
5. Cook or stir in the oats as appropriate for the dish.
6. Season lightly and serve with fresh herbs, with chilli or jalapeños added at the table.","Cannellini Bean, celery, cucumber and oats create a filling plant-forward meal built from recognisable ingredients and simple seasoning.","category: dinner
contains cannellini bean
contains celery
contains cucumber
contains oats
mild base recipe",tha_library,authored,starter,THA Original Founding Cookbook,tha_original:THA-314,australian-Cafe-style-cannellini-bean-celery-cucumber-rice-bowl
THA-315,"Spanish-style Chicken Thigh, Broccoli & Asparagus Noodle Bowl 5",,dinner,Spanish-inspired,medium,4,15,35,"1 tbsp olive oil
1 onion, finely chopped
2 garlic cloves, crushed
300g quality chicken thigh
250g broccoli, chopped
250g asparagus, chopped
250g wholewheat pasta
1 tsp smoked paprika
1 tsp parsley
1 tbsp low-salt soy sauce or tamari
Juice of 1 lime
Optional chilli flakes or sliced jalapeños, added after serving","1. Heat olive oil in a large pan and cook onion for 6–8 minutes.
2. Add garlic and spices and cook for 1 minute.
3. Add chicken thigh, broccoli and asparagus, stirring to coat in the flavour base.
4. Add tomatoes, stock or water as listed and simmer until tender.
5. Cook or stir in the wholewheat pasta as appropriate for the dish.
6. Season lightly and serve with fresh herbs, with chilli or jalapeños added at the table.","A modest amount of quality chicken thigh supports a plate led by broccoli, asparagus and wholewheat pasta, keeping the meal plant-forward while still familiar.","category: dinner
contains chicken thigh
contains broccoli
contains asparagus
contains wholewheat pasta
mild base recipe",tha_library,authored,starter,THA Original Founding Cookbook,tha_original:THA-315,Spanish-style-chicken-thigh-broccoli-asparagus-noodle-bowl-5
THA-316,"Indian-style Kidney Bean, Red Pepper & Carrot Skillet",,dinner,Indian-inspired,medium,4,15,35,"1 tbsp olive oil
1 onion, finely chopped
2 garlic cloves, crushed
1 x 400g tin kidney beans, drained
250g red pepper, chopped
250g carrot, chopped
250g quinoa
1 tsp ground cumin
1 tsp ground coriander
Juice of 1 lemon or lime
Fresh herbs, to serve
Optional chilli flakes or sliced jalapeños, added after serving","1. Heat olive oil in a large pan and cook onion for 6–8 minutes.
2. Add garlic and spices and cook for 1 minute.
3. Add kidney bean, red pepper and carrot, stirring to coat in the flavour base.
4. Add tomatoes, stock or water as listed and simmer until tender.
5. Cook or stir in the quinoa as appropriate for the dish.
6. Season lightly and serve with fresh herbs, with chilli or jalapeños added at the table.","Kidney Bean, red pepper, carrot and quinoa create a filling plant-forward meal built from recognisable ingredients and simple seasoning.","category: dinner
contains kidney bean
contains red pepper
contains carrot
contains quinoa
mild base recipe",tha_library,authored,starter,THA Original Founding Cookbook,tha_original:THA-316,Indian-style-kidney-bean-red-pepper-carrot-skillet
THA-317,"Indonesian-style Chickpea, Tomato & Sweetcorn One-Pot",,dinner,Indonesian-inspired,medium,4,15,35,"1 tbsp olive oil
1 onion, finely chopped
2 garlic cloves, crushed
1 x 400g tin chickpeas, drained
250g tomato, chopped
250g sweetcorn, chopped
250g wholegrain wrap
1 tsp ginger
1 tsp turmeric
1 tbsp tomato purée
1 x 400g tin chopped tomatoes
500ml low-salt stock or water
Juice of 1 lemon or lime
Fresh herbs, to serve
Optional chilli flakes or sliced jalapeños, added after serving","1. Heat olive oil in a large pan and cook onion for 6–8 minutes.
2. Add garlic and spices and cook for 1 minute.
3. Add chickpea, tomato and sweetcorn, stirring to coat in the flavour base.
4. Add tomatoes, stock or water as listed and simmer until tender.
5. Cook or stir in the wholegrain wrap as appropriate for the dish.
6. Season lightly and serve with fresh herbs, with chilli or jalapeños added at the table.","Chickpea, tomato, sweetcorn and wholegrain wrap create a filling plant-forward meal built from recognisable ingredients and simple seasoning.","category: dinner
contains chickpea
contains tomato
contains sweetcorn
contains wholegrain wrap
mild base recipe
batch-cook friendly",tha_library,authored,starter,THA Original Founding Cookbook,tha_original:THA-317,Indonesian-style-chickpea-tomato-sweetcorn-one-pot
THA-318,"Ethiopian-style Chicken Thigh, Peas & Butternut Squash Stew 5",,dinner,Ethiopian-inspired,medium,4,15,35,"1 tbsp olive oil
1 onion, finely chopped
2 garlic cloves, crushed
300g quality chicken thigh
250g peas, chopped
250g butternut squash, chopped
250g wholegrain bread
1 tsp paprika
1 tsp turmeric
1 tbsp tomato purée
1 x 400g tin chopped tomatoes
500ml low-salt stock or water
Juice of 1 lemon or lime
Fresh herbs, to serve
Optional chilli flakes or sliced jalapeños, added after serving","1. Heat olive oil in a large pan and cook onion for 6–8 minutes.
2. Add garlic and spices and cook for 1 minute.
3. Add chicken thigh, peas and butternut squash, stirring to coat in the flavour base.
4. Add tomatoes, stock or water as listed and simmer until tender.
5. Cook or stir in the wholegrain bread as appropriate for the dish.
6. Season lightly and serve with fresh herbs, with chilli or jalapeños added at the table.","A modest amount of quality chicken thigh supports a plate led by peas, butternut squash and wholegrain bread, keeping the meal plant-forward while still familiar.","category: dinner
contains chicken thigh
contains peas
contains butternut squash
contains wholegrain bread
mild base recipe
batch-cook friendly
freezer friendly",tha_library,authored,starter,THA Original Founding Cookbook,tha_original:THA-318,Ethiopian-style-chicken-thigh-peas-butternut-squash-stew-5
THA-319,"Australian Cafe-style Lentil, Cabbage & Beetroot Rice Bowl",,dinner,Australian cafe-inspired,easy,4,15,35,"1 tbsp olive oil
1 onion, finely chopped
2 garlic cloves, crushed
1 x 400g tin lentils, drained
250g cabbage, chopped
250g beetroot, chopped
250g wholewheat couscous
1 tsp lemon
1 tsp parsley
Juice of 1 lemon or lime
Fresh herbs, to serve
Optional chilli flakes or sliced jalapeños, added after serving","1. Heat olive oil in a large pan and cook onion for 6–8 minutes.
2. Add garlic and spices and cook for 1 minute.
3. Add lentil, cabbage and beetroot, stirring to coat in the flavour base.
4. Add tomatoes, stock or water as listed and simmer until tender.
5. Cook or stir in the wholewheat couscous as appropriate for the dish.
6. Season lightly and serve with fresh herbs, with chilli or jalapeños added at the table.","Lentil, cabbage, beetroot and wholewheat couscous create a filling plant-forward meal built from recognisable ingredients and simple seasoning.","category: dinner
contains lentil
contains cabbage
contains beetroot
contains wholewheat couscous
mild base recipe",tha_library,authored,starter,THA Original Founding Cookbook,tha_original:THA-319,australian-Cafe-style-lentil-cabbage-beetroot-rice-bowl
THA-320,"Spanish-style Split Pea, Radish & Courgette Noodle Bowl",,dinner,Spanish-inspired,medium,4,15,35,"1 tbsp olive oil
1 onion, finely chopped
2 garlic cloves, crushed
250g split peas
250g radish, chopped
250g courgette, chopped
250g buckwheat
1 tsp smoked paprika
1 tsp parsley
1 tbsp low-salt soy sauce or tamari
Juice of 1 lime
Optional chilli flakes or sliced jalapeños, added after serving","1. Heat olive oil in a large pan and cook onion for 6–8 minutes.
2. Add garlic and spices and cook for 1 minute.
3. Add split pea, radish and courgette, stirring to coat in the flavour base.
4. Add tomatoes, stock or water as listed and simmer until tender.
5. Cook or stir in the buckwheat as appropriate for the dish.
6. Season lightly and serve with fresh herbs, with chilli or jalapeños added at the table.","Split Pea, radish, courgette and buckwheat create a filling plant-forward meal built from recognisable ingredients and simple seasoning.","category: dinner
contains split pea
contains radish
contains courgette
contains buckwheat
mild base recipe",tha_library,authored,starter,THA Original Founding Cookbook,tha_original:THA-320,Spanish-style-split-pea-radish-courgette-noodle-bowl
THA-321,"Indian-style Chicken Thigh, Butternut Squash & Cabbage Skillet 5",,dinner,Indian-inspired,medium,4,15,35,"1 tbsp olive oil
1 onion, finely chopped
2 garlic cloves, crushed
300g quality chicken thigh
250g butternut squash, chopped
250g cabbage, chopped
250g potato
1 tsp ground cumin
1 tsp ground coriander
Juice of 1 lemon or lime
Fresh herbs, to serve
Optional chilli flakes or sliced jalapeños, added after serving","1. Heat olive oil in a large pan and cook onion for 6–8 minutes.
2. Add garlic and spices and cook for 1 minute.
3. Add chicken thigh, butternut squash and cabbage, stirring to coat in the flavour base.
4. Add tomatoes, stock or water as listed and simmer until tender.
5. Cook or stir in the potato as appropriate for the dish.
6. Season lightly and serve with fresh herbs, with chilli or jalapeños added at the table.","A modest amount of quality chicken thigh supports a plate led by butternut squash, cabbage and potato, keeping the meal plant-forward while still familiar.","category: dinner
contains chicken thigh
contains butternut squash
contains cabbage
contains potato
mild base recipe",tha_library,authored,starter,THA Original Founding Cookbook,tha_original:THA-321,Indian-style-chicken-thigh-butternut-squash-cabbage-skillet-5
THA-322,"Indonesian-style Tofu, Parsnip & Swede One-Pot",,dinner,Indonesian-inspired,medium,4,15,35,"1 tbsp olive oil
1 onion, finely chopped
2 garlic cloves, crushed
280g firm tofu, cubed
250g parsnip, chopped
250g swede, chopped
250g brown basmati rice
1 tsp ginger
1 tsp turmeric
1 tbsp tomato purée
1 x 400g tin chopped tomatoes
500ml low-salt stock or water
Juice of 1 lemon or lime
Fresh herbs, to serve
Optional chilli flakes or sliced jalapeños, added after serving","1. Heat olive oil in a large pan and cook onion for 6–8 minutes.
2. Add garlic and spices and cook for 1 minute.
3. Add tofu, parsnip and swede, stirring to coat in the flavour base.
4. Add tomatoes, stock or water as listed and simmer until tender.
5. Cook or stir in the brown basmati rice as appropriate for the dish.
6. Season lightly and serve with fresh herbs, with chilli or jalapeños added at the table.","Tofu, parsnip, swede and brown basmati rice create a filling plant-forward meal built from recognisable ingredients and simple seasoning.","category: dinner
contains tofu
contains parsnip
contains swede
contains brown basmati rice
mild base recipe
batch-cook friendly",tha_library,authored,starter,THA Original Founding Cookbook,tha_original:THA-322,Indonesian-style-tofu-parsnip-swede-one-pot
THA-323,"Ethiopian-style Black Bean, Asparagus & Onion Stew",,dinner,Ethiopian-inspired,medium,4,15,35,"1 tbsp olive oil
1 onion, finely chopped
2 garlic cloves, crushed
1 x 400g tin black beans, drained
250g asparagus, chopped
250g onion, chopped
250g bulgur wheat
1 tsp paprika
1 tsp turmeric
1 tbsp tomato purée
1 x 400g tin chopped tomatoes
500ml low-salt stock or water
Juice of 1 lemon or lime
Fresh herbs, to serve
Optional chilli flakes or sliced jalapeños, added after serving","1. Heat olive oil in a large pan and cook onion for 6–8 minutes.
2. Add garlic and spices and cook for 1 minute.
3. Add black bean, asparagus and onion, stirring to coat in the flavour base.
4. Add tomatoes, stock or water as listed and simmer until tender.
5. Cook or stir in the bulgur wheat as appropriate for the dish.
6. Season lightly and serve with fresh herbs, with chilli or jalapeños added at the table.","Black Bean, asparagus, onion and bulgur wheat create a filling plant-forward meal built from recognisable ingredients and simple seasoning.","category: dinner
contains black bean
contains asparagus
contains onion
contains bulgur wheat
mild base recipe
batch-cook friendly
freezer friendly",tha_library,authored,starter,THA Original Founding Cookbook,tha_original:THA-323,Ethiopian-style-black-bean-asparagus-onion-stew
THA-324,"Australian Cafe-style Chicken Thigh, Celery & Tomato Rice Bowl 5",,dinner,Australian cafe-inspired,easy,4,15,35,"1 tbsp olive oil
1 onion, finely chopped
2 garlic cloves, crushed
300g quality chicken thigh
250g celery, chopped
250g tomato, chopped
250g wholewheat noodles
1 tsp lemon
1 tsp parsley
Juice of 1 lemon or lime
Fresh herbs, to serve
Optional chilli flakes or sliced jalapeños, added after serving","1. Heat olive oil in a large pan and cook onion for 6–8 minutes.
2. Add garlic and spices and cook for 1 minute.
3. Add chicken thigh, celery and tomato, stirring to coat in the flavour base.
4. Add tomatoes, stock or water as listed and simmer until tender.
5. Cook or stir in the wholewheat noodles as appropriate for the dish.
6. Season lightly and serve with fresh herbs, with chilli or jalapeños added at the table.","A modest amount of quality chicken thigh supports a plate led by celery, tomato and wholewheat noodles, keeping the meal plant-forward while still familiar.","category: dinner
contains chicken thigh
contains celery
contains tomato
contains wholewheat noodles
mild base recipe",tha_library,authored,starter,THA Original Founding Cookbook,tha_original:THA-324,australian-Cafe-style-chicken-thigh-celery-tomato-rice-bowl-5
THA-325,"Spanish-style Cannellini Bean, Broccoli & Spring Onion Noodle Bowl",,dinner,Spanish-inspired,medium,4,15,35,"1 tbsp olive oil
1 onion, finely chopped
2 garlic cloves, crushed
1 x 400g tin cannellini beans, drained
250g broccoli, chopped
250g spring onion, chopped
250g sweet potato
1 tsp smoked paprika
1 tsp parsley
1 tbsp low-salt soy sauce or tamari
Juice of 1 lime
Optional chilli flakes or sliced jalapeños, added after serving","1. Heat olive oil in a large pan and cook onion for 6–8 minutes.
2. Add garlic and spices and cook for 1 minute.
3. Add cannellini bean, broccoli and spring onion, stirring to coat in the flavour base.
4. Add tomatoes, stock or water as listed and simmer until tender.
5. Cook or stir in the sweet potato as appropriate for the dish.
6. Season lightly and serve with fresh herbs, with chilli or jalapeños added at the table.","Cannellini Bean, broccoli, spring onion and sweet potato create a filling plant-forward meal built from recognisable ingredients and simple seasoning.","category: dinner
contains cannellini bean
contains broccoli
contains spring onion
contains sweet potato
mild base recipe",tha_library,authored,starter,THA Original Founding Cookbook,tha_original:THA-325,Spanish-style-cannellini-bean-broccoli-spring-onion-noodle-bowl
THA-326,"Indian-style Green Pea, Red Pepper & Kale Skillet",,dinner,Indian-inspired,medium,4,15,35,"1 tbsp olive oil
1 onion, finely chopped
2 garlic cloves, crushed
250g green peas
250g red pepper, chopped
250g kale, chopped
250g brown rice
1 tsp ground cumin
1 tsp ground coriander
Juice of 1 lemon or lime
Fresh herbs, to serve
Optional chilli flakes or sliced jalapeños, added after serving","1. Heat olive oil in a large pan and cook onion for 6–8 minutes.
2. Add garlic and spices and cook for 1 minute.
3. Add green pea, red pepper and kale, stirring to coat in the flavour base.
4. Add tomatoes, stock or water as listed and simmer until tender.
5. Cook or stir in the brown rice as appropriate for the dish.
6. Season lightly and serve with fresh herbs, with chilli or jalapeños added at the table.","Green Pea, red pepper, kale and brown rice create a filling plant-forward meal built from recognisable ingredients and simple seasoning.","category: dinner
contains green pea
contains red pepper
contains kale
contains brown rice
mild base recipe",tha_library,authored,starter,THA Original Founding Cookbook,tha_original:THA-326,Indian-style-green-pea-red-pepper-kale-skillet
THA-327,"Indonesian-style Chicken Thigh, Tomato & Broccoli One-Pot 5",,dinner,Indonesian-inspired,medium,4,15,35,"1 tbsp olive oil
1 onion, finely chopped
2 garlic cloves, crushed
300g quality chicken thigh
250g tomato, chopped
250g broccoli, chopped
250g pearl barley
1 tsp ginger
1 tsp turmeric
1 tbsp tomato purée
1 x 400g tin chopped tomatoes
500ml low-salt stock or water
Juice of 1 lemon or lime
Fresh herbs, to serve
Optional chilli flakes or sliced jalapeños, added after serving","1. Heat olive oil in a large pan and cook onion for 6–8 minutes.
2. Add garlic and spices and cook for 1 minute.
3. Add chicken thigh, tomato and broccoli, stirring to coat in the flavour base.
4. Add tomatoes, stock or water as listed and simmer until tender.
5. Cook or stir in the pearl barley as appropriate for the dish.
6. Season lightly and serve with fresh herbs, with chilli or jalapeños added at the table.","A modest amount of quality chicken thigh supports a plate led by tomato, broccoli and pearl barley, keeping the meal plant-forward while still familiar.","category: dinner
contains chicken thigh
contains tomato
contains broccoli
contains pearl barley
mild base recipe
batch-cook friendly",tha_library,authored,starter,THA Original Founding Cookbook,tha_original:THA-327,Indonesian-style-chicken-thigh-tomato-broccoli-one-pot-5
THA-328,"Ethiopian-style Chickpea, Peas & Leek Stew",,dinner,Ethiopian-inspired,medium,4,15,35,"1 tbsp olive oil
1 onion, finely chopped
2 garlic cloves, crushed
1 x 400g tin chickpeas, drained
250g peas, chopped
250g leek, chopped
250g wholemeal flatbread
1 tsp paprika
1 tsp turmeric
1 tbsp tomato purée
1 x 400g tin chopped tomatoes
500ml low-salt stock or water
Juice of 1 lemon or lime
Fresh herbs, to serve
Optional chilli flakes or sliced jalapeños, added after serving","1. Heat olive oil in a large pan and cook onion for 6–8 minutes.
2. Add garlic and spices and cook for 1 minute.
3. Add chickpea, peas and leek, stirring to coat in the flavour base.
4. Add tomatoes, stock or water as listed and simmer until tender.
5. Cook or stir in the wholemeal flatbread as appropriate for the dish.
6. Season lightly and serve with fresh herbs, with chilli or jalapeños added at the table.","Chickpea, peas, leek and wholemeal flatbread create a filling plant-forward meal built from recognisable ingredients and simple seasoning.","category: dinner
contains chickpea
contains peas
contains leek
contains wholemeal flatbread
mild base recipe
batch-cook friendly
freezer friendly",tha_library,authored,starter,THA Original Founding Cookbook,tha_original:THA-328,Ethiopian-style-chickpea-peas-leek-stew
THA-329,"Australian Cafe-style Haricot Bean, Cabbage & Cucumber Rice Bowl",,dinner,Australian cafe-inspired,easy,4,15,35,"1 tbsp olive oil
1 onion, finely chopped
2 garlic cloves, crushed
1 x 400g tin haricot beans, drained
250g cabbage, chopped
250g cucumber, chopped
250g oats
1 tsp lemon
1 tsp parsley
Juice of 1 lemon or lime
Fresh herbs, to serve
Optional chilli flakes or sliced jalapeños, added after serving","1. Heat olive oil in a large pan and cook onion for 6–8 minutes.
2. Add garlic and spices and cook for 1 minute.
3. Add haricot bean, cabbage and cucumber, stirring to coat in the flavour base.
4. Add tomatoes, stock or water as listed and simmer until tender.
5. Cook or stir in the oats as appropriate for the dish.
6. Season lightly and serve with fresh herbs, with chilli or jalapeños added at the table.","Haricot Bean, cabbage, cucumber and oats create a filling plant-forward meal built from recognisable ingredients and simple seasoning.","category: dinner
contains haricot bean
contains cabbage
contains cucumber
contains oats
mild base recipe",tha_library,authored,starter,THA Original Founding Cookbook,tha_original:THA-329,australian-Cafe-style-haricot-bean-cabbage-cucumber-rice-bowl
THA-330,"Spanish-style Chicken Thigh, Radish & Asparagus Noodle Bowl 5",,dinner,Spanish-inspired,medium,4,15,35,"1 tbsp olive oil
1 onion, finely chopped
2 garlic cloves, crushed
300g quality chicken thigh
250g radish, chopped
250g asparagus, chopped
250g wholewheat pasta
1 tsp smoked paprika
1 tsp parsley
1 tbsp low-salt soy sauce or tamari
Juice of 1 lime
Optional chilli flakes or sliced jalapeños, added after serving","1. Heat olive oil in a large pan and cook onion for 6–8 minutes.
2. Add garlic and spices and cook for 1 minute.
3. Add chicken thigh, radish and asparagus, stirring to coat in the flavour base.
4. Add tomatoes, stock or water as listed and simmer until tender.
5. Cook or stir in the wholewheat pasta as appropriate for the dish.
6. Season lightly and serve with fresh herbs, with chilli or jalapeños added at the table.","A modest amount of quality chicken thigh supports a plate led by radish, asparagus and wholewheat pasta, keeping the meal plant-forward while still familiar.","category: dinner
contains chicken thigh
contains radish
contains asparagus
contains wholewheat pasta
mild base recipe",tha_library,authored,starter,THA Original Founding Cookbook,tha_original:THA-330,Spanish-style-chicken-thigh-radish-asparagus-noodle-bowl-5
THA-331,"Indian-style Split Pea, Butternut Squash & Carrot Skillet",,dinner,Indian-inspired,medium,4,15,35,"1 tbsp olive oil
1 onion, finely chopped
2 garlic cloves, crushed
250g split peas
250g butternut squash, chopped
250g carrot, chopped
250g quinoa
1 tsp ground cumin
1 tsp ground coriander
Juice of 1 lemon or lime
Fresh herbs, to serve
Optional chilli flakes or sliced jalapeños, added after serving","1. Heat olive oil in a large pan and cook onion for 6–8 minutes.
2. Add garlic and spices and cook for 1 minute.
3. Add split pea, butternut squash and carrot, stirring to coat in the flavour base.
4. Add tomatoes, stock or water as listed and simmer until tender.
5. Cook or stir in the quinoa as appropriate for the dish.
6. Season lightly and serve with fresh herbs, with chilli or jalapeños added at the table.","Split Pea, butternut squash, carrot and quinoa create a filling plant-forward meal built from recognisable ingredients and simple seasoning.","category: dinner
contains split pea
contains butternut squash
contains carrot
contains quinoa
mild base recipe",tha_library,authored,starter,THA Original Founding Cookbook,tha_original:THA-331,Indian-style-split-pea-butternut-squash-carrot-skillet
THA-332,"Indonesian-style Butter Bean, Parsnip & Sweetcorn One-Pot",,dinner,Indonesian-inspired,medium,4,15,35,"1 tbsp olive oil
1 onion, finely chopped
2 garlic cloves, crushed
1 x 400g tin butter beans, drained
250g parsnip, chopped
250g sweetcorn, chopped
250g wholegrain wrap
1 tsp ginger
1 tsp turmeric
1 tbsp tomato purée
1 x 400g tin chopped tomatoes
500ml low-salt stock or water
Juice of 1 lemon or lime
Fresh herbs, to serve
Optional chilli flakes or sliced jalapeños, added after serving","1. Heat olive oil in a large pan and cook onion for 6–8 minutes.
2. Add garlic and spices and cook for 1 minute.
3. Add butter bean, parsnip and sweetcorn, stirring to coat in the flavour base.
4. Add tomatoes, stock or water as listed and simmer until tender.
5. Cook or stir in the wholegrain wrap as appropriate for the dish.
6. Season lightly and serve with fresh herbs, with chilli or jalapeños added at the table.","Butter Bean, parsnip, sweetcorn and wholegrain wrap create a filling plant-forward meal built from recognisable ingredients and simple seasoning.","category: dinner
contains butter bean
contains parsnip
contains sweetcorn
contains wholegrain wrap
mild base recipe
batch-cook friendly",tha_library,authored,starter,THA Original Founding Cookbook,tha_original:THA-332,Indonesian-style-butter-bean-parsnip-sweetcorn-one-pot
THA-333,"Ethiopian-style Chicken Thigh, Asparagus & Butternut Squash Stew 5",,dinner,Ethiopian-inspired,medium,4,15,35,"1 tbsp olive oil
1 onion, finely chopped
2 garlic cloves, crushed
300g quality chicken thigh
250g asparagus, chopped
250g butternut squash, chopped
250g wholegrain bread
1 tsp paprika
1 tsp turmeric
1 tbsp tomato purée
1 x 400g tin chopped tomatoes
500ml low-salt stock or water
Juice of 1 lemon or lime
Fresh herbs, to serve
Optional chilli flakes or sliced jalapeños, added after serving","1. Heat olive oil in a large pan and cook onion for 6–8 minutes.
2. Add garlic and spices and cook for 1 minute.
3. Add chicken thigh, asparagus and butternut squash, stirring to coat in the flavour base.
4. Add tomatoes, stock or water as listed and simmer until tender.
5. Cook or stir in the wholegrain bread as appropriate for the dish.
6. Season lightly and serve with fresh herbs, with chilli or jalapeños added at the table.","A modest amount of quality chicken thigh supports a plate led by asparagus, butternut squash and wholegrain bread, keeping the meal plant-forward while still familiar.","category: dinner
contains chicken thigh
contains asparagus
contains butternut squash
contains wholegrain bread
mild base recipe
batch-cook friendly
freezer friendly",tha_library,authored,starter,THA Original Founding Cookbook,tha_original:THA-333,Ethiopian-style-chicken-thigh-asparagus-butternut-squash-stew-5
THA-334,"Australian Cafe-style Black Bean, Celery & Beetroot Rice Bowl",,dinner,Australian cafe-inspired,easy,4,15,35,"1 tbsp olive oil
1 onion, finely chopped
2 garlic cloves, crushed
1 x 400g tin black beans, drained
250g celery, chopped
250g beetroot, chopped
250g wholewheat couscous
1 tsp lemon
1 tsp parsley
Juice of 1 lemon or lime
Fresh herbs, to serve
Optional chilli flakes or sliced jalapeños, added after serving","1. Heat olive oil in a large pan and cook onion for 6–8 minutes.
2. Add garlic and spices and cook for 1 minute.
3. Add black bean, celery and beetroot, stirring to coat in the flavour base.
4. Add tomatoes, stock or water as listed and simmer until tender.
5. Cook or stir in the wholewheat couscous as appropriate for the dish.
6. Season lightly and serve with fresh herbs, with chilli or jalapeños added at the table.","Black Bean, celery, beetroot and wholewheat couscous create a filling plant-forward meal built from recognisable ingredients and simple seasoning.","category: dinner
contains black bean
contains celery
contains beetroot
contains wholewheat couscous
mild base recipe",tha_library,authored,starter,THA Original Founding Cookbook,tha_original:THA-334,australian-Cafe-style-black-bean-celery-beetroot-rice-bowl
THA-335,"Spanish-style Edamame, Broccoli & Courgette Noodle Bowl",,dinner,Spanish-inspired,medium,4,15,35,"1 tbsp olive oil
1 onion, finely chopped
2 garlic cloves, crushed
250g edamames
250g broccoli, chopped
250g courgette, chopped
250g buckwheat
1 tsp smoked paprika
1 tsp parsley
1 tbsp low-salt soy sauce or tamari
Juice of 1 lime
Optional chilli flakes or sliced jalapeños, added after serving","1. Heat olive oil in a large pan and cook onion for 6–8 minutes.
2. Add garlic and spices and cook for 1 minute.
3. Add edamame, broccoli and courgette, stirring to coat in the flavour base.
4. Add tomatoes, stock or water as listed and simmer until tender.
5. Cook or stir in the buckwheat as appropriate for the dish.
6. Season lightly and serve with fresh herbs, with chilli or jalapeños added at the table.","Edamame, broccoli, courgette and buckwheat create a filling plant-forward meal built from recognisable ingredients and simple seasoning.","category: dinner
contains edamame
contains broccoli
contains courgette
contains buckwheat
mild base recipe",tha_library,authored,starter,THA Original Founding Cookbook,tha_original:THA-335,Spanish-style-edamame-broccoli-courgette-noodle-bowl
THA-336,"Indian-style Chicken Thigh, Red Pepper & Cabbage Skillet 5",,dinner,Indian-inspired,medium,4,15,35,"1 tbsp olive oil
1 onion, finely chopped
2 garlic cloves, crushed
300g quality chicken thigh
250g red pepper, chopped
250g cabbage, chopped
250g potato
1 tsp ground cumin
1 tsp ground coriander
Juice of 1 lemon or lime
Fresh herbs, to serve
Optional chilli flakes or sliced jalapeños, added after serving","1. Heat olive oil in a large pan and cook onion for 6–8 minutes.
2. Add garlic and spices and cook for 1 minute.
3. Add chicken thigh, red pepper and cabbage, stirring to coat in the flavour base.
4. Add tomatoes, stock or water as listed and simmer until tender.
5. Cook or stir in the potato as appropriate for the dish.
6. Season lightly and serve with fresh herbs, with chilli or jalapeños added at the table.","A modest amount of quality chicken thigh supports a plate led by red pepper, cabbage and potato, keeping the meal plant-forward while still familiar.","category: dinner
contains chicken thigh
contains red pepper
contains cabbage
contains potato
mild base recipe",tha_library,authored,starter,THA Original Founding Cookbook,tha_original:THA-336,Indian-style-chicken-thigh-red-pepper-cabbage-skillet-5
THA-337,"Indonesian-style Green Pea, Tomato & Swede One-Pot",,dinner,Indonesian-inspired,medium,4,15,35,"1 tbsp olive oil
1 onion, finely chopped
2 garlic cloves, crushed
250g green peas
250g tomato, chopped
250g swede, chopped
250g brown basmati rice
1 tsp ginger
1 tsp turmeric
1 tbsp tomato purée
1 x 400g tin chopped tomatoes
500ml low-salt stock or water
Juice of 1 lemon or lime
Fresh herbs, to serve
Optional chilli flakes or sliced jalapeños, added after serving","1. Heat olive oil in a large pan and cook onion for 6–8 minutes.
2. Add garlic and spices and cook for 1 minute.
3. Add green pea, tomato and swede, stirring to coat in the flavour base.
4. Add tomatoes, stock or water as listed and simmer until tender.
5. Cook or stir in the brown basmati rice as appropriate for the dish.
6. Season lightly and serve with fresh herbs, with chilli or jalapeños added at the table.","Green Pea, tomato, swede and brown basmati rice create a filling plant-forward meal built from recognisable ingredients and simple seasoning.","category: dinner
contains green pea
contains tomato
contains swede
contains brown basmati rice
mild base recipe
batch-cook friendly",tha_library,authored,starter,THA Original Founding Cookbook,tha_original:THA-337,Indonesian-style-green-pea-tomato-swede-one-pot
THA-338,"Ethiopian-style Kidney Bean, Peas & Onion Stew",,dinner,Ethiopian-inspired,medium,4,15,35,"1 tbsp olive oil
1 onion, finely chopped
2 garlic cloves, crushed
1 x 400g tin kidney beans, drained
250g peas, chopped
250g onion, chopped
250g bulgur wheat
1 tsp paprika
1 tsp turmeric
1 tbsp tomato purée
1 x 400g tin chopped tomatoes
500ml low-salt stock or water
Juice of 1 lemon or lime
Fresh herbs, to serve
Optional chilli flakes or sliced jalapeños, added after serving","1. Heat olive oil in a large pan and cook onion for 6–8 minutes.
2. Add garlic and spices and cook for 1 minute.
3. Add kidney bean, peas and onion, stirring to coat in the flavour base.
4. Add tomatoes, stock or water as listed and simmer until tender.
5. Cook or stir in the bulgur wheat as appropriate for the dish.
6. Season lightly and serve with fresh herbs, with chilli or jalapeños added at the table.","Kidney Bean, peas, onion and bulgur wheat create a filling plant-forward meal built from recognisable ingredients and simple seasoning.","category: dinner
contains kidney bean
contains peas
contains onion
contains bulgur wheat
mild base recipe
batch-cook friendly
freezer friendly",tha_library,authored,starter,THA Original Founding Cookbook,tha_original:THA-338,Ethiopian-style-kidney-bean-peas-onion-stew
THA-339,"Australian Cafe-style Chicken Thigh, Cabbage & Tomato Rice Bowl 5",,dinner,Australian cafe-inspired,easy,4,15,35,"1 tbsp olive oil
1 onion, finely chopped
2 garlic cloves, crushed
300g quality chicken thigh
250g cabbage, chopped
250g tomato, chopped
250g wholewheat noodles
1 tsp lemon
1 tsp parsley
Juice of 1 lemon or lime
Fresh herbs, to serve
Optional chilli flakes or sliced jalapeños, added after serving","1. Heat olive oil in a large pan and cook onion for 6–8 minutes.
2. Add garlic and spices and cook for 1 minute.
3. Add chicken thigh, cabbage and tomato, stirring to coat in the flavour base.
4. Add tomatoes, stock or water as listed and simmer until tender.
5. Cook or stir in the wholewheat noodles as appropriate for the dish.
6. Season lightly and serve with fresh herbs, with chilli or jalapeños added at the table.","A modest amount of quality chicken thigh supports a plate led by cabbage, tomato and wholewheat noodles, keeping the meal plant-forward while still familiar.","category: dinner
contains chicken thigh
contains cabbage
contains tomato
contains wholewheat noodles
mild base recipe",tha_library,authored,starter,THA Original Founding Cookbook,tha_original:THA-339,australian-Cafe-style-chicken-thigh-cabbage-tomato-rice-bowl-5
THA-340,"Spanish-style Haricot Bean, Radish & Spring Onion Noodle Bowl",,dinner,Spanish-inspired,medium,4,15,35,"1 tbsp olive oil
1 onion, finely chopped
2 garlic cloves, crushed
1 x 400g tin haricot beans, drained
250g radish, chopped
250g spring onion, chopped
250g sweet potato
1 tsp smoked paprika
1 tsp parsley
1 tbsp low-salt soy sauce or tamari
Juice of 1 lime
Optional chilli flakes or sliced jalapeños, added after serving","1. Heat olive oil in a large pan and cook onion for 6–8 minutes.
2. Add garlic and spices and cook for 1 minute.
3. Add haricot bean, radish and spring onion, stirring to coat in the flavour base.
4. Add tomatoes, stock or water as listed and simmer until tender.
5. Cook or stir in the sweet potato as appropriate for the dish.
6. Season lightly and serve with fresh herbs, with chilli or jalapeños added at the table.","Haricot Bean, radish, spring onion and sweet potato create a filling plant-forward meal built from recognisable ingredients and simple seasoning.","category: dinner
contains haricot bean
contains radish
contains spring onion
contains sweet potato
mild base recipe",tha_library,authored,starter,THA Original Founding Cookbook,tha_original:THA-340,Spanish-style-haricot-bean-radish-spring-onion-noodle-bowl
THA-341,"Indian-style Lentil, Butternut Squash & Kale Skillet",,dinner,Indian-inspired,medium,4,15,35,"1 tbsp olive oil
1 onion, finely chopped
2 garlic cloves, crushed
1 x 400g tin lentils, drained
250g butternut squash, chopped
250g kale, chopped
250g brown rice
1 tsp ground cumin
1 tsp ground coriander
Juice of 1 lemon or lime
Fresh herbs, to serve
Optional chilli flakes or sliced jalapeños, added after serving","1. Heat olive oil in a large pan and cook onion for 6–8 minutes.
2. Add garlic and spices and cook for 1 minute.
3. Add lentil, butternut squash and kale, stirring to coat in the flavour base.
4. Add tomatoes, stock or water as listed and simmer until tender.
5. Cook or stir in the brown rice as appropriate for the dish.
6. Season lightly and serve with fresh herbs, with chilli or jalapeños added at the table.","Lentil, butternut squash, kale and brown rice create a filling plant-forward meal built from recognisable ingredients and simple seasoning.","category: dinner
contains lentil
contains butternut squash
contains kale
contains brown rice
mild base recipe",tha_library,authored,starter,THA Original Founding Cookbook,tha_original:THA-341,Indian-style-lentil-butternut-squash-kale-skillet
THA-342,"Indonesian-style Chicken Thigh, Parsnip & Broccoli One-Pot 5",,dinner,Indonesian-inspired,medium,4,15,35,"1 tbsp olive oil
1 onion, finely chopped
2 garlic cloves, crushed
300g quality chicken thigh
250g parsnip, chopped
250g broccoli, chopped
250g pearl barley
1 tsp ginger
1 tsp turmeric
1 tbsp tomato purée
1 x 400g tin chopped tomatoes
500ml low-salt stock or water
Juice of 1 lemon or lime
Fresh herbs, to serve
Optional chilli flakes or sliced jalapeños, added after serving","1. Heat olive oil in a large pan and cook onion for 6–8 minutes.
2. Add garlic and spices and cook for 1 minute.
3. Add chicken thigh, parsnip and broccoli, stirring to coat in the flavour base.
4. Add tomatoes, stock or water as listed and simmer until tender.
5. Cook or stir in the pearl barley as appropriate for the dish.
6. Season lightly and serve with fresh herbs, with chilli or jalapeños added at the table.","A modest amount of quality chicken thigh supports a plate led by parsnip, broccoli and pearl barley, keeping the meal plant-forward while still familiar.","category: dinner
contains chicken thigh
contains parsnip
contains broccoli
contains pearl barley
mild base recipe
batch-cook friendly",tha_library,authored,starter,THA Original Founding Cookbook,tha_original:THA-342,Indonesian-style-chicken-thigh-parsnip-broccoli-one-pot-5
THA-343,"Ethiopian-style Butter Bean, Asparagus & Leek Stew",,dinner,Ethiopian-inspired,medium,4,15,35,"1 tbsp olive oil
1 onion, finely chopped
2 garlic cloves, crushed
1 x 400g tin butter beans, drained
250g asparagus, chopped
250g leek, chopped
250g wholemeal flatbread
1 tsp paprika
1 tsp turmeric
1 tbsp tomato purée
1 x 400g tin chopped tomatoes
500ml low-salt stock or water
Juice of 1 lemon or lime
Fresh herbs, to serve
Optional chilli flakes or sliced jalapeños, added after serving","1. Heat olive oil in a large pan and cook onion for 6–8 minutes.
2. Add garlic and spices and cook for 1 minute.
3. Add butter bean, asparagus and leek, stirring to coat in the flavour base.
4. Add tomatoes, stock or water as listed and simmer until tender.
5. Cook or stir in the wholemeal flatbread as appropriate for the dish.
6. Season lightly and serve with fresh herbs, with chilli or jalapeños added at the table.","Butter Bean, asparagus, leek and wholemeal flatbread create a filling plant-forward meal built from recognisable ingredients and simple seasoning.","category: dinner
contains butter bean
contains asparagus
contains leek
contains wholemeal flatbread
mild base recipe
batch-cook friendly
freezer friendly",tha_library,authored,starter,THA Original Founding Cookbook,tha_original:THA-343,Ethiopian-style-butter-bean-asparagus-leek-stew
THA-344,"Australian Cafe-style Tofu, Celery & Cucumber Rice Bowl",,dinner,Australian cafe-inspired,easy,4,15,35,"1 tbsp olive oil
1 onion, finely chopped
2 garlic cloves, crushed
280g firm tofu, cubed
250g celery, chopped
250g cucumber, chopped
250g oats
1 tsp lemon
1 tsp parsley
Juice of 1 lemon or lime
Fresh herbs, to serve
Optional chilli flakes or sliced jalapeños, added after serving","1. Heat olive oil in a large pan and cook onion for 6–8 minutes.
2. Add garlic and spices and cook for 1 minute.
3. Add tofu, celery and cucumber, stirring to coat in the flavour base.
4. Add tomatoes, stock or water as listed and simmer until tender.
5. Cook or stir in the oats as appropriate for the dish.
6. Season lightly and serve with fresh herbs, with chilli or jalapeños added at the table.","Tofu, celery, cucumber and oats create a filling plant-forward meal built from recognisable ingredients and simple seasoning.","category: dinner
contains tofu
contains celery
contains cucumber
contains oats
mild base recipe",tha_library,authored,starter,THA Original Founding Cookbook,tha_original:THA-344,australian-Cafe-style-tofu-celery-cucumber-rice-bowl
THA-345,"Spanish-style Chicken Thigh, Broccoli & Asparagus Noodle Bowl 6",,dinner,Spanish-inspired,medium,4,15,35,"1 tbsp olive oil
1 onion, finely chopped
2 garlic cloves, crushed
300g quality chicken thigh
250g broccoli, chopped
250g asparagus, chopped
250g wholewheat pasta
1 tsp smoked paprika
1 tsp parsley
1 tbsp low-salt soy sauce or tamari
Juice of 1 lime
Optional chilli flakes or sliced jalapeños, added after serving","1. Heat olive oil in a large pan and cook onion for 6–8 minutes.
2. Add garlic and spices and cook for 1 minute.
3. Add chicken thigh, broccoli and asparagus, stirring to coat in the flavour base.
4. Add tomatoes, stock or water as listed and simmer until tender.
5. Cook or stir in the wholewheat pasta as appropriate for the dish.
6. Season lightly and serve with fresh herbs, with chilli or jalapeños added at the table.","A modest amount of quality chicken thigh supports a plate led by broccoli, asparagus and wholewheat pasta, keeping the meal plant-forward while still familiar.","category: dinner
contains chicken thigh
contains broccoli
contains asparagus
contains wholewheat pasta
mild base recipe",tha_library,authored,starter,THA Original Founding Cookbook,tha_original:THA-345,Spanish-style-chicken-thigh-broccoli-asparagus-noodle-bowl-6
THA-346,"Indian-style Edamame, Red Pepper & Carrot Skillet",,dinner,Indian-inspired,medium,4,15,35,"1 tbsp olive oil
1 onion, finely chopped
2 garlic cloves, crushed
250g edamames
250g red pepper, chopped
250g carrot, chopped
250g quinoa
1 tsp ground cumin
1 tsp ground coriander
Juice of 1 lemon or lime
Fresh herbs, to serve
Optional chilli flakes or sliced jalapeños, added after serving","1. Heat olive oil in a large pan and cook onion for 6–8 minutes.
2. Add garlic and spices and cook for 1 minute.
3. Add edamame, red pepper and carrot, stirring to coat in the flavour base.
4. Add tomatoes, stock or water as listed and simmer until tender.
5. Cook or stir in the quinoa as appropriate for the dish.
6. Season lightly and serve with fresh herbs, with chilli or jalapeños added at the table.","Edamame, red pepper, carrot and quinoa create a filling plant-forward meal built from recognisable ingredients and simple seasoning.","category: dinner
contains edamame
contains red pepper
contains carrot
contains quinoa
mild base recipe",tha_library,authored,starter,THA Original Founding Cookbook,tha_original:THA-346,Indian-style-edamame-red-pepper-carrot-skillet
THA-347,"Indonesian-style Cannellini Bean, Tomato & Sweetcorn One-Pot",,dinner,Indonesian-inspired,medium,4,15,35,"1 tbsp olive oil
1 onion, finely chopped
2 garlic cloves, crushed
1 x 400g tin cannellini beans, drained
250g tomato, chopped
250g sweetcorn, chopped
250g wholegrain wrap
1 tsp ginger
1 tsp turmeric
1 tbsp tomato purée
1 x 400g tin chopped tomatoes
500ml low-salt stock or water
Juice of 1 lemon or lime
Fresh herbs, to serve
Optional chilli flakes or sliced jalapeños, added after serving","1. Heat olive oil in a large pan and cook onion for 6–8 minutes.
2. Add garlic and spices and cook for 1 minute.
3. Add cannellini bean, tomato and sweetcorn, stirring to coat in the flavour base.
4. Add tomatoes, stock or water as listed and simmer until tender.
5. Cook or stir in the wholegrain wrap as appropriate for the dish.
6. Season lightly and serve with fresh herbs, with chilli or jalapeños added at the table.","Cannellini Bean, tomato, sweetcorn and wholegrain wrap create a filling plant-forward meal built from recognisable ingredients and simple seasoning.","category: dinner
contains cannellini bean
contains tomato
contains sweetcorn
contains wholegrain wrap
mild base recipe
batch-cook friendly",tha_library,authored,starter,THA Original Founding Cookbook,tha_original:THA-347,Indonesian-style-cannellini-bean-tomato-sweetcorn-one-pot
THA-348,"Ethiopian-style Chicken Thigh, Peas & Butternut Squash Stew 6",,dinner,Ethiopian-inspired,medium,4,15,35,"1 tbsp olive oil
1 onion, finely chopped
2 garlic cloves, crushed
300g quality chicken thigh
250g peas, chopped
250g butternut squash, chopped
250g wholegrain bread
1 tsp paprika
1 tsp turmeric
1 tbsp tomato purée
1 x 400g tin chopped tomatoes
500ml low-salt stock or water
Juice of 1 lemon or lime
Fresh herbs, to serve
Optional chilli flakes or sliced jalapeños, added after serving","1. Heat olive oil in a large pan and cook onion for 6–8 minutes.
2. Add garlic and spices and cook for 1 minute.
3. Add chicken thigh, peas and butternut squash, stirring to coat in the flavour base.
4. Add tomatoes, stock or water as listed and simmer until tender.
5. Cook or stir in the wholegrain bread as appropriate for the dish.
6. Season lightly and serve with fresh herbs, with chilli or jalapeños added at the table.","A modest amount of quality chicken thigh supports a plate led by peas, butternut squash and wholegrain bread, keeping the meal plant-forward while still familiar.","category: dinner
contains chicken thigh
contains peas
contains butternut squash
contains wholegrain bread
mild base recipe
batch-cook friendly
freezer friendly",tha_library,authored,starter,THA Original Founding Cookbook,tha_original:THA-348,Ethiopian-style-chicken-thigh-peas-butternut-squash-stew-6
THA-349,"Australian Cafe-style Kidney Bean, Cabbage & Beetroot Rice Bowl",,dinner,Australian cafe-inspired,easy,4,15,35,"1 tbsp olive oil
1 onion, finely chopped
2 garlic cloves, crushed
1 x 400g tin kidney beans, drained
250g cabbage, chopped
250g beetroot, chopped
250g wholewheat couscous
1 tsp lemon
1 tsp parsley
Juice of 1 lemon or lime
Fresh herbs, to serve
Optional chilli flakes or sliced jalapeños, added after serving","1. Heat olive oil in a large pan and cook onion for 6–8 minutes.
2. Add garlic and spices and cook for 1 minute.
3. Add kidney bean, cabbage and beetroot, stirring to coat in the flavour base.
4. Add tomatoes, stock or water as listed and simmer until tender.
5. Cook or stir in the wholewheat couscous as appropriate for the dish.
6. Season lightly and serve with fresh herbs, with chilli or jalapeños added at the table.","Kidney Bean, cabbage, beetroot and wholewheat couscous create a filling plant-forward meal built from recognisable ingredients and simple seasoning.","category: dinner
contains kidney bean
contains cabbage
contains beetroot
contains wholewheat couscous
mild base recipe",tha_library,authored,starter,THA Original Founding Cookbook,tha_original:THA-349,australian-Cafe-style-kidney-bean-cabbage-beetroot-rice-bowl
THA-350,"Spanish-style Chickpea, Radish & Courgette Noodle Bowl",,dinner,Spanish-inspired,medium,4,15,35,"1 tbsp olive oil
1 onion, finely chopped
2 garlic cloves, crushed
1 x 400g tin chickpeas, drained
250g radish, chopped
250g courgette, chopped
250g buckwheat
1 tsp smoked paprika
1 tsp parsley
1 tbsp low-salt soy sauce or tamari
Juice of 1 lime
Optional chilli flakes or sliced jalapeños, added after serving","1. Heat olive oil in a large pan and cook onion for 6–8 minutes.
2. Add garlic and spices and cook for 1 minute.
3. Add chickpea, radish and courgette, stirring to coat in the flavour base.
4. Add tomatoes, stock or water as listed and simmer until tender.
5. Cook or stir in the buckwheat as appropriate for the dish.
6. Season lightly and serve with fresh herbs, with chilli or jalapeños added at the table.","Chickpea, radish, courgette and buckwheat create a filling plant-forward meal built from recognisable ingredients and simple seasoning.","category: dinner
contains chickpea
contains radish
contains courgette
contains buckwheat
mild base recipe",tha_library,authored,starter,THA Original Founding Cookbook,tha_original:THA-350,Spanish-style-chickpea-radish-courgette-noodle-bowl
THA-351,"Indian-style Chicken Thigh, Butternut Squash & Cabbage Skillet 6",,dinner,Indian-inspired,medium,4,15,35,"1 tbsp olive oil
1 onion, finely chopped
2 garlic cloves, crushed
300g quality chicken thigh
250g butternut squash, chopped
250g cabbage, chopped
250g potato
1 tsp ground cumin
1 tsp ground coriander
Juice of 1 lemon or lime
Fresh herbs, to serve
Optional chilli flakes or sliced jalapeños, added after serving","1. Heat olive oil in a large pan and cook onion for 6–8 minutes.
2. Add garlic and spices and cook for 1 minute.
3. Add chicken thigh, butternut squash and cabbage, stirring to coat in the flavour base.
4. Add tomatoes, stock or water as listed and simmer until tender.
5. Cook or stir in the potato as appropriate for the dish.
6. Season lightly and serve with fresh herbs, with chilli or jalapeños added at the table.","A modest amount of quality chicken thigh supports a plate led by butternut squash, cabbage and potato, keeping the meal plant-forward while still familiar.","category: dinner
contains chicken thigh
contains butternut squash
contains cabbage
contains potato
mild base recipe",tha_library,authored,starter,THA Original Founding Cookbook,tha_original:THA-351,Indian-style-chicken-thigh-butternut-squash-cabbage-skillet-6
THA-352,"Indonesian-style Lentil, Parsnip & Swede One-Pot",,dinner,Indonesian-inspired,medium,4,15,35,"1 tbsp olive oil
1 onion, finely chopped
2 garlic cloves, crushed
1 x 400g tin lentils, drained
250g parsnip, chopped
250g swede, chopped
250g brown basmati rice
1 tsp ginger
1 tsp turmeric
1 tbsp tomato purée
1 x 400g tin chopped tomatoes
500ml low-salt stock or water
Juice of 1 lemon or lime
Fresh herbs, to serve
Optional chilli flakes or sliced jalapeños, added after serving","1. Heat olive oil in a large pan and cook onion for 6–8 minutes.
2. Add garlic and spices and cook for 1 minute.
3. Add lentil, parsnip and swede, stirring to coat in the flavour base.
4. Add tomatoes, stock or water as listed and simmer until tender.
5. Cook or stir in the brown basmati rice as appropriate for the dish.
6. Season lightly and serve with fresh herbs, with chilli or jalapeños added at the table.","Lentil, parsnip, swede and brown basmati rice create a filling plant-forward meal built from recognisable ingredients and simple seasoning.","category: dinner
contains lentil
contains parsnip
contains swede
contains brown basmati rice
mild base recipe
batch-cook friendly",tha_library,authored,starter,THA Original Founding Cookbook,tha_original:THA-352,Indonesian-style-lentil-parsnip-swede-one-pot
THA-353,"Ethiopian-style Split Pea, Asparagus & Onion Stew",,dinner,Ethiopian-inspired,medium,4,15,35,"1 tbsp olive oil
1 onion, finely chopped
2 garlic cloves, crushed
250g split peas
250g asparagus, chopped
250g onion, chopped
250g bulgur wheat
1 tsp paprika
1 tsp turmeric
1 tbsp tomato purée
1 x 400g tin chopped tomatoes
500ml low-salt stock or water
Juice of 1 lemon or lime
Fresh herbs, to serve
Optional chilli flakes or sliced jalapeños, added after serving","1. Heat olive oil in a large pan and cook onion for 6–8 minutes.
2. Add garlic and spices and cook for 1 minute.
3. Add split pea, asparagus and onion, stirring to coat in the flavour base.
4. Add tomatoes, stock or water as listed and simmer until tender.
5. Cook or stir in the bulgur wheat as appropriate for the dish.
6. Season lightly and serve with fresh herbs, with chilli or jalapeños added at the table.","Split Pea, asparagus, onion and bulgur wheat create a filling plant-forward meal built from recognisable ingredients and simple seasoning.","category: dinner
contains split pea
contains asparagus
contains onion
contains bulgur wheat
mild base recipe
batch-cook friendly
freezer friendly",tha_library,authored,starter,THA Original Founding Cookbook,tha_original:THA-353,Ethiopian-style-split-pea-asparagus-onion-stew
THA-354,"Australian Cafe-style Chicken Thigh, Celery & Tomato Rice Bowl 6",,dinner,Australian cafe-inspired,easy,4,15,35,"1 tbsp olive oil
1 onion, finely chopped
2 garlic cloves, crushed
300g quality chicken thigh
250g celery, chopped
250g tomato, chopped
250g wholewheat noodles
1 tsp lemon
1 tsp parsley
Juice of 1 lemon or lime
Fresh herbs, to serve
Optional chilli flakes or sliced jalapeños, added after serving","1. Heat olive oil in a large pan and cook onion for 6–8 minutes.
2. Add garlic and spices and cook for 1 minute.
3. Add chicken thigh, celery and tomato, stirring to coat in the flavour base.
4. Add tomatoes, stock or water as listed and simmer until tender.
5. Cook or stir in the wholewheat noodles as appropriate for the dish.
6. Season lightly and serve with fresh herbs, with chilli or jalapeños added at the table.","A modest amount of quality chicken thigh supports a plate led by celery, tomato and wholewheat noodles, keeping the meal plant-forward while still familiar.","category: dinner
contains chicken thigh
contains celery
contains tomato
contains wholewheat noodles
mild base recipe",tha_library,authored,starter,THA Original Founding Cookbook,tha_original:THA-354,australian-Cafe-style-chicken-thigh-celery-tomato-rice-bowl-6
THA-355,"Spanish-style Tofu, Broccoli & Spring Onion Noodle Bowl",,dinner,Spanish-inspired,medium,4,15,35,"1 tbsp olive oil
1 onion, finely chopped
2 garlic cloves, crushed
280g firm tofu, cubed
250g broccoli, chopped
250g spring onion, chopped
250g sweet potato
1 tsp smoked paprika
1 tsp parsley
1 tbsp low-salt soy sauce or tamari
Juice of 1 lime
Optional chilli flakes or sliced jalapeños, added after serving","1. Heat olive oil in a large pan and cook onion for 6–8 minutes.
2. Add garlic and spices and cook for 1 minute.
3. Add tofu, broccoli and spring onion, stirring to coat in the flavour base.
4. Add tomatoes, stock or water as listed and simmer until tender.
5. Cook or stir in the sweet potato as appropriate for the dish.
6. Season lightly and serve with fresh herbs, with chilli or jalapeños added at the table.","Tofu, broccoli, spring onion and sweet potato create a filling plant-forward meal built from recognisable ingredients and simple seasoning.","category: dinner
contains tofu
contains broccoli
contains spring onion
contains sweet potato
mild base recipe",tha_library,authored,starter,THA Original Founding Cookbook,tha_original:THA-355,Spanish-style-tofu-broccoli-spring-onion-noodle-bowl
THA-356,"Indian-style Black Bean, Red Pepper & Kale Skillet",,dinner,Indian-inspired,medium,4,15,35,"1 tbsp olive oil
1 onion, finely chopped
2 garlic cloves, crushed
1 x 400g tin black beans, drained
250g red pepper, chopped
250g kale, chopped
250g brown rice
1 tsp ground cumin
1 tsp ground coriander
Juice of 1 lemon or lime
Fresh herbs, to serve
Optional chilli flakes or sliced jalapeños, added after serving","1. Heat olive oil in a large pan and cook onion for 6–8 minutes.
2. Add garlic and spices and cook for 1 minute.
3. Add black bean, red pepper and kale, stirring to coat in the flavour base.
4. Add tomatoes, stock or water as listed and simmer until tender.
5. Cook or stir in the brown rice as appropriate for the dish.
6. Season lightly and serve with fresh herbs, with chilli or jalapeños added at the table.","Black Bean, red pepper, kale and brown rice create a filling plant-forward meal built from recognisable ingredients and simple seasoning.","category: dinner
contains black bean
contains red pepper
contains kale
contains brown rice
mild base recipe",tha_library,authored,starter,THA Original Founding Cookbook,tha_original:THA-356,Indian-style-black-bean-red-pepper-kale-skillet
THA-357,"Indonesian-style Chicken Thigh, Tomato & Broccoli One-Pot 6",,dinner,Indonesian-inspired,medium,4,15,35,"1 tbsp olive oil
1 onion, finely chopped
2 garlic cloves, crushed
300g quality chicken thigh
250g tomato, chopped
250g broccoli, chopped
250g pearl barley
1 tsp ginger
1 tsp turmeric
1 tbsp tomato purée
1 x 400g tin chopped tomatoes
500ml low-salt stock or water
Juice of 1 lemon or lime
Fresh herbs, to serve
Optional chilli flakes or sliced jalapeños, added after serving","1. Heat olive oil in a large pan and cook onion for 6–8 minutes.
2. Add garlic and spices and cook for 1 minute.
3. Add chicken thigh, tomato and broccoli, stirring to coat in the flavour base.
4. Add tomatoes, stock or water as listed and simmer until tender.
5. Cook or stir in the pearl barley as appropriate for the dish.
6. Season lightly and serve with fresh herbs, with chilli or jalapeños added at the table.","A modest amount of quality chicken thigh supports a plate led by tomato, broccoli and pearl barley, keeping the meal plant-forward while still familiar.","category: dinner
contains chicken thigh
contains tomato
contains broccoli
contains pearl barley
mild base recipe
batch-cook friendly",tha_library,authored,starter,THA Original Founding Cookbook,tha_original:THA-357,Indonesian-style-chicken-thigh-tomato-broccoli-one-pot-6
THA-358,"Ethiopian-style Cannellini Bean, Peas & Leek Stew",,dinner,Ethiopian-inspired,medium,4,15,35,"1 tbsp olive oil
1 onion, finely chopped
2 garlic cloves, crushed
1 x 400g tin cannellini beans, drained
250g peas, chopped
250g leek, chopped
250g wholemeal flatbread
1 tsp paprika
1 tsp turmeric
1 tbsp tomato purée
1 x 400g tin chopped tomatoes
500ml low-salt stock or water
Juice of 1 lemon or lime
Fresh herbs, to serve
Optional chilli flakes or sliced jalapeños, added after serving","1. Heat olive oil in a large pan and cook onion for 6–8 minutes.
2. Add garlic and spices and cook for 1 minute.
3. Add cannellini bean, peas and leek, stirring to coat in the flavour base.
4. Add tomatoes, stock or water as listed and simmer until tender.
5. Cook or stir in the wholemeal flatbread as appropriate for the dish.
6. Season lightly and serve with fresh herbs, with chilli or jalapeños added at the table.","Cannellini Bean, peas, leek and wholemeal flatbread create a filling plant-forward meal built from recognisable ingredients and simple seasoning.","category: dinner
contains cannellini bean
contains peas
contains leek
contains wholemeal flatbread
mild base recipe
batch-cook friendly
freezer friendly",tha_library,authored,starter,THA Original Founding Cookbook,tha_original:THA-358,Ethiopian-style-cannellini-bean-peas-leek-stew
THA-359,"Australian Cafe-style Green Pea, Cabbage & Cucumber Rice Bowl",,dinner,Australian cafe-inspired,easy,4,15,35,"1 tbsp olive oil
1 onion, finely chopped
2 garlic cloves, crushed
250g green peas
250g cabbage, chopped
250g cucumber, chopped
250g oats
1 tsp lemon
1 tsp parsley
Juice of 1 lemon or lime
Fresh herbs, to serve
Optional chilli flakes or sliced jalapeños, added after serving","1. Heat olive oil in a large pan and cook onion for 6–8 minutes.
2. Add garlic and spices and cook for 1 minute.
3. Add green pea, cabbage and cucumber, stirring to coat in the flavour base.
4. Add tomatoes, stock or water as listed and simmer until tender.
5. Cook or stir in the oats as appropriate for the dish.
6. Season lightly and serve with fresh herbs, with chilli or jalapeños added at the table.","Green Pea, cabbage, cucumber and oats create a filling plant-forward meal built from recognisable ingredients and simple seasoning.","category: dinner
contains green pea
contains cabbage
contains cucumber
contains oats
mild base recipe",tha_library,authored,starter,THA Original Founding Cookbook,tha_original:THA-359,australian-Cafe-style-green-pea-cabbage-cucumber-rice-bowl
THA-360,"Spanish-style Chicken Thigh, Radish & Asparagus Noodle Bowl 6",,dinner,Spanish-inspired,medium,4,15,35,"1 tbsp olive oil
1 onion, finely chopped
2 garlic cloves, crushed
300g quality chicken thigh
250g radish, chopped
250g asparagus, chopped
250g wholewheat pasta
1 tsp smoked paprika
1 tsp parsley
1 tbsp low-salt soy sauce or tamari
Juice of 1 lime
Optional chilli flakes or sliced jalapeños, added after serving","1. Heat olive oil in a large pan and cook onion for 6–8 minutes.
2. Add garlic and spices and cook for 1 minute.
3. Add chicken thigh, radish and asparagus, stirring to coat in the flavour base.
4. Add tomatoes, stock or water as listed and simmer until tender.
5. Cook or stir in the wholewheat pasta as appropriate for the dish.
6. Season lightly and serve with fresh herbs, with chilli or jalapeños added at the table.","A modest amount of quality chicken thigh supports a plate led by radish, asparagus and wholewheat pasta, keeping the meal plant-forward while still familiar.","category: dinner
contains chicken thigh
contains radish
contains asparagus
contains wholewheat pasta
mild base recipe",tha_library,authored,starter,THA Original Founding Cookbook,tha_original:THA-360,Spanish-style-chicken-thigh-radish-asparagus-noodle-bowl-6
THA-361,"Indian-style Chickpea, Butternut Squash & Carrot Skillet",,dinner,Indian-inspired,medium,4,15,35,"1 tbsp olive oil
1 onion, finely chopped
2 garlic cloves, crushed
1 x 400g tin chickpeas, drained
250g butternut squash, chopped
250g carrot, chopped
250g quinoa
1 tsp ground cumin
1 tsp ground coriander
Juice of 1 lemon or lime
Fresh herbs, to serve
Optional chilli flakes or sliced jalapeños, added after serving","1. Heat olive oil in a large pan and cook onion for 6–8 minutes.
2. Add garlic and spices and cook for 1 minute.
3. Add chickpea, butternut squash and carrot, stirring to coat in the flavour base.
4. Add tomatoes, stock or water as listed and simmer until tender.
5. Cook or stir in the quinoa as appropriate for the dish.
6. Season lightly and serve with fresh herbs, with chilli or jalapeños added at the table.","Chickpea, butternut squash, carrot and quinoa create a filling plant-forward meal built from recognisable ingredients and simple seasoning.","category: dinner
contains chickpea
contains butternut squash
contains carrot
contains quinoa
mild base recipe",tha_library,authored,starter,THA Original Founding Cookbook,tha_original:THA-361,Indian-style-chickpea-butternut-squash-carrot-skillet
THA-362,"Indonesian-style Haricot Bean, Parsnip & Sweetcorn One-Pot",,dinner,Indonesian-inspired,medium,4,15,35,"1 tbsp olive oil
1 onion, finely chopped
2 garlic cloves, crushed
1 x 400g tin haricot beans, drained
250g parsnip, chopped
250g sweetcorn, chopped
250g wholegrain wrap
1 tsp ginger
1 tsp turmeric
1 tbsp tomato purée
1 x 400g tin chopped tomatoes
500ml low-salt stock or water
Juice of 1 lemon or lime
Fresh herbs, to serve
Optional chilli flakes or sliced jalapeños, added after serving","1. Heat olive oil in a large pan and cook onion for 6–8 minutes.
2. Add garlic and spices and cook for 1 minute.
3. Add haricot bean, parsnip and sweetcorn, stirring to coat in the flavour base.
4. Add tomatoes, stock or water as listed and simmer until tender.
5. Cook or stir in the wholegrain wrap as appropriate for the dish.
6. Season lightly and serve with fresh herbs, with chilli or jalapeños added at the table.","Haricot Bean, parsnip, sweetcorn and wholegrain wrap create a filling plant-forward meal built from recognisable ingredients and simple seasoning.","category: dinner
contains haricot bean
contains parsnip
contains sweetcorn
contains wholegrain wrap
mild base recipe
batch-cook friendly",tha_library,authored,starter,THA Original Founding Cookbook,tha_original:THA-362,Indonesian-style-haricot-bean-parsnip-sweetcorn-one-pot
THA-363,"Ethiopian-style Chicken Thigh, Asparagus & Butternut Squash Stew 6",,dinner,Ethiopian-inspired,medium,4,15,35,"1 tbsp olive oil
1 onion, finely chopped
2 garlic cloves, crushed
300g quality chicken thigh
250g asparagus, chopped
250g butternut squash, chopped
250g wholegrain bread
1 tsp paprika
1 tsp turmeric
1 tbsp tomato purée
1 x 400g tin chopped tomatoes
500ml low-salt stock or water
Juice of 1 lemon or lime
Fresh herbs, to serve
Optional chilli flakes or sliced jalapeños, added after serving","1. Heat olive oil in a large pan and cook onion for 6–8 minutes.
2. Add garlic and spices and cook for 1 minute.
3. Add chicken thigh, asparagus and butternut squash, stirring to coat in the flavour base.
4. Add tomatoes, stock or water as listed and simmer until tender.
5. Cook or stir in the wholegrain bread as appropriate for the dish.
6. Season lightly and serve with fresh herbs, with chilli or jalapeños added at the table.","A modest amount of quality chicken thigh supports a plate led by asparagus, butternut squash and wholegrain bread, keeping the meal plant-forward while still familiar.","category: dinner
contains chicken thigh
contains asparagus
contains butternut squash
contains wholegrain bread
mild base recipe
batch-cook friendly
freezer friendly",tha_library,authored,starter,THA Original Founding Cookbook,tha_original:THA-363,Ethiopian-style-chicken-thigh-asparagus-butternut-squash-stew-6
THA-364,"Australian Cafe-style Split Pea, Celery & Beetroot Rice Bowl",,dinner,Australian cafe-inspired,easy,4,15,35,"1 tbsp olive oil
1 onion, finely chopped
2 garlic cloves, crushed
250g split peas
250g celery, chopped
250g beetroot, chopped
250g wholewheat couscous
1 tsp lemon
1 tsp parsley
Juice of 1 lemon or lime
Fresh herbs, to serve
Optional chilli flakes or sliced jalapeños, added after serving","1. Heat olive oil in a large pan and cook onion for 6–8 minutes.
2. Add garlic and spices and cook for 1 minute.
3. Add split pea, celery and beetroot, stirring to coat in the flavour base.
4. Add tomatoes, stock or water as listed and simmer until tender.
5. Cook or stir in the wholewheat couscous as appropriate for the dish.
6. Season lightly and serve with fresh herbs, with chilli or jalapeños added at the table.","Split Pea, celery, beetroot and wholewheat couscous create a filling plant-forward meal built from recognisable ingredients and simple seasoning.","category: dinner
contains split pea
contains celery
contains beetroot
contains wholewheat couscous
mild base recipe",tha_library,authored,starter,THA Original Founding Cookbook,tha_original:THA-364,australian-Cafe-style-split-pea-celery-beetroot-rice-bowl
THA-365,"Spanish-style Butter Bean, Broccoli & Courgette Noodle Bowl",,dinner,Spanish-inspired,medium,4,15,35,"1 tbsp olive oil
1 onion, finely chopped
2 garlic cloves, crushed
1 x 400g tin butter beans, drained
250g broccoli, chopped
250g courgette, chopped
250g buckwheat
1 tsp smoked paprika
1 tsp parsley
1 tbsp low-salt soy sauce or tamari
Juice of 1 lime
Optional chilli flakes or sliced jalapeños, added after serving","1. Heat olive oil in a large pan and cook onion for 6–8 minutes.
2. Add garlic and spices and cook for 1 minute.
3. Add butter bean, broccoli and courgette, stirring to coat in the flavour base.
4. Add tomatoes, stock or water as listed and simmer until tender.
5. Cook or stir in the buckwheat as appropriate for the dish.
6. Season lightly and serve with fresh herbs, with chilli or jalapeños added at the table.","Butter Bean, broccoli, courgette and buckwheat create a filling plant-forward meal built from recognisable ingredients and simple seasoning.","category: dinner
contains butter bean
contains broccoli
contains courgette
contains buckwheat
mild base recipe",tha_library,authored,starter,THA Original Founding Cookbook,tha_original:THA-365,Spanish-style-butter-bean-broccoli-courgette-noodle-bowl
THA-366,"Indian-style Chicken Thigh, Red Pepper & Cabbage Skillet 6",,dinner,Indian-inspired,medium,4,15,35,"1 tbsp olive oil
1 onion, finely chopped
2 garlic cloves, crushed
300g quality chicken thigh
250g red pepper, chopped
250g cabbage, chopped
250g potato
1 tsp ground cumin
1 tsp ground coriander
Juice of 1 lemon or lime
Fresh herbs, to serve
Optional chilli flakes or sliced jalapeños, added after serving","1. Heat olive oil in a large pan and cook onion for 6–8 minutes.
2. Add garlic and spices and cook for 1 minute.
3. Add chicken thigh, red pepper and cabbage, stirring to coat in the flavour base.
4. Add tomatoes, stock or water as listed and simmer until tender.
5. Cook or stir in the potato as appropriate for the dish.
6. Season lightly and serve with fresh herbs, with chilli or jalapeños added at the table.","A modest amount of quality chicken thigh supports a plate led by red pepper, cabbage and potato, keeping the meal plant-forward while still familiar.","category: dinner
contains chicken thigh
contains red pepper
contains cabbage
contains potato
mild base recipe",tha_library,authored,starter,THA Original Founding Cookbook,tha_original:THA-366,Indian-style-chicken-thigh-red-pepper-cabbage-skillet-6
THA-367,"Indonesian-style Black Bean, Tomato & Swede One-Pot",,dinner,Indonesian-inspired,medium,4,15,35,"1 tbsp olive oil
1 onion, finely chopped
2 garlic cloves, crushed
1 x 400g tin black beans, drained
250g tomato, chopped
250g swede, chopped
250g brown basmati rice
1 tsp ginger
1 tsp turmeric
1 tbsp tomato purée
1 x 400g tin chopped tomatoes
500ml low-salt stock or water
Juice of 1 lemon or lime
Fresh herbs, to serve
Optional chilli flakes or sliced jalapeños, added after serving","1. Heat olive oil in a large pan and cook onion for 6–8 minutes.
2. Add garlic and spices and cook for 1 minute.
3. Add black bean, tomato and swede, stirring to coat in the flavour base.
4. Add tomatoes, stock or water as listed and simmer until tender.
5. Cook or stir in the brown basmati rice as appropriate for the dish.
6. Season lightly and serve with fresh herbs, with chilli or jalapeños added at the table.","Black Bean, tomato, swede and brown basmati rice create a filling plant-forward meal built from recognisable ingredients and simple seasoning.","category: dinner
contains black bean
contains tomato
contains swede
contains brown basmati rice
mild base recipe
batch-cook friendly",tha_library,authored,starter,THA Original Founding Cookbook,tha_original:THA-367,Indonesian-style-black-bean-tomato-swede-one-pot
THA-368,"Ethiopian-style Edamame, Peas & Onion Stew",,dinner,Ethiopian-inspired,medium,4,15,35,"1 tbsp olive oil
1 onion, finely chopped
2 garlic cloves, crushed
250g edamames
250g peas, chopped
250g onion, chopped
250g bulgur wheat
1 tsp paprika
1 tsp turmeric
1 tbsp tomato purée
1 x 400g tin chopped tomatoes
500ml low-salt stock or water
Juice of 1 lemon or lime
Fresh herbs, to serve
Optional chilli flakes or sliced jalapeños, added after serving","1. Heat olive oil in a large pan and cook onion for 6–8 minutes.
2. Add garlic and spices and cook for 1 minute.
3. Add edamame, peas and onion, stirring to coat in the flavour base.
4. Add tomatoes, stock or water as listed and simmer until tender.
5. Cook or stir in the bulgur wheat as appropriate for the dish.
6. Season lightly and serve with fresh herbs, with chilli or jalapeños added at the table.","Edamame, peas, onion and bulgur wheat create a filling plant-forward meal built from recognisable ingredients and simple seasoning.","category: dinner
contains edamame
contains peas
contains onion
contains bulgur wheat
mild base recipe
batch-cook friendly
freezer friendly",tha_library,authored,starter,THA Original Founding Cookbook,tha_original:THA-368,Ethiopian-style-edamame-peas-onion-stew
THA-369,"Australian Cafe-style Chicken Thigh, Cabbage & Tomato Rice Bowl 6",,dinner,Australian cafe-inspired,easy,4,15,35,"1 tbsp olive oil
1 onion, finely chopped
2 garlic cloves, crushed
300g quality chicken thigh
250g cabbage, chopped
250g tomato, chopped
250g wholewheat noodles
1 tsp lemon
1 tsp parsley
Juice of 1 lemon or lime
Fresh herbs, to serve
Optional chilli flakes or sliced jalapeños, added after serving","1. Heat olive oil in a large pan and cook onion for 6–8 minutes.
2. Add garlic and spices and cook for 1 minute.
3. Add chicken thigh, cabbage and tomato, stirring to coat in the flavour base.
4. Add tomatoes, stock or water as listed and simmer until tender.
5. Cook or stir in the wholewheat noodles as appropriate for the dish.
6. Season lightly and serve with fresh herbs, with chilli or jalapeños added at the table.","A modest amount of quality chicken thigh supports a plate led by cabbage, tomato and wholewheat noodles, keeping the meal plant-forward while still familiar.","category: dinner
contains chicken thigh
contains cabbage
contains tomato
contains wholewheat noodles
mild base recipe",tha_library,authored,starter,THA Original Founding Cookbook,tha_original:THA-369,australian-Cafe-style-chicken-thigh-cabbage-tomato-rice-bowl-6
THA-370,"Spanish-style Green Pea, Radish & Spring Onion Noodle Bowl",,dinner,Spanish-inspired,medium,4,15,35,"1 tbsp olive oil
1 onion, finely chopped
2 garlic cloves, crushed
250g green peas
250g radish, chopped
250g spring onion, chopped
250g sweet potato
1 tsp smoked paprika
1 tsp parsley
1 tbsp low-salt soy sauce or tamari
Juice of 1 lime
Optional chilli flakes or sliced jalapeños, added after serving","1. Heat olive oil in a large pan and cook onion for 6–8 minutes.
2. Add garlic and spices and cook for 1 minute.
3. Add green pea, radish and spring onion, stirring to coat in the flavour base.
4. Add tomatoes, stock or water as listed and simmer until tender.
5. Cook or stir in the sweet potato as appropriate for the dish.
6. Season lightly and serve with fresh herbs, with chilli or jalapeños added at the table.","Green Pea, radish, spring onion and sweet potato create a filling plant-forward meal built from recognisable ingredients and simple seasoning.","category: dinner
contains green pea
contains radish
contains spring onion
contains sweet potato
mild base recipe",tha_library,authored,starter,THA Original Founding Cookbook,tha_original:THA-370,Spanish-style-green-pea-radish-spring-onion-noodle-bowl
THA-371,"Indian-style Kidney Bean, Butternut Squash & Kale Skillet",,dinner,Indian-inspired,medium,4,15,35,"1 tbsp olive oil
1 onion, finely chopped
2 garlic cloves, crushed
1 x 400g tin kidney beans, drained
250g butternut squash, chopped
250g kale, chopped
250g brown rice
1 tsp ground cumin
1 tsp ground coriander
Juice of 1 lemon or lime
Fresh herbs, to serve
Optional chilli flakes or sliced jalapeños, added after serving","1. Heat olive oil in a large pan and cook onion for 6–8 minutes.
2. Add garlic and spices and cook for 1 minute.
3. Add kidney bean, butternut squash and kale, stirring to coat in the flavour base.
4. Add tomatoes, stock or water as listed and simmer until tender.
5. Cook or stir in the brown rice as appropriate for the dish.
6. Season lightly and serve with fresh herbs, with chilli or jalapeños added at the table.","Kidney Bean, butternut squash, kale and brown rice create a filling plant-forward meal built from recognisable ingredients and simple seasoning.","category: dinner
contains kidney bean
contains butternut squash
contains kale
contains brown rice
mild base recipe",tha_library,authored,starter,THA Original Founding Cookbook,tha_original:THA-371,Indian-style-kidney-bean-butternut-squash-kale-skillet
THA-372,"Indonesian-style Chicken Thigh, Parsnip & Broccoli One-Pot 6",,dinner,Indonesian-inspired,medium,4,15,35,"1 tbsp olive oil
1 onion, finely chopped
2 garlic cloves, crushed
300g quality chicken thigh
250g parsnip, chopped
250g broccoli, chopped
250g pearl barley
1 tsp ginger
1 tsp turmeric
1 tbsp tomato purée
1 x 400g tin chopped tomatoes
500ml low-salt stock or water
Juice of 1 lemon or lime
Fresh herbs, to serve
Optional chilli flakes or sliced jalapeños, added after serving","1. Heat olive oil in a large pan and cook onion for 6–8 minutes.
2. Add garlic and spices and cook for 1 minute.
3. Add chicken thigh, parsnip and broccoli, stirring to coat in the flavour base.
4. Add tomatoes, stock or water as listed and simmer until tender.
5. Cook or stir in the pearl barley as appropriate for the dish.
6. Season lightly and serve with fresh herbs, with chilli or jalapeños added at the table.","A modest amount of quality chicken thigh supports a plate led by parsnip, broccoli and pearl barley, keeping the meal plant-forward while still familiar.","category: dinner
contains chicken thigh
contains parsnip
contains broccoli
contains pearl barley
mild base recipe
batch-cook friendly",tha_library,authored,starter,THA Original Founding Cookbook,tha_original:THA-372,Indonesian-style-chicken-thigh-parsnip-broccoli-one-pot-6
THA-373,"Ethiopian-style Haricot Bean, Asparagus & Leek Stew",,dinner,Ethiopian-inspired,medium,4,15,35,"1 tbsp olive oil
1 onion, finely chopped
2 garlic cloves, crushed
1 x 400g tin haricot beans, drained
250g asparagus, chopped
250g leek, chopped
250g wholemeal flatbread
1 tsp paprika
1 tsp turmeric
1 tbsp tomato purée
1 x 400g tin chopped tomatoes
500ml low-salt stock or water
Juice of 1 lemon or lime
Fresh herbs, to serve
Optional chilli flakes or sliced jalapeños, added after serving","1. Heat olive oil in a large pan and cook onion for 6–8 minutes.
2. Add garlic and spices and cook for 1 minute.
3. Add haricot bean, asparagus and leek, stirring to coat in the flavour base.
4. Add tomatoes, stock or water as listed and simmer until tender.
5. Cook or stir in the wholemeal flatbread as appropriate for the dish.
6. Season lightly and serve with fresh herbs, with chilli or jalapeños added at the table.","Haricot Bean, asparagus, leek and wholemeal flatbread create a filling plant-forward meal built from recognisable ingredients and simple seasoning.","category: dinner
contains haricot bean
contains asparagus
contains leek
contains wholemeal flatbread
mild base recipe
batch-cook friendly
freezer friendly",tha_library,authored,starter,THA Original Founding Cookbook,tha_original:THA-373,Ethiopian-style-haricot-bean-asparagus-leek-stew
THA-374,"Australian Cafe-style Lentil, Celery & Cucumber Rice Bowl",,dinner,Australian cafe-inspired,easy,4,15,35,"1 tbsp olive oil
1 onion, finely chopped
2 garlic cloves, crushed
1 x 400g tin lentils, drained
250g celery, chopped
250g cucumber, chopped
250g oats
1 tsp lemon
1 tsp parsley
Juice of 1 lemon or lime
Fresh herbs, to serve
Optional chilli flakes or sliced jalapeños, added after serving","1. Heat olive oil in a large pan and cook onion for 6–8 minutes.
2. Add garlic and spices and cook for 1 minute.
3. Add lentil, celery and cucumber, stirring to coat in the flavour base.
4. Add tomatoes, stock or water as listed and simmer until tender.
5. Cook or stir in the oats as appropriate for the dish.
6. Season lightly and serve with fresh herbs, with chilli or jalapeños added at the table.","Lentil, celery, cucumber and oats create a filling plant-forward meal built from recognisable ingredients and simple seasoning.","category: dinner
contains lentil
contains celery
contains cucumber
contains oats
mild base recipe",tha_library,authored,starter,THA Original Founding Cookbook,tha_original:THA-374,australian-Cafe-style-lentil-celery-cucumber-rice-bowl
THA-375,"Spanish-style Chicken Thigh, Broccoli & Asparagus Noodle Bowl 7",,dinner,Spanish-inspired,medium,4,15,35,"1 tbsp olive oil
1 onion, finely chopped
2 garlic cloves, crushed
300g quality chicken thigh
250g broccoli, chopped
250g asparagus, chopped
250g wholewheat pasta
1 tsp smoked paprika
1 tsp parsley
1 tbsp low-salt soy sauce or tamari
Juice of 1 lime
Optional chilli flakes or sliced jalapeños, added after serving","1. Heat olive oil in a large pan and cook onion for 6–8 minutes.
2. Add garlic and spices and cook for 1 minute.
3. Add chicken thigh, broccoli and asparagus, stirring to coat in the flavour base.
4. Add tomatoes, stock or water as listed and simmer until tender.
5. Cook or stir in the wholewheat pasta as appropriate for the dish.
6. Season lightly and serve with fresh herbs, with chilli or jalapeños added at the table.","A modest amount of quality chicken thigh supports a plate led by broccoli, asparagus and wholewheat pasta, keeping the meal plant-forward while still familiar.","category: dinner
contains chicken thigh
contains broccoli
contains asparagus
contains wholewheat pasta
mild base recipe",tha_library,authored,starter,THA Original Founding Cookbook,tha_original:THA-375,Spanish-style-chicken-thigh-broccoli-asparagus-noodle-bowl-7
THA-376,"Indian-style Butter Bean, Red Pepper & Carrot Skillet",,dinner,Indian-inspired,medium,4,15,35,"1 tbsp olive oil
1 onion, finely chopped
2 garlic cloves, crushed
1 x 400g tin butter beans, drained
250g red pepper, chopped
250g carrot, chopped
250g quinoa
1 tsp ground cumin
1 tsp ground coriander
Juice of 1 lemon or lime
Fresh herbs, to serve
Optional chilli flakes or sliced jalapeños, added after serving","1. Heat olive oil in a large pan and cook onion for 6–8 minutes.
2. Add garlic and spices and cook for 1 minute.
3. Add butter bean, red pepper and carrot, stirring to coat in the flavour base.
4. Add tomatoes, stock or water as listed and simmer until tender.
5. Cook or stir in the quinoa as appropriate for the dish.
6. Season lightly and serve with fresh herbs, with chilli or jalapeños added at the table.","Butter Bean, red pepper, carrot and quinoa create a filling plant-forward meal built from recognisable ingredients and simple seasoning.","category: dinner
contains butter bean
contains red pepper
contains carrot
contains quinoa
mild base recipe",tha_library,authored,starter,THA Original Founding Cookbook,tha_original:THA-376,Indian-style-butter-bean-red-pepper-carrot-skillet
THA-377,"Indonesian-style Tofu, Tomato & Sweetcorn One-Pot",,dinner,Indonesian-inspired,medium,4,15,35,"1 tbsp olive oil
1 onion, finely chopped
2 garlic cloves, crushed
280g firm tofu, cubed
250g tomato, chopped
250g sweetcorn, chopped
250g wholegrain wrap
1 tsp ginger
1 tsp turmeric
1 tbsp tomato purée
1 x 400g tin chopped tomatoes
500ml low-salt stock or water
Juice of 1 lemon or lime
Fresh herbs, to serve
Optional chilli flakes or sliced jalapeños, added after serving","1. Heat olive oil in a large pan and cook onion for 6–8 minutes.
2. Add garlic and spices and cook for 1 minute.
3. Add tofu, tomato and sweetcorn, stirring to coat in the flavour base.
4. Add tomatoes, stock or water as listed and simmer until tender.
5. Cook or stir in the wholegrain wrap as appropriate for the dish.
6. Season lightly and serve with fresh herbs, with chilli or jalapeños added at the table.","Tofu, tomato, sweetcorn and wholegrain wrap create a filling plant-forward meal built from recognisable ingredients and simple seasoning.","category: dinner
contains tofu
contains tomato
contains sweetcorn
contains wholegrain wrap
mild base recipe
batch-cook friendly",tha_library,authored,starter,THA Original Founding Cookbook,tha_original:THA-377,Indonesian-style-tofu-tomato-sweetcorn-one-pot
THA-378,"Ethiopian-style Chicken Thigh, Peas & Butternut Squash Stew 7",,dinner,Ethiopian-inspired,medium,4,15,35,"1 tbsp olive oil
1 onion, finely chopped
2 garlic cloves, crushed
300g quality chicken thigh
250g peas, chopped
250g butternut squash, chopped
250g wholegrain bread
1 tsp paprika
1 tsp turmeric
1 tbsp tomato purée
1 x 400g tin chopped tomatoes
500ml low-salt stock or water
Juice of 1 lemon or lime
Fresh herbs, to serve
Optional chilli flakes or sliced jalapeños, added after serving","1. Heat olive oil in a large pan and cook onion for 6–8 minutes.
2. Add garlic and spices and cook for 1 minute.
3. Add chicken thigh, peas and butternut squash, stirring to coat in the flavour base.
4. Add tomatoes, stock or water as listed and simmer until tender.
5. Cook or stir in the wholegrain bread as appropriate for the dish.
6. Season lightly and serve with fresh herbs, with chilli or jalapeños added at the table.","A modest amount of quality chicken thigh supports a plate led by peas, butternut squash and wholegrain bread, keeping the meal plant-forward while still familiar.","category: dinner
contains chicken thigh
contains peas
contains butternut squash
contains wholegrain bread
mild base recipe
batch-cook friendly
freezer friendly",tha_library,authored,starter,THA Original Founding Cookbook,tha_original:THA-378,Ethiopian-style-chicken-thigh-peas-butternut-squash-stew-7
THA-379,"Australian Cafe-style Edamame, Cabbage & Beetroot Rice Bowl",,dinner,Australian cafe-inspired,easy,4,15,35,"1 tbsp olive oil
1 onion, finely chopped
2 garlic cloves, crushed
250g edamames
250g cabbage, chopped
250g beetroot, chopped
250g wholewheat couscous
1 tsp lemon
1 tsp parsley
Juice of 1 lemon or lime
Fresh herbs, to serve
Optional chilli flakes or sliced jalapeños, added after serving","1. Heat olive oil in a large pan and cook onion for 6–8 minutes.
2. Add garlic and spices and cook for 1 minute.
3. Add edamame, cabbage and beetroot, stirring to coat in the flavour base.
4. Add tomatoes, stock or water as listed and simmer until tender.
5. Cook or stir in the wholewheat couscous as appropriate for the dish.
6. Season lightly and serve with fresh herbs, with chilli or jalapeños added at the table.","Edamame, cabbage, beetroot and wholewheat couscous create a filling plant-forward meal built from recognisable ingredients and simple seasoning.","category: dinner
contains edamame
contains cabbage
contains beetroot
contains wholewheat couscous
mild base recipe",tha_library,authored,starter,THA Original Founding Cookbook,tha_original:THA-379,australian-Cafe-style-edamame-cabbage-beetroot-rice-bowl
THA-380,"Spanish-style Cannellini Bean, Radish & Courgette Noodle Bowl",,dinner,Spanish-inspired,medium,4,15,35,"1 tbsp olive oil
1 onion, finely chopped
2 garlic cloves, crushed
1 x 400g tin cannellini beans, drained
250g radish, chopped
250g courgette, chopped
250g buckwheat
1 tsp smoked paprika
1 tsp parsley
1 tbsp low-salt soy sauce or tamari
Juice of 1 lime
Optional chilli flakes or sliced jalapeños, added after serving","1. Heat olive oil in a large pan and cook onion for 6–8 minutes.
2. Add garlic and spices and cook for 1 minute.
3. Add cannellini bean, radish and courgette, stirring to coat in the flavour base.
4. Add tomatoes, stock or water as listed and simmer until tender.
5. Cook or stir in the buckwheat as appropriate for the dish.
6. Season lightly and serve with fresh herbs, with chilli or jalapeños added at the table.","Cannellini Bean, radish, courgette and buckwheat create a filling plant-forward meal built from recognisable ingredients and simple seasoning.","category: dinner
contains cannellini bean
contains radish
contains courgette
contains buckwheat
mild base recipe",tha_library,authored,starter,THA Original Founding Cookbook,tha_original:THA-380,Spanish-style-cannellini-bean-radish-courgette-noodle-bowl
THA-381,"Indian-style Chicken Thigh, Butternut Squash & Cabbage Skillet 7",,dinner,Indian-inspired,medium,4,15,35,"1 tbsp olive oil
1 onion, finely chopped
2 garlic cloves, crushed
300g quality chicken thigh
250g butternut squash, chopped
250g cabbage, chopped
250g potato
1 tsp ground cumin
1 tsp ground coriander
Juice of 1 lemon or lime
Fresh herbs, to serve
Optional chilli flakes or sliced jalapeños, added after serving","1. Heat olive oil in a large pan and cook onion for 6–8 minutes.
2. Add garlic and spices and cook for 1 minute.
3. Add chicken thigh, butternut squash and cabbage, stirring to coat in the flavour base.
4. Add tomatoes, stock or water as listed and simmer until tender.
5. Cook or stir in the potato as appropriate for the dish.
6. Season lightly and serve with fresh herbs, with chilli or jalapeños added at the table.","A modest amount of quality chicken thigh supports a plate led by butternut squash, cabbage and potato, keeping the meal plant-forward while still familiar.","category: dinner
contains chicken thigh
contains butternut squash
contains cabbage
contains potato
mild base recipe",tha_library,authored,starter,THA Original Founding Cookbook,tha_original:THA-381,Indian-style-chicken-thigh-butternut-squash-cabbage-skillet-7
THA-382,"Indonesian-style Kidney Bean, Parsnip & Swede One-Pot",,dinner,Indonesian-inspired,medium,4,15,35,"1 tbsp olive oil
1 onion, finely chopped
2 garlic cloves, crushed
1 x 400g tin kidney beans, drained
250g parsnip, chopped
250g swede, chopped
250g brown basmati rice
1 tsp ginger
1 tsp turmeric
1 tbsp tomato purée
1 x 400g tin chopped tomatoes
500ml low-salt stock or water
Juice of 1 lemon or lime
Fresh herbs, to serve
Optional chilli flakes or sliced jalapeños, added after serving","1. Heat olive oil in a large pan and cook onion for 6–8 minutes.
2. Add garlic and spices and cook for 1 minute.
3. Add kidney bean, parsnip and swede, stirring to coat in the flavour base.
4. Add tomatoes, stock or water as listed and simmer until tender.
5. Cook or stir in the brown basmati rice as appropriate for the dish.
6. Season lightly and serve with fresh herbs, with chilli or jalapeños added at the table.","Kidney Bean, parsnip, swede and brown basmati rice create a filling plant-forward meal built from recognisable ingredients and simple seasoning.","category: dinner
contains kidney bean
contains parsnip
contains swede
contains brown basmati rice
mild base recipe
batch-cook friendly",tha_library,authored,starter,THA Original Founding Cookbook,tha_original:THA-382,Indonesian-style-kidney-bean-parsnip-swede-one-pot
THA-383,"Ethiopian-style Chickpea, Asparagus & Onion Stew",,dinner,Ethiopian-inspired,medium,4,15,35,"1 tbsp olive oil
1 onion, finely chopped
2 garlic cloves, crushed
1 x 400g tin chickpeas, drained
250g asparagus, chopped
250g onion, chopped
250g bulgur wheat
1 tsp paprika
1 tsp turmeric
1 tbsp tomato purée
1 x 400g tin chopped tomatoes
500ml low-salt stock or water
Juice of 1 lemon or lime
Fresh herbs, to serve
Optional chilli flakes or sliced jalapeños, added after serving","1. Heat olive oil in a large pan and cook onion for 6–8 minutes.
2. Add garlic and spices and cook for 1 minute.
3. Add chickpea, asparagus and onion, stirring to coat in the flavour base.
4. Add tomatoes, stock or water as listed and simmer until tender.
5. Cook or stir in the bulgur wheat as appropriate for the dish.
6. Season lightly and serve with fresh herbs, with chilli or jalapeños added at the table.","Chickpea, asparagus, onion and bulgur wheat create a filling plant-forward meal built from recognisable ingredients and simple seasoning.","category: dinner
contains chickpea
contains asparagus
contains onion
contains bulgur wheat
mild base recipe
batch-cook friendly
freezer friendly",tha_library,authored,starter,THA Original Founding Cookbook,tha_original:THA-383,Ethiopian-style-chickpea-asparagus-onion-stew
THA-384,"Australian Cafe-style Chicken Thigh, Celery & Tomato Rice Bowl 7",,dinner,Australian cafe-inspired,easy,4,15,35,"1 tbsp olive oil
1 onion, finely chopped
2 garlic cloves, crushed
300g quality chicken thigh
250g celery, chopped
250g tomato, chopped
250g wholewheat noodles
1 tsp lemon
1 tsp parsley
Juice of 1 lemon or lime
Fresh herbs, to serve
Optional chilli flakes or sliced jalapeños, added after serving","1. Heat olive oil in a large pan and cook onion for 6–8 minutes.
2. Add garlic and spices and cook for 1 minute.
3. Add chicken thigh, celery and tomato, stirring to coat in the flavour base.
4. Add tomatoes, stock or water as listed and simmer until tender.
5. Cook or stir in the wholewheat noodles as appropriate for the dish.
6. Season lightly and serve with fresh herbs, with chilli or jalapeños added at the table.","A modest amount of quality chicken thigh supports a plate led by celery, tomato and wholewheat noodles, keeping the meal plant-forward while still familiar.","category: dinner
contains chicken thigh
contains celery
contains tomato
contains wholewheat noodles
mild base recipe",tha_library,authored,starter,THA Original Founding Cookbook,tha_original:THA-384,australian-Cafe-style-chicken-thigh-celery-tomato-rice-bowl-7
THA-385,"Spanish-style Lentil, Broccoli & Spring Onion Noodle Bowl",,dinner,Spanish-inspired,medium,4,15,35,"1 tbsp olive oil
1 onion, finely chopped
2 garlic cloves, crushed
1 x 400g tin lentils, drained
250g broccoli, chopped
250g spring onion, chopped
250g sweet potato
1 tsp smoked paprika
1 tsp parsley
1 tbsp low-salt soy sauce or tamari
Juice of 1 lime
Optional chilli flakes or sliced jalapeños, added after serving","1. Heat olive oil in a large pan and cook onion for 6–8 minutes.
2. Add garlic and spices and cook for 1 minute.
3. Add lentil, broccoli and spring onion, stirring to coat in the flavour base.
4. Add tomatoes, stock or water as listed and simmer until tender.
5. Cook or stir in the sweet potato as appropriate for the dish.
6. Season lightly and serve with fresh herbs, with chilli or jalapeños added at the table.","Lentil, broccoli, spring onion and sweet potato create a filling plant-forward meal built from recognisable ingredients and simple seasoning.","category: dinner
contains lentil
contains broccoli
contains spring onion
contains sweet potato
mild base recipe",tha_library,authored,starter,THA Original Founding Cookbook,tha_original:THA-385,Spanish-style-lentil-broccoli-spring-onion-noodle-bowl
THA-386,"Indian-style Split Pea, Red Pepper & Kale Skillet",,dinner,Indian-inspired,medium,4,15,35,"1 tbsp olive oil
1 onion, finely chopped
2 garlic cloves, crushed
250g split peas
250g red pepper, chopped
250g kale, chopped
250g brown rice
1 tsp ground cumin
1 tsp ground coriander
Juice of 1 lemon or lime
Fresh herbs, to serve
Optional chilli flakes or sliced jalapeños, added after serving","1. Heat olive oil in a large pan and cook onion for 6–8 minutes.
2. Add garlic and spices and cook for 1 minute.
3. Add split pea, red pepper and kale, stirring to coat in the flavour base.
4. Add tomatoes, stock or water as listed and simmer until tender.
5. Cook or stir in the brown rice as appropriate for the dish.
6. Season lightly and serve with fresh herbs, with chilli or jalapeños added at the table.","Split Pea, red pepper, kale and brown rice create a filling plant-forward meal built from recognisable ingredients and simple seasoning.","category: dinner
contains split pea
contains red pepper
contains kale
contains brown rice
mild base recipe",tha_library,authored,starter,THA Original Founding Cookbook,tha_original:THA-386,Indian-style-split-pea-red-pepper-kale-skillet
THA-387,"Indonesian-style Chicken Thigh, Tomato & Broccoli One-Pot 7",,dinner,Indonesian-inspired,medium,4,15,35,"1 tbsp olive oil
1 onion, finely chopped
2 garlic cloves, crushed
300g quality chicken thigh
250g tomato, chopped
250g broccoli, chopped
250g pearl barley
1 tsp ginger
1 tsp turmeric
1 tbsp tomato purée
1 x 400g tin chopped tomatoes
500ml low-salt stock or water
Juice of 1 lemon or lime
Fresh herbs, to serve
Optional chilli flakes or sliced jalapeños, added after serving","1. Heat olive oil in a large pan and cook onion for 6–8 minutes.
2. Add garlic and spices and cook for 1 minute.
3. Add chicken thigh, tomato and broccoli, stirring to coat in the flavour base.
4. Add tomatoes, stock or water as listed and simmer until tender.
5. Cook or stir in the pearl barley as appropriate for the dish.
6. Season lightly and serve with fresh herbs, with chilli or jalapeños added at the table.","A modest amount of quality chicken thigh supports a plate led by tomato, broccoli and pearl barley, keeping the meal plant-forward while still familiar.","category: dinner
contains chicken thigh
contains tomato
contains broccoli
contains pearl barley
mild base recipe
batch-cook friendly",tha_library,authored,starter,THA Original Founding Cookbook,tha_original:THA-387,Indonesian-style-chicken-thigh-tomato-broccoli-one-pot-7
THA-388,"Ethiopian-style Tofu, Peas & Leek Stew",,dinner,Ethiopian-inspired,medium,4,15,35,"1 tbsp olive oil
1 onion, finely chopped
2 garlic cloves, crushed
280g firm tofu, cubed
250g peas, chopped
250g leek, chopped
250g wholemeal flatbread
1 tsp paprika
1 tsp turmeric
1 tbsp tomato purée
1 x 400g tin chopped tomatoes
500ml low-salt stock or water
Juice of 1 lemon or lime
Fresh herbs, to serve
Optional chilli flakes or sliced jalapeños, added after serving","1. Heat olive oil in a large pan and cook onion for 6–8 minutes.
2. Add garlic and spices and cook for 1 minute.
3. Add tofu, peas and leek, stirring to coat in the flavour base.
4. Add tomatoes, stock or water as listed and simmer until tender.
5. Cook or stir in the wholemeal flatbread as appropriate for the dish.
6. Season lightly and serve with fresh herbs, with chilli or jalapeños added at the table.","Tofu, peas, leek and wholemeal flatbread create a filling plant-forward meal built from recognisable ingredients and simple seasoning.","category: dinner
contains tofu
contains peas
contains leek
contains wholemeal flatbread
mild base recipe
batch-cook friendly
freezer friendly",tha_library,authored,starter,THA Original Founding Cookbook,tha_original:THA-388,Ethiopian-style-tofu-peas-leek-stew
THA-389,"Australian Cafe-style Black Bean, Cabbage & Cucumber Rice Bowl",,dinner,Australian cafe-inspired,easy,4,15,35,"1 tbsp olive oil
1 onion, finely chopped
2 garlic cloves, crushed
1 x 400g tin black beans, drained
250g cabbage, chopped
250g cucumber, chopped
250g oats
1 tsp lemon
1 tsp parsley
Juice of 1 lemon or lime
Fresh herbs, to serve
Optional chilli flakes or sliced jalapeños, added after serving","1. Heat olive oil in a large pan and cook onion for 6–8 minutes.
2. Add garlic and spices and cook for 1 minute.
3. Add black bean, cabbage and cucumber, stirring to coat in the flavour base.
4. Add tomatoes, stock or water as listed and simmer until tender.
5. Cook or stir in the oats as appropriate for the dish.
6. Season lightly and serve with fresh herbs, with chilli or jalapeños added at the table.","Black Bean, cabbage, cucumber and oats create a filling plant-forward meal built from recognisable ingredients and simple seasoning.","category: dinner
contains black bean
contains cabbage
contains cucumber
contains oats
mild base recipe",tha_library,authored,starter,THA Original Founding Cookbook,tha_original:THA-389,australian-Cafe-style-black-bean-cabbage-cucumber-rice-bowl
THA-390,"Spanish-style Chicken Thigh, Radish & Asparagus Noodle Bowl 7",,dinner,Spanish-inspired,medium,4,15,35,"1 tbsp olive oil
1 onion, finely chopped
2 garlic cloves, crushed
300g quality chicken thigh
250g radish, chopped
250g asparagus, chopped
250g wholewheat pasta
1 tsp smoked paprika
1 tsp parsley
1 tbsp low-salt soy sauce or tamari
Juice of 1 lime
Optional chilli flakes or sliced jalapeños, added after serving","1. Heat olive oil in a large pan and cook onion for 6–8 minutes.
2. Add garlic and spices and cook for 1 minute.
3. Add chicken thigh, radish and asparagus, stirring to coat in the flavour base.
4. Add tomatoes, stock or water as listed and simmer until tender.
5. Cook or stir in the wholewheat pasta as appropriate for the dish.
6. Season lightly and serve with fresh herbs, with chilli or jalapeños added at the table.","A modest amount of quality chicken thigh supports a plate led by radish, asparagus and wholewheat pasta, keeping the meal plant-forward while still familiar.","category: dinner
contains chicken thigh
contains radish
contains asparagus
contains wholewheat pasta
mild base recipe",tha_library,authored,starter,THA Original Founding Cookbook,tha_original:THA-390,Spanish-style-chicken-thigh-radish-asparagus-noodle-bowl-7
THA-391,"Indian-style Cannellini Bean, Butternut Squash & Carrot Skillet",,dinner,Indian-inspired,medium,4,15,35,"1 tbsp olive oil
1 onion, finely chopped
2 garlic cloves, crushed
1 x 400g tin cannellini beans, drained
250g butternut squash, chopped
250g carrot, chopped
250g quinoa
1 tsp ground cumin
1 tsp ground coriander
Juice of 1 lemon or lime
Fresh herbs, to serve
Optional chilli flakes or sliced jalapeños, added after serving","1. Heat olive oil in a large pan and cook onion for 6–8 minutes.
2. Add garlic and spices and cook for 1 minute.
3. Add cannellini bean, butternut squash and carrot, stirring to coat in the flavour base.
4. Add tomatoes, stock or water as listed and simmer until tender.
5. Cook or stir in the quinoa as appropriate for the dish.
6. Season lightly and serve with fresh herbs, with chilli or jalapeños added at the table.","Cannellini Bean, butternut squash, carrot and quinoa create a filling plant-forward meal built from recognisable ingredients and simple seasoning.","category: dinner
contains cannellini bean
contains butternut squash
contains carrot
contains quinoa
mild base recipe",tha_library,authored,starter,THA Original Founding Cookbook,tha_original:THA-391,Indian-style-cannellini-bean-butternut-squash-carrot-skillet
THA-392,"Indonesian-style Green Pea, Parsnip & Sweetcorn One-Pot",,dinner,Indonesian-inspired,medium,4,15,35,"1 tbsp olive oil
1 onion, finely chopped
2 garlic cloves, crushed
250g green peas
250g parsnip, chopped
250g sweetcorn, chopped
250g wholegrain wrap
1 tsp ginger
1 tsp turmeric
1 tbsp tomato purée
1 x 400g tin chopped tomatoes
500ml low-salt stock or water
Juice of 1 lemon or lime
Fresh herbs, to serve
Optional chilli flakes or sliced jalapeños, added after serving","1. Heat olive oil in a large pan and cook onion for 6–8 minutes.
2. Add garlic and spices and cook for 1 minute.
3. Add green pea, parsnip and sweetcorn, stirring to coat in the flavour base.
4. Add tomatoes, stock or water as listed and simmer until tender.
5. Cook or stir in the wholegrain wrap as appropriate for the dish.
6. Season lightly and serve with fresh herbs, with chilli or jalapeños added at the table.","Green Pea, parsnip, sweetcorn and wholegrain wrap create a filling plant-forward meal built from recognisable ingredients and simple seasoning.","category: dinner
contains green pea
contains parsnip
contains sweetcorn
contains wholegrain wrap
mild base recipe
batch-cook friendly",tha_library,authored,starter,THA Original Founding Cookbook,tha_original:THA-392,Indonesian-style-green-pea-parsnip-sweetcorn-one-pot
THA-393,"Ethiopian-style Chicken Thigh, Asparagus & Butternut Squash Stew 7",,dinner,Ethiopian-inspired,medium,4,15,35,"1 tbsp olive oil
1 onion, finely chopped
2 garlic cloves, crushed
300g quality chicken thigh
250g asparagus, chopped
250g butternut squash, chopped
250g wholegrain bread
1 tsp paprika
1 tsp turmeric
1 tbsp tomato purée
1 x 400g tin chopped tomatoes
500ml low-salt stock or water
Juice of 1 lemon or lime
Fresh herbs, to serve
Optional chilli flakes or sliced jalapeños, added after serving","1. Heat olive oil in a large pan and cook onion for 6–8 minutes.
2. Add garlic and spices and cook for 1 minute.
3. Add chicken thigh, asparagus and butternut squash, stirring to coat in the flavour base.
4. Add tomatoes, stock or water as listed and simmer until tender.
5. Cook or stir in the wholegrain bread as appropriate for the dish.
6. Season lightly and serve with fresh herbs, with chilli or jalapeños added at the table.","A modest amount of quality chicken thigh supports a plate led by asparagus, butternut squash and wholegrain bread, keeping the meal plant-forward while still familiar.","category: dinner
contains chicken thigh
contains asparagus
contains butternut squash
contains wholegrain bread
mild base recipe
batch-cook friendly
freezer friendly",tha_library,authored,starter,THA Original Founding Cookbook,tha_original:THA-393,Ethiopian-style-chicken-thigh-asparagus-butternut-squash-stew-7
THA-394,"Australian Cafe-style Chickpea, Celery & Beetroot Rice Bowl",,dinner,Australian cafe-inspired,easy,4,15,35,"1 tbsp olive oil
1 onion, finely chopped
2 garlic cloves, crushed
1 x 400g tin chickpeas, drained
250g celery, chopped
250g beetroot, chopped
250g wholewheat couscous
1 tsp lemon
1 tsp parsley
Juice of 1 lemon or lime
Fresh herbs, to serve
Optional chilli flakes or sliced jalapeños, added after serving","1. Heat olive oil in a large pan and cook onion for 6–8 minutes.
2. Add garlic and spices and cook for 1 minute.
3. Add chickpea, celery and beetroot, stirring to coat in the flavour base.
4. Add tomatoes, stock or water as listed and simmer until tender.
5. Cook or stir in the wholewheat couscous as appropriate for the dish.
6. Season lightly and serve with fresh herbs, with chilli or jalapeños added at the table.","Chickpea, celery, beetroot and wholewheat couscous create a filling plant-forward meal built from recognisable ingredients and simple seasoning.","category: dinner
contains chickpea
contains celery
contains beetroot
contains wholewheat couscous
mild base recipe",tha_library,authored,starter,THA Original Founding Cookbook,tha_original:THA-394,australian-Cafe-style-chickpea-celery-beetroot-rice-bowl
THA-395,"Spanish-style Haricot Bean, Broccoli & Courgette Noodle Bowl",,dinner,Spanish-inspired,medium,4,15,35,"1 tbsp olive oil
1 onion, finely chopped
2 garlic cloves, crushed
1 x 400g tin haricot beans, drained
250g broccoli, chopped
250g courgette, chopped
250g buckwheat
1 tsp smoked paprika
1 tsp parsley
1 tbsp low-salt soy sauce or tamari
Juice of 1 lime
Optional chilli flakes or sliced jalapeños, added after serving","1. Heat olive oil in a large pan and cook onion for 6–8 minutes.
2. Add garlic and spices and cook for 1 minute.
3. Add haricot bean, broccoli and courgette, stirring to coat in the flavour base.
4. Add tomatoes, stock or water as listed and simmer until tender.
5. Cook or stir in the buckwheat as appropriate for the dish.
6. Season lightly and serve with fresh herbs, with chilli or jalapeños added at the table.","Haricot Bean, broccoli, courgette and buckwheat create a filling plant-forward meal built from recognisable ingredients and simple seasoning.","category: dinner
contains haricot bean
contains broccoli
contains courgette
contains buckwheat
mild base recipe",tha_library,authored,starter,THA Original Founding Cookbook,tha_original:THA-395,Spanish-style-haricot-bean-broccoli-courgette-noodle-bowl
THA-396,"Indian-style Chicken Thigh, Red Pepper & Cabbage Skillet 7",,dinner,Indian-inspired,medium,4,15,35,"1 tbsp olive oil
1 onion, finely chopped
2 garlic cloves, crushed
300g quality chicken thigh
250g red pepper, chopped
250g cabbage, chopped
250g potato
1 tsp ground cumin
1 tsp ground coriander
Juice of 1 lemon or lime
Fresh herbs, to serve
Optional chilli flakes or sliced jalapeños, added after serving","1. Heat olive oil in a large pan and cook onion for 6–8 minutes.
2. Add garlic and spices and cook for 1 minute.
3. Add chicken thigh, red pepper and cabbage, stirring to coat in the flavour base.
4. Add tomatoes, stock or water as listed and simmer until tender.
5. Cook or stir in the potato as appropriate for the dish.
6. Season lightly and serve with fresh herbs, with chilli or jalapeños added at the table.","A modest amount of quality chicken thigh supports a plate led by red pepper, cabbage and potato, keeping the meal plant-forward while still familiar.","category: dinner
contains chicken thigh
contains red pepper
contains cabbage
contains potato
mild base recipe",tha_library,authored,starter,THA Original Founding Cookbook,tha_original:THA-396,Indian-style-chicken-thigh-red-pepper-cabbage-skillet-7
THA-397,"Indonesian-style Split Pea, Tomato & Swede One-Pot",,dinner,Indonesian-inspired,medium,4,15,35,"1 tbsp olive oil
1 onion, finely chopped
2 garlic cloves, crushed
250g split peas
250g tomato, chopped
250g swede, chopped
250g brown basmati rice
1 tsp ginger
1 tsp turmeric
1 tbsp tomato purée
1 x 400g tin chopped tomatoes
500ml low-salt stock or water
Juice of 1 lemon or lime
Fresh herbs, to serve
Optional chilli flakes or sliced jalapeños, added after serving","1. Heat olive oil in a large pan and cook onion for 6–8 minutes.
2. Add garlic and spices and cook for 1 minute.
3. Add split pea, tomato and swede, stirring to coat in the flavour base.
4. Add tomatoes, stock or water as listed and simmer until tender.
5. Cook or stir in the brown basmati rice as appropriate for the dish.
6. Season lightly and serve with fresh herbs, with chilli or jalapeños added at the table.","Split Pea, tomato, swede and brown basmati rice create a filling plant-forward meal built from recognisable ingredients and simple seasoning.","category: dinner
contains split pea
contains tomato
contains swede
contains brown basmati rice
mild base recipe
batch-cook friendly",tha_library,authored,starter,THA Original Founding Cookbook,tha_original:THA-397,Indonesian-style-split-pea-tomato-swede-one-pot
THA-398,"Ethiopian-style Butter Bean, Peas & Onion Stew",,dinner,Ethiopian-inspired,medium,4,15,35,"1 tbsp olive oil
1 onion, finely chopped
2 garlic cloves, crushed
1 x 400g tin butter beans, drained
250g peas, chopped
250g onion, chopped
250g bulgur wheat
1 tsp paprika
1 tsp turmeric
1 tbsp tomato purée
1 x 400g tin chopped tomatoes
500ml low-salt stock or water
Juice of 1 lemon or lime
Fresh herbs, to serve
Optional chilli flakes or sliced jalapeños, added after serving","1. Heat olive oil in a large pan and cook onion for 6–8 minutes.
2. Add garlic and spices and cook for 1 minute.
3. Add butter bean, peas and onion, stirring to coat in the flavour base.
4. Add tomatoes, stock or water as listed and simmer until tender.
5. Cook or stir in the bulgur wheat as appropriate for the dish.
6. Season lightly and serve with fresh herbs, with chilli or jalapeños added at the table.","Butter Bean, peas, onion and bulgur wheat create a filling plant-forward meal built from recognisable ingredients and simple seasoning.","category: dinner
contains butter bean
contains peas
contains onion
contains bulgur wheat
mild base recipe
batch-cook friendly
freezer friendly",tha_library,authored,starter,THA Original Founding Cookbook,tha_original:THA-398,Ethiopian-style-butter-bean-peas-onion-stew
THA-399,"Australian Cafe-style Chicken Thigh, Cabbage & Tomato Rice Bowl 7",,dinner,Australian cafe-inspired,easy,4,15,35,"1 tbsp olive oil
1 onion, finely chopped
2 garlic cloves, crushed
300g quality chicken thigh
250g cabbage, chopped
250g tomato, chopped
250g wholewheat noodles
1 tsp lemon
1 tsp parsley
Juice of 1 lemon or lime
Fresh herbs, to serve
Optional chilli flakes or sliced jalapeños, added after serving","1. Heat olive oil in a large pan and cook onion for 6–8 minutes.
2. Add garlic and spices and cook for 1 minute.
3. Add chicken thigh, cabbage and tomato, stirring to coat in the flavour base.
4. Add tomatoes, stock or water as listed and simmer until tender.
5. Cook or stir in the wholewheat noodles as appropriate for the dish.
6. Season lightly and serve with fresh herbs, with chilli or jalapeños added at the table.","A modest amount of quality chicken thigh supports a plate led by cabbage, tomato and wholewheat noodles, keeping the meal plant-forward while still familiar.","category: dinner
contains chicken thigh
contains cabbage
contains tomato
contains wholewheat noodles
mild base recipe",tha_library,authored,starter,THA Original Founding Cookbook,tha_original:THA-399,australian-Cafe-style-chicken-thigh-cabbage-tomato-rice-bowl-7
THA-400,"Spanish-style Black Bean, Radish & Spring Onion Noodle Bowl",,dinner,Spanish-inspired,medium,4,15,35,"1 tbsp olive oil
1 onion, finely chopped
2 garlic cloves, crushed
1 x 400g tin black beans, drained
250g radish, chopped
250g spring onion, chopped
250g sweet potato
1 tsp smoked paprika
1 tsp parsley
1 tbsp low-salt soy sauce or tamari
Juice of 1 lime
Optional chilli flakes or sliced jalapeños, added after serving","1. Heat olive oil in a large pan and cook onion for 6–8 minutes.
2. Add garlic and spices and cook for 1 minute.
3. Add black bean, radish and spring onion, stirring to coat in the flavour base.
4. Add tomatoes, stock or water as listed and simmer until tender.
5. Cook or stir in the sweet potato as appropriate for the dish.
6. Season lightly and serve with fresh herbs, with chilli or jalapeños added at the table.","Black Bean, radish, spring onion and sweet potato create a filling plant-forward meal built from recognisable ingredients and simple seasoning.","category: dinner
contains black bean
contains radish
contains spring onion
contains sweet potato
mild base recipe",tha_library,authored,starter,THA Original Founding Cookbook,tha_original:THA-400,Spanish-style-black-bean-radish-spring-onion-noodle-bowl
THA-401,"Indian-style Edamame, Butternut Squash & Kale Skillet",,dinner,Indian-inspired,medium,4,15,35,"1 tbsp olive oil
1 onion, finely chopped
2 garlic cloves, crushed
250g edamames
250g butternut squash, chopped
250g kale, chopped
250g brown rice
1 tsp ground cumin
1 tsp ground coriander
Juice of 1 lemon or lime
Fresh herbs, to serve
Optional chilli flakes or sliced jalapeños, added after serving","1. Heat olive oil in a large pan and cook onion for 6–8 minutes.
2. Add garlic and spices and cook for 1 minute.
3. Add edamame, butternut squash and kale, stirring to coat in the flavour base.
4. Add tomatoes, stock or water as listed and simmer until tender.
5. Cook or stir in the brown rice as appropriate for the dish.
6. Season lightly and serve with fresh herbs, with chilli or jalapeños added at the table.","Edamame, butternut squash, kale and brown rice create a filling plant-forward meal built from recognisable ingredients and simple seasoning.","category: dinner
contains edamame
contains butternut squash
contains kale
contains brown rice
mild base recipe",tha_library,authored,starter,THA Original Founding Cookbook,tha_original:THA-401,Indian-style-edamame-butternut-squash-kale-skillet
THA-402,"Indonesian-style Chicken Thigh, Parsnip & Broccoli One-Pot 7",,dinner,Indonesian-inspired,medium,4,15,35,"1 tbsp olive oil
1 onion, finely chopped
2 garlic cloves, crushed
300g quality chicken thigh
250g parsnip, chopped
250g broccoli, chopped
250g pearl barley
1 tsp ginger
1 tsp turmeric
1 tbsp tomato purée
1 x 400g tin chopped tomatoes
500ml low-salt stock or water
Juice of 1 lemon or lime
Fresh herbs, to serve
Optional chilli flakes or sliced jalapeños, added after serving","1. Heat olive oil in a large pan and cook onion for 6–8 minutes.
2. Add garlic and spices and cook for 1 minute.
3. Add chicken thigh, parsnip and broccoli, stirring to coat in the flavour base.
4. Add tomatoes, stock or water as listed and simmer until tender.
5. Cook or stir in the pearl barley as appropriate for the dish.
6. Season lightly and serve with fresh herbs, with chilli or jalapeños added at the table.","A modest amount of quality chicken thigh supports a plate led by parsnip, broccoli and pearl barley, keeping the meal plant-forward while still familiar.","category: dinner
contains chicken thigh
contains parsnip
contains broccoli
contains pearl barley
mild base recipe
batch-cook friendly",tha_library,authored,starter,THA Original Founding Cookbook,tha_original:THA-402,Indonesian-style-chicken-thigh-parsnip-broccoli-one-pot-7
THA-403,"Ethiopian-style Green Pea, Asparagus & Leek Stew",,dinner,Ethiopian-inspired,medium,4,15,35,"1 tbsp olive oil
1 onion, finely chopped
2 garlic cloves, crushed
250g green peas
250g asparagus, chopped
250g leek, chopped
250g wholemeal flatbread
1 tsp paprika
1 tsp turmeric
1 tbsp tomato purée
1 x 400g tin chopped tomatoes
500ml low-salt stock or water
Juice of 1 lemon or lime
Fresh herbs, to serve
Optional chilli flakes or sliced jalapeños, added after serving","1. Heat olive oil in a large pan and cook onion for 6–8 minutes.
2. Add garlic and spices and cook for 1 minute.
3. Add green pea, asparagus and leek, stirring to coat in the flavour base.
4. Add tomatoes, stock or water as listed and simmer until tender.
5. Cook or stir in the wholemeal flatbread as appropriate for the dish.
6. Season lightly and serve with fresh herbs, with chilli or jalapeños added at the table.","Green Pea, asparagus, leek and wholemeal flatbread create a filling plant-forward meal built from recognisable ingredients and simple seasoning.","category: dinner
contains green pea
contains asparagus
contains leek
contains wholemeal flatbread
mild base recipe
batch-cook friendly
freezer friendly",tha_library,authored,starter,THA Original Founding Cookbook,tha_original:THA-403,Ethiopian-style-green-pea-asparagus-leek-stew
THA-404,"Australian Cafe-style Kidney Bean, Celery & Cucumber Rice Bowl",,dinner,Australian cafe-inspired,easy,4,15,35,"1 tbsp olive oil
1 onion, finely chopped
2 garlic cloves, crushed
1 x 400g tin kidney beans, drained
250g celery, chopped
250g cucumber, chopped
250g oats
1 tsp lemon
1 tsp parsley
Juice of 1 lemon or lime
Fresh herbs, to serve
Optional chilli flakes or sliced jalapeños, added after serving","1. Heat olive oil in a large pan and cook onion for 6–8 minutes.
2. Add garlic and spices and cook for 1 minute.
3. Add kidney bean, celery and cucumber, stirring to coat in the flavour base.
4. Add tomatoes, stock or water as listed and simmer until tender.
5. Cook or stir in the oats as appropriate for the dish.
6. Season lightly and serve with fresh herbs, with chilli or jalapeños added at the table.","Kidney Bean, celery, cucumber and oats create a filling plant-forward meal built from recognisable ingredients and simple seasoning.","category: dinner
contains kidney bean
contains celery
contains cucumber
contains oats
mild base recipe",tha_library,authored,starter,THA Original Founding Cookbook,tha_original:THA-404,australian-Cafe-style-kidney-bean-celery-cucumber-rice-bowl
THA-405,"Spanish-style Chicken Thigh, Broccoli & Asparagus Noodle Bowl 8",,dinner,Spanish-inspired,medium,4,15,35,"1 tbsp olive oil
1 onion, finely chopped
2 garlic cloves, crushed
300g quality chicken thigh
250g broccoli, chopped
250g asparagus, chopped
250g wholewheat pasta
1 tsp smoked paprika
1 tsp parsley
1 tbsp low-salt soy sauce or tamari
Juice of 1 lime
Optional chilli flakes or sliced jalapeños, added after serving","1. Heat olive oil in a large pan and cook onion for 6–8 minutes.
2. Add garlic and spices and cook for 1 minute.
3. Add chicken thigh, broccoli and asparagus, stirring to coat in the flavour base.
4. Add tomatoes, stock or water as listed and simmer until tender.
5. Cook or stir in the wholewheat pasta as appropriate for the dish.
6. Season lightly and serve with fresh herbs, with chilli or jalapeños added at the table.","A modest amount of quality chicken thigh supports a plate led by broccoli, asparagus and wholewheat pasta, keeping the meal plant-forward while still familiar.","category: dinner
contains chicken thigh
contains broccoli
contains asparagus
contains wholewheat pasta
mild base recipe",tha_library,authored,starter,THA Original Founding Cookbook,tha_original:THA-405,Spanish-style-chicken-thigh-broccoli-asparagus-noodle-bowl-8
THA-406,"Indian-style Haricot Bean, Red Pepper & Carrot Skillet",,dinner,Indian-inspired,medium,4,15,35,"1 tbsp olive oil
1 onion, finely chopped
2 garlic cloves, crushed
1 x 400g tin haricot beans, drained
250g red pepper, chopped
250g carrot, chopped
250g quinoa
1 tsp ground cumin
1 tsp ground coriander
Juice of 1 lemon or lime
Fresh herbs, to serve
Optional chilli flakes or sliced jalapeños, added after serving","1. Heat olive oil in a large pan and cook onion for 6–8 minutes.
2. Add garlic and spices and cook for 1 minute.
3. Add haricot bean, red pepper and carrot, stirring to coat in the flavour base.
4. Add tomatoes, stock or water as listed and simmer until tender.
5. Cook or stir in the quinoa as appropriate for the dish.
6. Season lightly and serve with fresh herbs, with chilli or jalapeños added at the table.","Haricot Bean, red pepper, carrot and quinoa create a filling plant-forward meal built from recognisable ingredients and simple seasoning.","category: dinner
contains haricot bean
contains red pepper
contains carrot
contains quinoa
mild base recipe",tha_library,authored,starter,THA Original Founding Cookbook,tha_original:THA-406,Indian-style-haricot-bean-red-pepper-carrot-skillet
THA-407,"Indonesian-style Lentil, Tomato & Sweetcorn One-Pot",,dinner,Indonesian-inspired,medium,4,15,35,"1 tbsp olive oil
1 onion, finely chopped
2 garlic cloves, crushed
1 x 400g tin lentils, drained
250g tomato, chopped
250g sweetcorn, chopped
250g wholegrain wrap
1 tsp ginger
1 tsp turmeric
1 tbsp tomato purée
1 x 400g tin chopped tomatoes
500ml low-salt stock or water
Juice of 1 lemon or lime
Fresh herbs, to serve
Optional chilli flakes or sliced jalapeños, added after serving","1. Heat olive oil in a large pan and cook onion for 6–8 minutes.
2. Add garlic and spices and cook for 1 minute.
3. Add lentil, tomato and sweetcorn, stirring to coat in the flavour base.
4. Add tomatoes, stock or water as listed and simmer until tender.
5. Cook or stir in the wholegrain wrap as appropriate for the dish.
6. Season lightly and serve with fresh herbs, with chilli or jalapeños added at the table.","Lentil, tomato, sweetcorn and wholegrain wrap create a filling plant-forward meal built from recognisable ingredients and simple seasoning.","category: dinner
contains lentil
contains tomato
contains sweetcorn
contains wholegrain wrap
mild base recipe
batch-cook friendly",tha_library,authored,starter,THA Original Founding Cookbook,tha_original:THA-407,Indonesian-style-lentil-tomato-sweetcorn-one-pot
THA-408,"Ethiopian-style Chicken Thigh, Peas & Butternut Squash Stew 8",,dinner,Ethiopian-inspired,medium,4,15,35,"1 tbsp olive oil
1 onion, finely chopped
2 garlic cloves, crushed
300g quality chicken thigh
250g peas, chopped
250g butternut squash, chopped
250g wholegrain bread
1 tsp paprika
1 tsp turmeric
1 tbsp tomato purée
1 x 400g tin chopped tomatoes
500ml low-salt stock or water
Juice of 1 lemon or lime
Fresh herbs, to serve
Optional chilli flakes or sliced jalapeños, added after serving","1. Heat olive oil in a large pan and cook onion for 6–8 minutes.
2. Add garlic and spices and cook for 1 minute.
3. Add chicken thigh, peas and butternut squash, stirring to coat in the flavour base.
4. Add tomatoes, stock or water as listed and simmer until tender.
5. Cook or stir in the wholegrain bread as appropriate for the dish.
6. Season lightly and serve with fresh herbs, with chilli or jalapeños added at the table.","A modest amount of quality chicken thigh supports a plate led by peas, butternut squash and wholegrain bread, keeping the meal plant-forward while still familiar.","category: dinner
contains chicken thigh
contains peas
contains butternut squash
contains wholegrain bread
mild base recipe
batch-cook friendly
freezer friendly",tha_library,authored,starter,THA Original Founding Cookbook,tha_original:THA-408,Ethiopian-style-chicken-thigh-peas-butternut-squash-stew-8
THA-409,"Australian Cafe-style Butter Bean, Cabbage & Beetroot Rice Bowl",,dinner,Australian cafe-inspired,easy,4,15,35,"1 tbsp olive oil
1 onion, finely chopped
2 garlic cloves, crushed
1 x 400g tin butter beans, drained
250g cabbage, chopped
250g beetroot, chopped
250g wholewheat couscous
1 tsp lemon
1 tsp parsley
Juice of 1 lemon or lime
Fresh herbs, to serve
Optional chilli flakes or sliced jalapeños, added after serving","1. Heat olive oil in a large pan and cook onion for 6–8 minutes.
2. Add garlic and spices and cook for 1 minute.
3. Add butter bean, cabbage and beetroot, stirring to coat in the flavour base.
4. Add tomatoes, stock or water as listed and simmer until tender.
5. Cook or stir in the wholewheat couscous as appropriate for the dish.
6. Season lightly and serve with fresh herbs, with chilli or jalapeños added at the table.","Butter Bean, cabbage, beetroot and wholewheat couscous create a filling plant-forward meal built from recognisable ingredients and simple seasoning.","category: dinner
contains butter bean
contains cabbage
contains beetroot
contains wholewheat couscous
mild base recipe",tha_library,authored,starter,THA Original Founding Cookbook,tha_original:THA-409,australian-Cafe-style-butter-bean-cabbage-beetroot-rice-bowl
THA-410,"Spanish-style Tofu, Radish & Courgette Noodle Bowl",,dinner,Spanish-inspired,medium,4,15,35,"1 tbsp olive oil
1 onion, finely chopped
2 garlic cloves, crushed
280g firm tofu, cubed
250g radish, chopped
250g courgette, chopped
250g buckwheat
1 tsp smoked paprika
1 tsp parsley
1 tbsp low-salt soy sauce or tamari
Juice of 1 lime
Optional chilli flakes or sliced jalapeños, added after serving","1. Heat olive oil in a large pan and cook onion for 6–8 minutes.
2. Add garlic and spices and cook for 1 minute.
3. Add tofu, radish and courgette, stirring to coat in the flavour base.
4. Add tomatoes, stock or water as listed and simmer until tender.
5. Cook or stir in the buckwheat as appropriate for the dish.
6. Season lightly and serve with fresh herbs, with chilli or jalapeños added at the table.","Tofu, radish, courgette and buckwheat create a filling plant-forward meal built from recognisable ingredients and simple seasoning.","category: dinner
contains tofu
contains radish
contains courgette
contains buckwheat
mild base recipe",tha_library,authored,starter,THA Original Founding Cookbook,tha_original:THA-410,Spanish-style-tofu-radish-courgette-noodle-bowl
THA-411,"Indian-style Chicken Thigh, Butternut Squash & Cabbage Skillet 8",,dinner,Indian-inspired,medium,4,15,35,"1 tbsp olive oil
1 onion, finely chopped
2 garlic cloves, crushed
300g quality chicken thigh
250g butternut squash, chopped
250g cabbage, chopped
250g potato
1 tsp ground cumin
1 tsp ground coriander
Juice of 1 lemon or lime
Fresh herbs, to serve
Optional chilli flakes or sliced jalapeños, added after serving","1. Heat olive oil in a large pan and cook onion for 6–8 minutes.
2. Add garlic and spices and cook for 1 minute.
3. Add chicken thigh, butternut squash and cabbage, stirring to coat in the flavour base.
4. Add tomatoes, stock or water as listed and simmer until tender.
5. Cook or stir in the potato as appropriate for the dish.
6. Season lightly and serve with fresh herbs, with chilli or jalapeños added at the table.","A modest amount of quality chicken thigh supports a plate led by butternut squash, cabbage and potato, keeping the meal plant-forward while still familiar.","category: dinner
contains chicken thigh
contains butternut squash
contains cabbage
contains potato
mild base recipe",tha_library,authored,starter,THA Original Founding Cookbook,tha_original:THA-411,Indian-style-chicken-thigh-butternut-squash-cabbage-skillet-8
THA-412,"Indonesian-style Edamame, Parsnip & Swede One-Pot",,dinner,Indonesian-inspired,medium,4,15,35,"1 tbsp olive oil
1 onion, finely chopped
2 garlic cloves, crushed
250g edamames
250g parsnip, chopped
250g swede, chopped
250g brown basmati rice
1 tsp ginger
1 tsp turmeric
1 tbsp tomato purée
1 x 400g tin chopped tomatoes
500ml low-salt stock or water
Juice of 1 lemon or lime
Fresh herbs, to serve
Optional chilli flakes or sliced jalapeños, added after serving","1. Heat olive oil in a large pan and cook onion for 6–8 minutes.
2. Add garlic and spices and cook for 1 minute.
3. Add edamame, parsnip and swede, stirring to coat in the flavour base.
4. Add tomatoes, stock or water as listed and simmer until tender.
5. Cook or stir in the brown basmati rice as appropriate for the dish.
6. Season lightly and serve with fresh herbs, with chilli or jalapeños added at the table.","Edamame, parsnip, swede and brown basmati rice create a filling plant-forward meal built from recognisable ingredients and simple seasoning.","category: dinner
contains edamame
contains parsnip
contains swede
contains brown basmati rice
mild base recipe
batch-cook friendly",tha_library,authored,starter,THA Original Founding Cookbook,tha_original:THA-412,Indonesian-style-edamame-parsnip-swede-one-pot
THA-413,"Ethiopian-style Cannellini Bean, Asparagus & Onion Stew",,dinner,Ethiopian-inspired,medium,4,15,35,"1 tbsp olive oil
1 onion, finely chopped
2 garlic cloves, crushed
1 x 400g tin cannellini beans, drained
250g asparagus, chopped
250g onion, chopped
250g bulgur wheat
1 tsp paprika
1 tsp turmeric
1 tbsp tomato purée
1 x 400g tin chopped tomatoes
500ml low-salt stock or water
Juice of 1 lemon or lime
Fresh herbs, to serve
Optional chilli flakes or sliced jalapeños, added after serving","1. Heat olive oil in a large pan and cook onion for 6–8 minutes.
2. Add garlic and spices and cook for 1 minute.
3. Add cannellini bean, asparagus and onion, stirring to coat in the flavour base.
4. Add tomatoes, stock or water as listed and simmer until tender.
5. Cook or stir in the bulgur wheat as appropriate for the dish.
6. Season lightly and serve with fresh herbs, with chilli or jalapeños added at the table.","Cannellini Bean, asparagus, onion and bulgur wheat create a filling plant-forward meal built from recognisable ingredients and simple seasoning.","category: dinner
contains cannellini bean
contains asparagus
contains onion
contains bulgur wheat
mild base recipe
batch-cook friendly
freezer friendly",tha_library,authored,starter,THA Original Founding Cookbook,tha_original:THA-413,Ethiopian-style-cannellini-bean-asparagus-onion-stew
THA-414,"Australian Cafe-style Chicken Thigh, Celery & Tomato Rice Bowl 8",,dinner,Australian cafe-inspired,easy,4,15,35,"1 tbsp olive oil
1 onion, finely chopped
2 garlic cloves, crushed
300g quality chicken thigh
250g celery, chopped
250g tomato, chopped
250g wholewheat noodles
1 tsp lemon
1 tsp parsley
Juice of 1 lemon or lime
Fresh herbs, to serve
Optional chilli flakes or sliced jalapeños, added after serving","1. Heat olive oil in a large pan and cook onion for 6–8 minutes.
2. Add garlic and spices and cook for 1 minute.
3. Add chicken thigh, celery and tomato, stirring to coat in the flavour base.
4. Add tomatoes, stock or water as listed and simmer until tender.
5. Cook or stir in the wholewheat noodles as appropriate for the dish.
6. Season lightly and serve with fresh herbs, with chilli or jalapeños added at the table.","A modest amount of quality chicken thigh supports a plate led by celery, tomato and wholewheat noodles, keeping the meal plant-forward while still familiar.","category: dinner
contains chicken thigh
contains celery
contains tomato
contains wholewheat noodles
mild base recipe",tha_library,authored,starter,THA Original Founding Cookbook,tha_original:THA-414,australian-Cafe-style-chicken-thigh-celery-tomato-rice-bowl-8
THA-415,"Spanish-style Kidney Bean, Broccoli & Spring Onion Noodle Bowl",,dinner,Spanish-inspired,medium,4,15,35,"1 tbsp olive oil
1 onion, finely chopped
2 garlic cloves, crushed
1 x 400g tin kidney beans, drained
250g broccoli, chopped
250g spring onion, chopped
250g sweet potato
1 tsp smoked paprika
1 tsp parsley
1 tbsp low-salt soy sauce or tamari
Juice of 1 lime
Optional chilli flakes or sliced jalapeños, added after serving","1. Heat olive oil in a large pan and cook onion for 6–8 minutes.
2. Add garlic and spices and cook for 1 minute.
3. Add kidney bean, broccoli and spring onion, stirring to coat in the flavour base.
4. Add tomatoes, stock or water as listed and simmer until tender.
5. Cook or stir in the sweet potato as appropriate for the dish.
6. Season lightly and serve with fresh herbs, with chilli or jalapeños added at the table.","Kidney Bean, broccoli, spring onion and sweet potato create a filling plant-forward meal built from recognisable ingredients and simple seasoning.","category: dinner
contains kidney bean
contains broccoli
contains spring onion
contains sweet potato
mild base recipe",tha_library,authored,starter,THA Original Founding Cookbook,tha_original:THA-415,Spanish-style-kidney-bean-broccoli-spring-onion-noodle-bowl
THA-416,"Indian-style Chickpea, Red Pepper & Kale Skillet",,dinner,Indian-inspired,medium,4,15,35,"1 tbsp olive oil
1 onion, finely chopped
2 garlic cloves, crushed
1 x 400g tin chickpeas, drained
250g red pepper, chopped
250g kale, chopped
250g brown rice
1 tsp ground cumin
1 tsp ground coriander
Juice of 1 lemon or lime
Fresh herbs, to serve
Optional chilli flakes or sliced jalapeños, added after serving","1. Heat olive oil in a large pan and cook onion for 6–8 minutes.
2. Add garlic and spices and cook for 1 minute.
3. Add chickpea, red pepper and kale, stirring to coat in the flavour base.
4. Add tomatoes, stock or water as listed and simmer until tender.
5. Cook or stir in the brown rice as appropriate for the dish.
6. Season lightly and serve with fresh herbs, with chilli or jalapeños added at the table.","Chickpea, red pepper, kale and brown rice create a filling plant-forward meal built from recognisable ingredients and simple seasoning.","category: dinner
contains chickpea
contains red pepper
contains kale
contains brown rice
mild base recipe",tha_library,authored,starter,THA Original Founding Cookbook,tha_original:THA-416,Indian-style-chickpea-red-pepper-kale-skillet
THA-417,"Indonesian-style Chicken Thigh, Tomato & Broccoli One-Pot 8",,dinner,Indonesian-inspired,medium,4,15,35,"1 tbsp olive oil
1 onion, finely chopped
2 garlic cloves, crushed
300g quality chicken thigh
250g tomato, chopped
250g broccoli, chopped
250g pearl barley
1 tsp ginger
1 tsp turmeric
1 tbsp tomato purée
1 x 400g tin chopped tomatoes
500ml low-salt stock or water
Juice of 1 lemon or lime
Fresh herbs, to serve
Optional chilli flakes or sliced jalapeños, added after serving","1. Heat olive oil in a large pan and cook onion for 6–8 minutes.
2. Add garlic and spices and cook for 1 minute.
3. Add chicken thigh, tomato and broccoli, stirring to coat in the flavour base.
4. Add tomatoes, stock or water as listed and simmer until tender.
5. Cook or stir in the pearl barley as appropriate for the dish.
6. Season lightly and serve with fresh herbs, with chilli or jalapeños added at the table.","A modest amount of quality chicken thigh supports a plate led by tomato, broccoli and pearl barley, keeping the meal plant-forward while still familiar.","category: dinner
contains chicken thigh
contains tomato
contains broccoli
contains pearl barley
mild base recipe
batch-cook friendly",tha_library,authored,starter,THA Original Founding Cookbook,tha_original:THA-417,Indonesian-style-chicken-thigh-tomato-broccoli-one-pot-8
THA-418,"Ethiopian-style Lentil, Peas & Leek Stew",,dinner,Ethiopian-inspired,medium,4,15,35,"1 tbsp olive oil
1 onion, finely chopped
2 garlic cloves, crushed
1 x 400g tin lentils, drained
250g peas, chopped
250g leek, chopped
250g wholemeal flatbread
1 tsp paprika
1 tsp turmeric
1 tbsp tomato purée
1 x 400g tin chopped tomatoes
500ml low-salt stock or water
Juice of 1 lemon or lime
Fresh herbs, to serve
Optional chilli flakes or sliced jalapeños, added after serving","1. Heat olive oil in a large pan and cook onion for 6–8 minutes.
2. Add garlic and spices and cook for 1 minute.
3. Add lentil, peas and leek, stirring to coat in the flavour base.
4. Add tomatoes, stock or water as listed and simmer until tender.
5. Cook or stir in the wholemeal flatbread as appropriate for the dish.
6. Season lightly and serve with fresh herbs, with chilli or jalapeños added at the table.","Lentil, peas, leek and wholemeal flatbread create a filling plant-forward meal built from recognisable ingredients and simple seasoning.","category: dinner
contains lentil
contains peas
contains leek
contains wholemeal flatbread
mild base recipe
batch-cook friendly
freezer friendly",tha_library,authored,starter,THA Original Founding Cookbook,tha_original:THA-418,Ethiopian-style-lentil-peas-leek-stew
THA-419,"Australian Cafe-style Split Pea, Cabbage & Cucumber Rice Bowl",,dinner,Australian cafe-inspired,easy,4,15,35,"1 tbsp olive oil
1 onion, finely chopped
2 garlic cloves, crushed
250g split peas
250g cabbage, chopped
250g cucumber, chopped
250g oats
1 tsp lemon
1 tsp parsley
Juice of 1 lemon or lime
Fresh herbs, to serve
Optional chilli flakes or sliced jalapeños, added after serving","1. Heat olive oil in a large pan and cook onion for 6–8 minutes.
2. Add garlic and spices and cook for 1 minute.
3. Add split pea, cabbage and cucumber, stirring to coat in the flavour base.
4. Add tomatoes, stock or water as listed and simmer until tender.
5. Cook or stir in the oats as appropriate for the dish.
6. Season lightly and serve with fresh herbs, with chilli or jalapeños added at the table.","Split Pea, cabbage, cucumber and oats create a filling plant-forward meal built from recognisable ingredients and simple seasoning.","category: dinner
contains split pea
contains cabbage
contains cucumber
contains oats
mild base recipe",tha_library,authored,starter,THA Original Founding Cookbook,tha_original:THA-419,australian-Cafe-style-split-pea-cabbage-cucumber-rice-bowl
THA-420,"Spanish-style Chicken Thigh, Radish & Asparagus Noodle Bowl 8",,dinner,Spanish-inspired,medium,4,15,35,"1 tbsp olive oil
1 onion, finely chopped
2 garlic cloves, crushed
300g quality chicken thigh
250g radish, chopped
250g asparagus, chopped
250g wholewheat pasta
1 tsp smoked paprika
1 tsp parsley
1 tbsp low-salt soy sauce or tamari
Juice of 1 lime
Optional chilli flakes or sliced jalapeños, added after serving","1. Heat olive oil in a large pan and cook onion for 6–8 minutes.
2. Add garlic and spices and cook for 1 minute.
3. Add chicken thigh, radish and asparagus, stirring to coat in the flavour base.
4. Add tomatoes, stock or water as listed and simmer until tender.
5. Cook or stir in the wholewheat pasta as appropriate for the dish.
6. Season lightly and serve with fresh herbs, with chilli or jalapeños added at the table.","A modest amount of quality chicken thigh supports a plate led by radish, asparagus and wholewheat pasta, keeping the meal plant-forward while still familiar.","category: dinner
contains chicken thigh
contains radish
contains asparagus
contains wholewheat pasta
mild base recipe",tha_library,authored,starter,THA Original Founding Cookbook,tha_original:THA-420,Spanish-style-chicken-thigh-radish-asparagus-noodle-bowl-8
THA-421,"Indian-style Tofu, Butternut Squash & Carrot Skillet",,dinner,Indian-inspired,medium,4,15,35,"1 tbsp olive oil
1 onion, finely chopped
2 garlic cloves, crushed
280g firm tofu, cubed
250g butternut squash, chopped
250g carrot, chopped
250g quinoa
1 tsp ground cumin
1 tsp ground coriander
Juice of 1 lemon or lime
Fresh herbs, to serve
Optional chilli flakes or sliced jalapeños, added after serving","1. Heat olive oil in a large pan and cook onion for 6–8 minutes.
2. Add garlic and spices and cook for 1 minute.
3. Add tofu, butternut squash and carrot, stirring to coat in the flavour base.
4. Add tomatoes, stock or water as listed and simmer until tender.
5. Cook or stir in the quinoa as appropriate for the dish.
6. Season lightly and serve with fresh herbs, with chilli or jalapeños added at the table.","Tofu, butternut squash, carrot and quinoa create a filling plant-forward meal built from recognisable ingredients and simple seasoning.","category: dinner
contains tofu
contains butternut squash
contains carrot
contains quinoa
mild base recipe",tha_library,authored,starter,THA Original Founding Cookbook,tha_original:THA-421,Indian-style-tofu-butternut-squash-carrot-skillet
THA-422,"Indonesian-style Black Bean, Parsnip & Sweetcorn One-Pot",,dinner,Indonesian-inspired,medium,4,15,35,"1 tbsp olive oil
1 onion, finely chopped
2 garlic cloves, crushed
1 x 400g tin black beans, drained
250g parsnip, chopped
250g sweetcorn, chopped
250g wholegrain wrap
1 tsp ginger
1 tsp turmeric
1 tbsp tomato purée
1 x 400g tin chopped tomatoes
500ml low-salt stock or water
Juice of 1 lemon or lime
Fresh herbs, to serve
Optional chilli flakes or sliced jalapeños, added after serving","1. Heat olive oil in a large pan and cook onion for 6–8 minutes.
2. Add garlic and spices and cook for 1 minute.
3. Add black bean, parsnip and sweetcorn, stirring to coat in the flavour base.
4. Add tomatoes, stock or water as listed and simmer until tender.
5. Cook or stir in the wholegrain wrap as appropriate for the dish.
6. Season lightly and serve with fresh herbs, with chilli or jalapeños added at the table.","Black Bean, parsnip, sweetcorn and wholegrain wrap create a filling plant-forward meal built from recognisable ingredients and simple seasoning.","category: dinner
contains black bean
contains parsnip
contains sweetcorn
contains wholegrain wrap
mild base recipe
batch-cook friendly",tha_library,authored,starter,THA Original Founding Cookbook,tha_original:THA-422,Indonesian-style-black-bean-parsnip-sweetcorn-one-pot
THA-423,"Ethiopian-style Chicken Thigh, Asparagus & Butternut Squash Stew 8",,dinner,Ethiopian-inspired,medium,4,15,35,"1 tbsp olive oil
1 onion, finely chopped
2 garlic cloves, crushed
300g quality chicken thigh
250g asparagus, chopped
250g butternut squash, chopped
250g wholegrain bread
1 tsp paprika
1 tsp turmeric
1 tbsp tomato purée
1 x 400g tin chopped tomatoes
500ml low-salt stock or water
Juice of 1 lemon or lime
Fresh herbs, to serve
Optional chilli flakes or sliced jalapeños, added after serving","1. Heat olive oil in a large pan and cook onion for 6–8 minutes.
2. Add garlic and spices and cook for 1 minute.
3. Add chicken thigh, asparagus and butternut squash, stirring to coat in the flavour base.
4. Add tomatoes, stock or water as listed and simmer until tender.
5. Cook or stir in the wholegrain bread as appropriate for the dish.
6. Season lightly and serve with fresh herbs, with chilli or jalapeños added at the table.","A modest amount of quality chicken thigh supports a plate led by asparagus, butternut squash and wholegrain bread, keeping the meal plant-forward while still familiar.","category: dinner
contains chicken thigh
contains asparagus
contains butternut squash
contains wholegrain bread
mild base recipe
batch-cook friendly
freezer friendly",tha_library,authored,starter,THA Original Founding Cookbook,tha_original:THA-423,Ethiopian-style-chicken-thigh-asparagus-butternut-squash-stew-8
THA-424,"Australian Cafe-style Cannellini Bean, Celery & Beetroot Rice Bowl",,dinner,Australian cafe-inspired,easy,4,15,35,"1 tbsp olive oil
1 onion, finely chopped
2 garlic cloves, crushed
1 x 400g tin cannellini beans, drained
250g celery, chopped
250g beetroot, chopped
250g wholewheat couscous
1 tsp lemon
1 tsp parsley
Juice of 1 lemon or lime
Fresh herbs, to serve
Optional chilli flakes or sliced jalapeños, added after serving","1. Heat olive oil in a large pan and cook onion for 6–8 minutes.
2. Add garlic and spices and cook for 1 minute.
3. Add cannellini bean, celery and beetroot, stirring to coat in the flavour base.
4. Add tomatoes, stock or water as listed and simmer until tender.
5. Cook or stir in the wholewheat couscous as appropriate for the dish.
6. Season lightly and serve with fresh herbs, with chilli or jalapeños added at the table.","Cannellini Bean, celery, beetroot and wholewheat couscous create a filling plant-forward meal built from recognisable ingredients and simple seasoning.","category: dinner
contains cannellini bean
contains celery
contains beetroot
contains wholewheat couscous
mild base recipe",tha_library,authored,starter,THA Original Founding Cookbook,tha_original:THA-424,australian-Cafe-style-cannellini-bean-celery-beetroot-rice-bowl
THA-425,"Spanish-style Green Pea, Broccoli & Courgette Noodle Bowl",,dinner,Spanish-inspired,medium,4,15,35,"1 tbsp olive oil
1 onion, finely chopped
2 garlic cloves, crushed
250g green peas
250g broccoli, chopped
250g courgette, chopped
250g buckwheat
1 tsp smoked paprika
1 tsp parsley
1 tbsp low-salt soy sauce or tamari
Juice of 1 lime
Optional chilli flakes or sliced jalapeños, added after serving","1. Heat olive oil in a large pan and cook onion for 6–8 minutes.
2. Add garlic and spices and cook for 1 minute.
3. Add green pea, broccoli and courgette, stirring to coat in the flavour base.
4. Add tomatoes, stock or water as listed and simmer until tender.
5. Cook or stir in the buckwheat as appropriate for the dish.
6. Season lightly and serve with fresh herbs, with chilli or jalapeños added at the table.","Green Pea, broccoli, courgette and buckwheat create a filling plant-forward meal built from recognisable ingredients and simple seasoning.","category: dinner
contains green pea
contains broccoli
contains courgette
contains buckwheat
mild base recipe",tha_library,authored,starter,THA Original Founding Cookbook,tha_original:THA-425,Spanish-style-green-pea-broccoli-courgette-noodle-bowl
THA-426,"Indian-style Chicken Thigh, Red Pepper & Cabbage Skillet 8",,dinner,Indian-inspired,medium,4,15,35,"1 tbsp olive oil
1 onion, finely chopped
2 garlic cloves, crushed
300g quality chicken thigh
250g red pepper, chopped
250g cabbage, chopped
250g potato
1 tsp ground cumin
1 tsp ground coriander
Juice of 1 lemon or lime
Fresh herbs, to serve
Optional chilli flakes or sliced jalapeños, added after serving","1. Heat olive oil in a large pan and cook onion for 6–8 minutes.
2. Add garlic and spices and cook for 1 minute.
3. Add chicken thigh, red pepper and cabbage, stirring to coat in the flavour base.
4. Add tomatoes, stock or water as listed and simmer until tender.
5. Cook or stir in the potato as appropriate for the dish.
6. Season lightly and serve with fresh herbs, with chilli or jalapeños added at the table.","A modest amount of quality chicken thigh supports a plate led by red pepper, cabbage and potato, keeping the meal plant-forward while still familiar.","category: dinner
contains chicken thigh
contains red pepper
contains cabbage
contains potato
mild base recipe",tha_library,authored,starter,THA Original Founding Cookbook,tha_original:THA-426,Indian-style-chicken-thigh-red-pepper-cabbage-skillet-8
THA-427,"Indonesian-style Chickpea, Tomato & Swede One-Pot",,dinner,Indonesian-inspired,medium,4,15,35,"1 tbsp olive oil
1 onion, finely chopped
2 garlic cloves, crushed
1 x 400g tin chickpeas, drained
250g tomato, chopped
250g swede, chopped
250g brown basmati rice
1 tsp ginger
1 tsp turmeric
1 tbsp tomato purée
1 x 400g tin chopped tomatoes
500ml low-salt stock or water
Juice of 1 lemon or lime
Fresh herbs, to serve
Optional chilli flakes or sliced jalapeños, added after serving","1. Heat olive oil in a large pan and cook onion for 6–8 minutes.
2. Add garlic and spices and cook for 1 minute.
3. Add chickpea, tomato and swede, stirring to coat in the flavour base.
4. Add tomatoes, stock or water as listed and simmer until tender.
5. Cook or stir in the brown basmati rice as appropriate for the dish.
6. Season lightly and serve with fresh herbs, with chilli or jalapeños added at the table.","Chickpea, tomato, swede and brown basmati rice create a filling plant-forward meal built from recognisable ingredients and simple seasoning.","category: dinner
contains chickpea
contains tomato
contains swede
contains brown basmati rice
mild base recipe
batch-cook friendly",tha_library,authored,starter,THA Original Founding Cookbook,tha_original:THA-427,Indonesian-style-chickpea-tomato-swede-one-pot
THA-428,"Ethiopian-style Haricot Bean, Peas & Onion Stew",,dinner,Ethiopian-inspired,medium,4,15,35,"1 tbsp olive oil
1 onion, finely chopped
2 garlic cloves, crushed
1 x 400g tin haricot beans, drained
250g peas, chopped
250g onion, chopped
250g bulgur wheat
1 tsp paprika
1 tsp turmeric
1 tbsp tomato purée
1 x 400g tin chopped tomatoes
500ml low-salt stock or water
Juice of 1 lemon or lime
Fresh herbs, to serve
Optional chilli flakes or sliced jalapeños, added after serving","1. Heat olive oil in a large pan and cook onion for 6–8 minutes.
2. Add garlic and spices and cook for 1 minute.
3. Add haricot bean, peas and onion, stirring to coat in the flavour base.
4. Add tomatoes, stock or water as listed and simmer until tender.
5. Cook or stir in the bulgur wheat as appropriate for the dish.
6. Season lightly and serve with fresh herbs, with chilli or jalapeños added at the table.","Haricot Bean, peas, onion and bulgur wheat create a filling plant-forward meal built from recognisable ingredients and simple seasoning.","category: dinner
contains haricot bean
contains peas
contains onion
contains bulgur wheat
mild base recipe
batch-cook friendly
freezer friendly",tha_library,authored,starter,THA Original Founding Cookbook,tha_original:THA-428,Ethiopian-style-haricot-bean-peas-onion-stew
THA-429,"Australian Cafe-style Chicken Thigh, Cabbage & Tomato Rice Bowl 8",,dinner,Australian cafe-inspired,easy,4,15,35,"1 tbsp olive oil
1 onion, finely chopped
2 garlic cloves, crushed
300g quality chicken thigh
250g cabbage, chopped
250g tomato, chopped
250g wholewheat noodles
1 tsp lemon
1 tsp parsley
Juice of 1 lemon or lime
Fresh herbs, to serve
Optional chilli flakes or sliced jalapeños, added after serving","1. Heat olive oil in a large pan and cook onion for 6–8 minutes.
2. Add garlic and spices and cook for 1 minute.
3. Add chicken thigh, cabbage and tomato, stirring to coat in the flavour base.
4. Add tomatoes, stock or water as listed and simmer until tender.
5. Cook or stir in the wholewheat noodles as appropriate for the dish.
6. Season lightly and serve with fresh herbs, with chilli or jalapeños added at the table.","A modest amount of quality chicken thigh supports a plate led by cabbage, tomato and wholewheat noodles, keeping the meal plant-forward while still familiar.","category: dinner
contains chicken thigh
contains cabbage
contains tomato
contains wholewheat noodles
mild base recipe",tha_library,authored,starter,THA Original Founding Cookbook,tha_original:THA-429,australian-Cafe-style-chicken-thigh-cabbage-tomato-rice-bowl-8
THA-430,"Spanish-style Split Pea, Radish & Spring Onion Noodle Bowl",,dinner,Spanish-inspired,medium,4,15,35,"1 tbsp olive oil
1 onion, finely chopped
2 garlic cloves, crushed
250g split peas
250g radish, chopped
250g spring onion, chopped
250g sweet potato
1 tsp smoked paprika
1 tsp parsley
1 tbsp low-salt soy sauce or tamari
Juice of 1 lime
Optional chilli flakes or sliced jalapeños, added after serving","1. Heat olive oil in a large pan and cook onion for 6–8 minutes.
2. Add garlic and spices and cook for 1 minute.
3. Add split pea, radish and spring onion, stirring to coat in the flavour base.
4. Add tomatoes, stock or water as listed and simmer until tender.
5. Cook or stir in the sweet potato as appropriate for the dish.
6. Season lightly and serve with fresh herbs, with chilli or jalapeños added at the table.","Split Pea, radish, spring onion and sweet potato create a filling plant-forward meal built from recognisable ingredients and simple seasoning.","category: dinner
contains split pea
contains radish
contains spring onion
contains sweet potato
mild base recipe",tha_library,authored,starter,THA Original Founding Cookbook,tha_original:THA-430,Spanish-style-split-pea-radish-spring-onion-noodle-bowl
THA-431,"Indian-style Butter Bean, Butternut Squash & Kale Skillet",,dinner,Indian-inspired,medium,4,15,35,"1 tbsp olive oil
1 onion, finely chopped
2 garlic cloves, crushed
1 x 400g tin butter beans, drained
250g butternut squash, chopped
250g kale, chopped
250g brown rice
1 tsp ground cumin
1 tsp ground coriander
Juice of 1 lemon or lime
Fresh herbs, to serve
Optional chilli flakes or sliced jalapeños, added after serving","1. Heat olive oil in a large pan and cook onion for 6–8 minutes.
2. Add garlic and spices and cook for 1 minute.
3. Add butter bean, butternut squash and kale, stirring to coat in the flavour base.
4. Add tomatoes, stock or water as listed and simmer until tender.
5. Cook or stir in the brown rice as appropriate for the dish.
6. Season lightly and serve with fresh herbs, with chilli or jalapeños added at the table.","Butter Bean, butternut squash, kale and brown rice create a filling plant-forward meal built from recognisable ingredients and simple seasoning.","category: dinner
contains butter bean
contains butternut squash
contains kale
contains brown rice
mild base recipe",tha_library,authored,starter,THA Original Founding Cookbook,tha_original:THA-431,Indian-style-butter-bean-butternut-squash-kale-skillet
THA-432,"Indonesian-style Chicken Thigh, Parsnip & Broccoli One-Pot 8",,dinner,Indonesian-inspired,medium,4,15,35,"1 tbsp olive oil
1 onion, finely chopped
2 garlic cloves, crushed
300g quality chicken thigh
250g parsnip, chopped
250g broccoli, chopped
250g pearl barley
1 tsp ginger
1 tsp turmeric
1 tbsp tomato purée
1 x 400g tin chopped tomatoes
500ml low-salt stock or water
Juice of 1 lemon or lime
Fresh herbs, to serve
Optional chilli flakes or sliced jalapeños, added after serving","1. Heat olive oil in a large pan and cook onion for 6–8 minutes.
2. Add garlic and spices and cook for 1 minute.
3. Add chicken thigh, parsnip and broccoli, stirring to coat in the flavour base.
4. Add tomatoes, stock or water as listed and simmer until tender.
5. Cook or stir in the pearl barley as appropriate for the dish.
6. Season lightly and serve with fresh herbs, with chilli or jalapeños added at the table.","A modest amount of quality chicken thigh supports a plate led by parsnip, broccoli and pearl barley, keeping the meal plant-forward while still familiar.","category: dinner
contains chicken thigh
contains parsnip
contains broccoli
contains pearl barley
mild base recipe
batch-cook friendly",tha_library,authored,starter,THA Original Founding Cookbook,tha_original:THA-432,Indonesian-style-chicken-thigh-parsnip-broccoli-one-pot-8
THA-433,"Ethiopian-style Black Bean, Asparagus & Leek Stew",,dinner,Ethiopian-inspired,medium,4,15,35,"1 tbsp olive oil
1 onion, finely chopped
2 garlic cloves, crushed
1 x 400g tin black beans, drained
250g asparagus, chopped
250g leek, chopped
250g wholemeal flatbread
1 tsp paprika
1 tsp turmeric
1 tbsp tomato purée
1 x 400g tin chopped tomatoes
500ml low-salt stock or water
Juice of 1 lemon or lime
Fresh herbs, to serve
Optional chilli flakes or sliced jalapeños, added after serving","1. Heat olive oil in a large pan and cook onion for 6–8 minutes.
2. Add garlic and spices and cook for 1 minute.
3. Add black bean, asparagus and leek, stirring to coat in the flavour base.
4. Add tomatoes, stock or water as listed and simmer until tender.
5. Cook or stir in the wholemeal flatbread as appropriate for the dish.
6. Season lightly and serve with fresh herbs, with chilli or jalapeños added at the table.","Black Bean, asparagus, leek and wholemeal flatbread create a filling plant-forward meal built from recognisable ingredients and simple seasoning.","category: dinner
contains black bean
contains asparagus
contains leek
contains wholemeal flatbread
mild base recipe
batch-cook friendly
freezer friendly",tha_library,authored,starter,THA Original Founding Cookbook,tha_original:THA-433,Ethiopian-style-black-bean-asparagus-leek-stew
THA-434,"Australian Cafe-style Edamame, Celery & Cucumber Rice Bowl",,dinner,Australian cafe-inspired,easy,4,15,35,"1 tbsp olive oil
1 onion, finely chopped
2 garlic cloves, crushed
250g edamames
250g celery, chopped
250g cucumber, chopped
250g oats
1 tsp lemon
1 tsp parsley
Juice of 1 lemon or lime
Fresh herbs, to serve
Optional chilli flakes or sliced jalapeños, added after serving","1. Heat olive oil in a large pan and cook onion for 6–8 minutes.
2. Add garlic and spices and cook for 1 minute.
3. Add edamame, celery and cucumber, stirring to coat in the flavour base.
4. Add tomatoes, stock or water as listed and simmer until tender.
5. Cook or stir in the oats as appropriate for the dish.
6. Season lightly and serve with fresh herbs, with chilli or jalapeños added at the table.","Edamame, celery, cucumber and oats create a filling plant-forward meal built from recognisable ingredients and simple seasoning.","category: dinner
contains edamame
contains celery
contains cucumber
contains oats
mild base recipe",tha_library,authored,starter,THA Original Founding Cookbook,tha_original:THA-434,australian-Cafe-style-edamame-celery-cucumber-rice-bowl
THA-435,"Spanish-style Chicken Thigh, Broccoli & Asparagus Noodle Bowl 9",,dinner,Spanish-inspired,medium,4,15,35,"1 tbsp olive oil
1 onion, finely chopped
2 garlic cloves, crushed
300g quality chicken thigh
250g broccoli, chopped
250g asparagus, chopped
250g wholewheat pasta
1 tsp smoked paprika
1 tsp parsley
1 tbsp low-salt soy sauce or tamari
Juice of 1 lime
Optional chilli flakes or sliced jalapeños, added after serving","1. Heat olive oil in a large pan and cook onion for 6–8 minutes.
2. Add garlic and spices and cook for 1 minute.
3. Add chicken thigh, broccoli and asparagus, stirring to coat in the flavour base.
4. Add tomatoes, stock or water as listed and simmer until tender.
5. Cook or stir in the wholewheat pasta as appropriate for the dish.
6. Season lightly and serve with fresh herbs, with chilli or jalapeños added at the table.","A modest amount of quality chicken thigh supports a plate led by broccoli, asparagus and wholewheat pasta, keeping the meal plant-forward while still familiar.","category: dinner
contains chicken thigh
contains broccoli
contains asparagus
contains wholewheat pasta
mild base recipe",tha_library,authored,starter,THA Original Founding Cookbook,tha_original:THA-435,Spanish-style-chicken-thigh-broccoli-asparagus-noodle-bowl-9
THA-436,"Indian-style Green Pea, Red Pepper & Carrot Skillet",,dinner,Indian-inspired,medium,4,15,35,"1 tbsp olive oil
1 onion, finely chopped
2 garlic cloves, crushed
250g green peas
250g red pepper, chopped
250g carrot, chopped
250g quinoa
1 tsp ground cumin
1 tsp ground coriander
Juice of 1 lemon or lime
Fresh herbs, to serve
Optional chilli flakes or sliced jalapeños, added after serving","1. Heat olive oil in a large pan and cook onion for 6–8 minutes.
2. Add garlic and spices and cook for 1 minute.
3. Add green pea, red pepper and carrot, stirring to coat in the flavour base.
4. Add tomatoes, stock or water as listed and simmer until tender.
5. Cook or stir in the quinoa as appropriate for the dish.
6. Season lightly and serve with fresh herbs, with chilli or jalapeños added at the table.","Green Pea, red pepper, carrot and quinoa create a filling plant-forward meal built from recognisable ingredients and simple seasoning.","category: dinner
contains green pea
contains red pepper
contains carrot
contains quinoa
mild base recipe",tha_library,authored,starter,THA Original Founding Cookbook,tha_original:THA-436,Indian-style-green-pea-red-pepper-carrot-skillet
THA-437,"Indonesian-style Kidney Bean, Tomato & Sweetcorn One-Pot",,dinner,Indonesian-inspired,medium,4,15,35,"1 tbsp olive oil
1 onion, finely chopped
2 garlic cloves, crushed
1 x 400g tin kidney beans, drained
250g tomato, chopped
250g sweetcorn, chopped
250g wholegrain wrap
1 tsp ginger
1 tsp turmeric
1 tbsp tomato purée
1 x 400g tin chopped tomatoes
500ml low-salt stock or water
Juice of 1 lemon or lime
Fresh herbs, to serve
Optional chilli flakes or sliced jalapeños, added after serving","1. Heat olive oil in a large pan and cook onion for 6–8 minutes.
2. Add garlic and spices and cook for 1 minute.
3. Add kidney bean, tomato and sweetcorn, stirring to coat in the flavour base.
4. Add tomatoes, stock or water as listed and simmer until tender.
5. Cook or stir in the wholegrain wrap as appropriate for the dish.
6. Season lightly and serve with fresh herbs, with chilli or jalapeños added at the table.","Kidney Bean, tomato, sweetcorn and wholegrain wrap create a filling plant-forward meal built from recognisable ingredients and simple seasoning.","category: dinner
contains kidney bean
contains tomato
contains sweetcorn
contains wholegrain wrap
mild base recipe
batch-cook friendly",tha_library,authored,starter,THA Original Founding Cookbook,tha_original:THA-437,Indonesian-style-kidney-bean-tomato-sweetcorn-one-pot
THA-438,"Ethiopian-style Chicken Thigh, Peas & Butternut Squash Stew 9",,dinner,Ethiopian-inspired,medium,4,15,35,"1 tbsp olive oil
1 onion, finely chopped
2 garlic cloves, crushed
300g quality chicken thigh
250g peas, chopped
250g butternut squash, chopped
250g wholegrain bread
1 tsp paprika
1 tsp turmeric
1 tbsp tomato purée
1 x 400g tin chopped tomatoes
500ml low-salt stock or water
Juice of 1 lemon or lime
Fresh herbs, to serve
Optional chilli flakes or sliced jalapeños, added after serving","1. Heat olive oil in a large pan and cook onion for 6–8 minutes.
2. Add garlic and spices and cook for 1 minute.
3. Add chicken thigh, peas and butternut squash, stirring to coat in the flavour base.
4. Add tomatoes, stock or water as listed and simmer until tender.
5. Cook or stir in the wholegrain bread as appropriate for the dish.
6. Season lightly and serve with fresh herbs, with chilli or jalapeños added at the table.","A modest amount of quality chicken thigh supports a plate led by peas, butternut squash and wholegrain bread, keeping the meal plant-forward while still familiar.","category: dinner
contains chicken thigh
contains peas
contains butternut squash
contains wholegrain bread
mild base recipe
batch-cook friendly
freezer friendly",tha_library,authored,starter,THA Original Founding Cookbook,tha_original:THA-438,Ethiopian-style-chicken-thigh-peas-butternut-squash-stew-9
THA-439,"Australian Cafe-style Haricot Bean, Cabbage & Beetroot Rice Bowl",,dinner,Australian cafe-inspired,easy,4,15,35,"1 tbsp olive oil
1 onion, finely chopped
2 garlic cloves, crushed
1 x 400g tin haricot beans, drained
250g cabbage, chopped
250g beetroot, chopped
250g wholewheat couscous
1 tsp lemon
1 tsp parsley
Juice of 1 lemon or lime
Fresh herbs, to serve
Optional chilli flakes or sliced jalapeños, added after serving","1. Heat olive oil in a large pan and cook onion for 6–8 minutes.
2. Add garlic and spices and cook for 1 minute.
3. Add haricot bean, cabbage and beetroot, stirring to coat in the flavour base.
4. Add tomatoes, stock or water as listed and simmer until tender.
5. Cook or stir in the wholewheat couscous as appropriate for the dish.
6. Season lightly and serve with fresh herbs, with chilli or jalapeños added at the table.","Haricot Bean, cabbage, beetroot and wholewheat couscous create a filling plant-forward meal built from recognisable ingredients and simple seasoning.","category: dinner
contains haricot bean
contains cabbage
contains beetroot
contains wholewheat couscous
mild base recipe",tha_library,authored,starter,THA Original Founding Cookbook,tha_original:THA-439,australian-Cafe-style-haricot-bean-cabbage-beetroot-rice-bowl
THA-440,"Spanish-style Lentil, Radish & Courgette Noodle Bowl",,dinner,Spanish-inspired,medium,4,15,35,"1 tbsp olive oil
1 onion, finely chopped
2 garlic cloves, crushed
1 x 400g tin lentils, drained
250g radish, chopped
250g courgette, chopped
250g buckwheat
1 tsp smoked paprika
1 tsp parsley
1 tbsp low-salt soy sauce or tamari
Juice of 1 lime
Optional chilli flakes or sliced jalapeños, added after serving","1. Heat olive oil in a large pan and cook onion for 6–8 minutes.
2. Add garlic and spices and cook for 1 minute.
3. Add lentil, radish and courgette, stirring to coat in the flavour base.
4. Add tomatoes, stock or water as listed and simmer until tender.
5. Cook or stir in the buckwheat as appropriate for the dish.
6. Season lightly and serve with fresh herbs, with chilli or jalapeños added at the table.","Lentil, radish, courgette and buckwheat create a filling plant-forward meal built from recognisable ingredients and simple seasoning.","category: dinner
contains lentil
contains radish
contains courgette
contains buckwheat
mild base recipe",tha_library,authored,starter,THA Original Founding Cookbook,tha_original:THA-440,Spanish-style-lentil-radish-courgette-noodle-bowl
THA-441,"Indian-style Chicken Thigh, Butternut Squash & Cabbage Skillet 9",,dinner,Indian-inspired,medium,4,15,35,"1 tbsp olive oil
1 onion, finely chopped
2 garlic cloves, crushed
300g quality chicken thigh
250g butternut squash, chopped
250g cabbage, chopped
250g potato
1 tsp ground cumin
1 tsp ground coriander
Juice of 1 lemon or lime
Fresh herbs, to serve
Optional chilli flakes or sliced jalapeños, added after serving","1. Heat olive oil in a large pan and cook onion for 6–8 minutes.
2. Add garlic and spices and cook for 1 minute.
3. Add chicken thigh, butternut squash and cabbage, stirring to coat in the flavour base.
4. Add tomatoes, stock or water as listed and simmer until tender.
5. Cook or stir in the potato as appropriate for the dish.
6. Season lightly and serve with fresh herbs, with chilli or jalapeños added at the table.","A modest amount of quality chicken thigh supports a plate led by butternut squash, cabbage and potato, keeping the meal plant-forward while still familiar.","category: dinner
contains chicken thigh
contains butternut squash
contains cabbage
contains potato
mild base recipe",tha_library,authored,starter,THA Original Founding Cookbook,tha_original:THA-441,Indian-style-chicken-thigh-butternut-squash-cabbage-skillet-9
THA-442,"Indonesian-style Butter Bean, Parsnip & Swede One-Pot",,dinner,Indonesian-inspired,medium,4,15,35,"1 tbsp olive oil
1 onion, finely chopped
2 garlic cloves, crushed
1 x 400g tin butter beans, drained
250g parsnip, chopped
250g swede, chopped
250g brown basmati rice
1 tsp ginger
1 tsp turmeric
1 tbsp tomato purée
1 x 400g tin chopped tomatoes
500ml low-salt stock or water
Juice of 1 lemon or lime
Fresh herbs, to serve
Optional chilli flakes or sliced jalapeños, added after serving","1. Heat olive oil in a large pan and cook onion for 6–8 minutes.
2. Add garlic and spices and cook for 1 minute.
3. Add butter bean, parsnip and swede, stirring to coat in the flavour base.
4. Add tomatoes, stock or water as listed and simmer until tender.
5. Cook or stir in the brown basmati rice as appropriate for the dish.
6. Season lightly and serve with fresh herbs, with chilli or jalapeños added at the table.","Butter Bean, parsnip, swede and brown basmati rice create a filling plant-forward meal built from recognisable ingredients and simple seasoning.","category: dinner
contains butter bean
contains parsnip
contains swede
contains brown basmati rice
mild base recipe
batch-cook friendly",tha_library,authored,starter,THA Original Founding Cookbook,tha_original:THA-442,Indonesian-style-butter-bean-parsnip-swede-one-pot
THA-443,"Ethiopian-style Tofu, Asparagus & Onion Stew",,dinner,Ethiopian-inspired,medium,4,15,35,"1 tbsp olive oil
1 onion, finely chopped
2 garlic cloves, crushed
280g firm tofu, cubed
250g asparagus, chopped
250g onion, chopped
250g bulgur wheat
1 tsp paprika
1 tsp turmeric
1 tbsp tomato purée
1 x 400g tin chopped tomatoes
500ml low-salt stock or water
Juice of 1 lemon or lime
Fresh herbs, to serve
Optional chilli flakes or sliced jalapeños, added after serving","1. Heat olive oil in a large pan and cook onion for 6–8 minutes.
2. Add garlic and spices and cook for 1 minute.
3. Add tofu, asparagus and onion, stirring to coat in the flavour base.
4. Add tomatoes, stock or water as listed and simmer until tender.
5. Cook or stir in the bulgur wheat as appropriate for the dish.
6. Season lightly and serve with fresh herbs, with chilli or jalapeños added at the table.","Tofu, asparagus, onion and bulgur wheat create a filling plant-forward meal built from recognisable ingredients and simple seasoning.","category: dinner
contains tofu
contains asparagus
contains onion
contains bulgur wheat
mild base recipe
batch-cook friendly
freezer friendly",tha_library,authored,starter,THA Original Founding Cookbook,tha_original:THA-443,Ethiopian-style-tofu-asparagus-onion-stew
THA-444,"Australian Cafe-style Chicken Thigh, Celery & Tomato Rice Bowl 9",,dinner,Australian cafe-inspired,easy,4,15,35,"1 tbsp olive oil
1 onion, finely chopped
2 garlic cloves, crushed
300g quality chicken thigh
250g celery, chopped
250g tomato, chopped
250g wholewheat noodles
1 tsp lemon
1 tsp parsley
Juice of 1 lemon or lime
Fresh herbs, to serve
Optional chilli flakes or sliced jalapeños, added after serving","1. Heat olive oil in a large pan and cook onion for 6–8 minutes.
2. Add garlic and spices and cook for 1 minute.
3. Add chicken thigh, celery and tomato, stirring to coat in the flavour base.
4. Add tomatoes, stock or water as listed and simmer until tender.
5. Cook or stir in the wholewheat noodles as appropriate for the dish.
6. Season lightly and serve with fresh herbs, with chilli or jalapeños added at the table.","A modest amount of quality chicken thigh supports a plate led by celery, tomato and wholewheat noodles, keeping the meal plant-forward while still familiar.","category: dinner
contains chicken thigh
contains celery
contains tomato
contains wholewheat noodles
mild base recipe",tha_library,authored,starter,THA Original Founding Cookbook,tha_original:THA-444,australian-Cafe-style-chicken-thigh-celery-tomato-rice-bowl-9
THA-445,"Spanish-style Edamame, Broccoli & Spring Onion Noodle Bowl",,dinner,Spanish-inspired,medium,4,15,35,"1 tbsp olive oil
1 onion, finely chopped
2 garlic cloves, crushed
250g edamames
250g broccoli, chopped
250g spring onion, chopped
250g sweet potato
1 tsp smoked paprika
1 tsp parsley
1 tbsp low-salt soy sauce or tamari
Juice of 1 lime
Optional chilli flakes or sliced jalapeños, added after serving","1. Heat olive oil in a large pan and cook onion for 6–8 minutes.
2. Add garlic and spices and cook for 1 minute.
3. Add edamame, broccoli and spring onion, stirring to coat in the flavour base.
4. Add tomatoes, stock or water as listed and simmer until tender.
5. Cook or stir in the sweet potato as appropriate for the dish.
6. Season lightly and serve with fresh herbs, with chilli or jalapeños added at the table.","Edamame, broccoli, spring onion and sweet potato create a filling plant-forward meal built from recognisable ingredients and simple seasoning.","category: dinner
contains edamame
contains broccoli
contains spring onion
contains sweet potato
mild base recipe",tha_library,authored,starter,THA Original Founding Cookbook,tha_original:THA-445,Spanish-style-edamame-broccoli-spring-onion-noodle-bowl
THA-446,"Indian-style Cannellini Bean, Red Pepper & Kale Skillet",,dinner,Indian-inspired,medium,4,15,35,"1 tbsp olive oil
1 onion, finely chopped
2 garlic cloves, crushed
1 x 400g tin cannellini beans, drained
250g red pepper, chopped
250g kale, chopped
250g brown rice
1 tsp ground cumin
1 tsp ground coriander
Juice of 1 lemon or lime
Fresh herbs, to serve
Optional chilli flakes or sliced jalapeños, added after serving","1. Heat olive oil in a large pan and cook onion for 6–8 minutes.
2. Add garlic and spices and cook for 1 minute.
3. Add cannellini bean, red pepper and kale, stirring to coat in the flavour base.
4. Add tomatoes, stock or water as listed and simmer until tender.
5. Cook or stir in the brown rice as appropriate for the dish.
6. Season lightly and serve with fresh herbs, with chilli or jalapeños added at the table.","Cannellini Bean, red pepper, kale and brown rice create a filling plant-forward meal built from recognisable ingredients and simple seasoning.","category: dinner
contains cannellini bean
contains red pepper
contains kale
contains brown rice
mild base recipe",tha_library,authored,starter,THA Original Founding Cookbook,tha_original:THA-446,Indian-style-cannellini-bean-red-pepper-kale-skillet
THA-447,"Indonesian-style Chicken Thigh, Tomato & Broccoli One-Pot 9",,dinner,Indonesian-inspired,medium,4,15,35,"1 tbsp olive oil
1 onion, finely chopped
2 garlic cloves, crushed
300g quality chicken thigh
250g tomato, chopped
250g broccoli, chopped
250g pearl barley
1 tsp ginger
1 tsp turmeric
1 tbsp tomato purée
1 x 400g tin chopped tomatoes
500ml low-salt stock or water
Juice of 1 lemon or lime
Fresh herbs, to serve
Optional chilli flakes or sliced jalapeños, added after serving","1. Heat olive oil in a large pan and cook onion for 6–8 minutes.
2. Add garlic and spices and cook for 1 minute.
3. Add chicken thigh, tomato and broccoli, stirring to coat in the flavour base.
4. Add tomatoes, stock or water as listed and simmer until tender.
5. Cook or stir in the pearl barley as appropriate for the dish.
6. Season lightly and serve with fresh herbs, with chilli or jalapeños added at the table.","A modest amount of quality chicken thigh supports a plate led by tomato, broccoli and pearl barley, keeping the meal plant-forward while still familiar.","category: dinner
contains chicken thigh
contains tomato
contains broccoli
contains pearl barley
mild base recipe
batch-cook friendly",tha_library,authored,starter,THA Original Founding Cookbook,tha_original:THA-447,Indonesian-style-chicken-thigh-tomato-broccoli-one-pot-9
THA-448,"Ethiopian-style Kidney Bean, Peas & Leek Stew",,dinner,Ethiopian-inspired,medium,4,15,35,"1 tbsp olive oil
1 onion, finely chopped
2 garlic cloves, crushed
1 x 400g tin kidney beans, drained
250g peas, chopped
250g leek, chopped
250g wholemeal flatbread
1 tsp paprika
1 tsp turmeric
1 tbsp tomato purée
1 x 400g tin chopped tomatoes
500ml low-salt stock or water
Juice of 1 lemon or lime
Fresh herbs, to serve
Optional chilli flakes or sliced jalapeños, added after serving","1. Heat olive oil in a large pan and cook onion for 6–8 minutes.
2. Add garlic and spices and cook for 1 minute.
3. Add kidney bean, peas and leek, stirring to coat in the flavour base.
4. Add tomatoes, stock or water as listed and simmer until tender.
5. Cook or stir in the wholemeal flatbread as appropriate for the dish.
6. Season lightly and serve with fresh herbs, with chilli or jalapeños added at the table.","Kidney Bean, peas, leek and wholemeal flatbread create a filling plant-forward meal built from recognisable ingredients and simple seasoning.","category: dinner
contains kidney bean
contains peas
contains leek
contains wholemeal flatbread
mild base recipe
batch-cook friendly
freezer friendly",tha_library,authored,starter,THA Original Founding Cookbook,tha_original:THA-448,Ethiopian-style-kidney-bean-peas-leek-stew
THA-449,"Australian Cafe-style Chickpea, Cabbage & Cucumber Rice Bowl",,dinner,Australian cafe-inspired,easy,4,15,35,"1 tbsp olive oil
1 onion, finely chopped
2 garlic cloves, crushed
1 x 400g tin chickpeas, drained
250g cabbage, chopped
250g cucumber, chopped
250g oats
1 tsp lemon
1 tsp parsley
Juice of 1 lemon or lime
Fresh herbs, to serve
Optional chilli flakes or sliced jalapeños, added after serving","1. Heat olive oil in a large pan and cook onion for 6–8 minutes.
2. Add garlic and spices and cook for 1 minute.
3. Add chickpea, cabbage and cucumber, stirring to coat in the flavour base.
4. Add tomatoes, stock or water as listed and simmer until tender.
5. Cook or stir in the oats as appropriate for the dish.
6. Season lightly and serve with fresh herbs, with chilli or jalapeños added at the table.","Chickpea, cabbage, cucumber and oats create a filling plant-forward meal built from recognisable ingredients and simple seasoning.","category: dinner
contains chickpea
contains cabbage
contains cucumber
contains oats
mild base recipe",tha_library,authored,starter,THA Original Founding Cookbook,tha_original:THA-449,australian-Cafe-style-chickpea-cabbage-cucumber-rice-bowl
THA-450,"Spanish-style Chicken Thigh, Radish & Asparagus Noodle Bowl 9",,dinner,Spanish-inspired,medium,4,15,35,"1 tbsp olive oil
1 onion, finely chopped
2 garlic cloves, crushed
300g quality chicken thigh
250g radish, chopped
250g asparagus, chopped
250g wholewheat pasta
1 tsp smoked paprika
1 tsp parsley
1 tbsp low-salt soy sauce or tamari
Juice of 1 lime
Optional chilli flakes or sliced jalapeños, added after serving","1. Heat olive oil in a large pan and cook onion for 6–8 minutes.
2. Add garlic and spices and cook for 1 minute.
3. Add chicken thigh, radish and asparagus, stirring to coat in the flavour base.
4. Add tomatoes, stock or water as listed and simmer until tender.
5. Cook or stir in the wholewheat pasta as appropriate for the dish.
6. Season lightly and serve with fresh herbs, with chilli or jalapeños added at the table.","A modest amount of quality chicken thigh supports a plate led by radish, asparagus and wholewheat pasta, keeping the meal plant-forward while still familiar.","category: dinner
contains chicken thigh
contains radish
contains asparagus
contains wholewheat pasta
mild base recipe",tha_library,authored,starter,THA Original Founding Cookbook,tha_original:THA-450,Spanish-style-chicken-thigh-radish-asparagus-noodle-bowl-9
THA-451,"Indian-style Lentil, Butternut Squash & Carrot Skillet",,dinner,Indian-inspired,medium,4,15,35,"1 tbsp olive oil
1 onion, finely chopped
2 garlic cloves, crushed
1 x 400g tin lentils, drained
250g butternut squash, chopped
250g carrot, chopped
250g quinoa
1 tsp ground cumin
1 tsp ground coriander
Juice of 1 lemon or lime
Fresh herbs, to serve
Optional chilli flakes or sliced jalapeños, added after serving","1. Heat olive oil in a large pan and cook onion for 6–8 minutes.
2. Add garlic and spices and cook for 1 minute.
3. Add lentil, butternut squash and carrot, stirring to coat in the flavour base.
4. Add tomatoes, stock or water as listed and simmer until tender.
5. Cook or stir in the quinoa as appropriate for the dish.
6. Season lightly and serve with fresh herbs, with chilli or jalapeños added at the table.","Lentil, butternut squash, carrot and quinoa create a filling plant-forward meal built from recognisable ingredients and simple seasoning.","category: dinner
contains lentil
contains butternut squash
contains carrot
contains quinoa
mild base recipe",tha_library,authored,starter,THA Original Founding Cookbook,tha_original:THA-451,Indian-style-lentil-butternut-squash-carrot-skillet
THA-452,"Indonesian-style Split Pea, Parsnip & Sweetcorn One-Pot",,dinner,Indonesian-inspired,medium,4,15,35,"1 tbsp olive oil
1 onion, finely chopped
2 garlic cloves, crushed
250g split peas
250g parsnip, chopped
250g sweetcorn, chopped
250g wholegrain wrap
1 tsp ginger
1 tsp turmeric
1 tbsp tomato purée
1 x 400g tin chopped tomatoes
500ml low-salt stock or water
Juice of 1 lemon or lime
Fresh herbs, to serve
Optional chilli flakes or sliced jalapeños, added after serving","1. Heat olive oil in a large pan and cook onion for 6–8 minutes.
2. Add garlic and spices and cook for 1 minute.
3. Add split pea, parsnip and sweetcorn, stirring to coat in the flavour base.
4. Add tomatoes, stock or water as listed and simmer until tender.
5. Cook or stir in the wholegrain wrap as appropriate for the dish.
6. Season lightly and serve with fresh herbs, with chilli or jalapeños added at the table.","Split Pea, parsnip, sweetcorn and wholegrain wrap create a filling plant-forward meal built from recognisable ingredients and simple seasoning.","category: dinner
contains split pea
contains parsnip
contains sweetcorn
contains wholegrain wrap
mild base recipe
batch-cook friendly",tha_library,authored,starter,THA Original Founding Cookbook,tha_original:THA-452,Indonesian-style-split-pea-parsnip-sweetcorn-one-pot
THA-453,"Ethiopian-style Chicken Thigh, Asparagus & Butternut Squash Stew 9",,dinner,Ethiopian-inspired,medium,4,15,35,"1 tbsp olive oil
1 onion, finely chopped
2 garlic cloves, crushed
300g quality chicken thigh
250g asparagus, chopped
250g butternut squash, chopped
250g wholegrain bread
1 tsp paprika
1 tsp turmeric
1 tbsp tomato purée
1 x 400g tin chopped tomatoes
500ml low-salt stock or water
Juice of 1 lemon or lime
Fresh herbs, to serve
Optional chilli flakes or sliced jalapeños, added after serving","1. Heat olive oil in a large pan and cook onion for 6–8 minutes.
2. Add garlic and spices and cook for 1 minute.
3. Add chicken thigh, asparagus and butternut squash, stirring to coat in the flavour base.
4. Add tomatoes, stock or water as listed and simmer until tender.
5. Cook or stir in the wholegrain bread as appropriate for the dish.
6. Season lightly and serve with fresh herbs, with chilli or jalapeños added at the table.","A modest amount of quality chicken thigh supports a plate led by asparagus, butternut squash and wholegrain bread, keeping the meal plant-forward while still familiar.","category: dinner
contains chicken thigh
contains asparagus
contains butternut squash
contains wholegrain bread
mild base recipe
batch-cook friendly
freezer friendly",tha_library,authored,starter,THA Original Founding Cookbook,tha_original:THA-453,Ethiopian-style-chicken-thigh-asparagus-butternut-squash-stew-9
THA-454,"Australian Cafe-style Tofu, Celery & Beetroot Rice Bowl",,dinner,Australian cafe-inspired,easy,4,15,35,"1 tbsp olive oil
1 onion, finely chopped
2 garlic cloves, crushed
280g firm tofu, cubed
250g celery, chopped
250g beetroot, chopped
250g wholewheat couscous
1 tsp lemon
1 tsp parsley
Juice of 1 lemon or lime
Fresh herbs, to serve
Optional chilli flakes or sliced jalapeños, added after serving","1. Heat olive oil in a large pan and cook onion for 6–8 minutes.
2. Add garlic and spices and cook for 1 minute.
3. Add tofu, celery and beetroot, stirring to coat in the flavour base.
4. Add tomatoes, stock or water as listed and simmer until tender.
5. Cook or stir in the wholewheat couscous as appropriate for the dish.
6. Season lightly and serve with fresh herbs, with chilli or jalapeños added at the table.","Tofu, celery, beetroot and wholewheat couscous create a filling plant-forward meal built from recognisable ingredients and simple seasoning.","category: dinner
contains tofu
contains celery
contains beetroot
contains wholewheat couscous
mild base recipe",tha_library,authored,starter,THA Original Founding Cookbook,tha_original:THA-454,australian-Cafe-style-tofu-celery-beetroot-rice-bowl
THA-455,"Spanish-style Black Bean, Broccoli & Courgette Noodle Bowl",,dinner,Spanish-inspired,medium,4,15,35,"1 tbsp olive oil
1 onion, finely chopped
2 garlic cloves, crushed
1 x 400g tin black beans, drained
250g broccoli, chopped
250g courgette, chopped
250g buckwheat
1 tsp smoked paprika
1 tsp parsley
1 tbsp low-salt soy sauce or tamari
Juice of 1 lime
Optional chilli flakes or sliced jalapeños, added after serving","1. Heat olive oil in a large pan and cook onion for 6–8 minutes.
2. Add garlic and spices and cook for 1 minute.
3. Add black bean, broccoli and courgette, stirring to coat in the flavour base.
4. Add tomatoes, stock or water as listed and simmer until tender.
5. Cook or stir in the buckwheat as appropriate for the dish.
6. Season lightly and serve with fresh herbs, with chilli or jalapeños added at the table.","Black Bean, broccoli, courgette and buckwheat create a filling plant-forward meal built from recognisable ingredients and simple seasoning.","category: dinner
contains black bean
contains broccoli
contains courgette
contains buckwheat
mild base recipe",tha_library,authored,starter,THA Original Founding Cookbook,tha_original:THA-455,Spanish-style-black-bean-broccoli-courgette-noodle-bowl
THA-456,"Indian-style Chicken Thigh, Red Pepper & Cabbage Skillet 9",,dinner,Indian-inspired,medium,4,15,35,"1 tbsp olive oil
1 onion, finely chopped
2 garlic cloves, crushed
300g quality chicken thigh
250g red pepper, chopped
250g cabbage, chopped
250g potato
1 tsp ground cumin
1 tsp ground coriander
Juice of 1 lemon or lime
Fresh herbs, to serve
Optional chilli flakes or sliced jalapeños, added after serving","1. Heat olive oil in a large pan and cook onion for 6–8 minutes.
2. Add garlic and spices and cook for 1 minute.
3. Add chicken thigh, red pepper and cabbage, stirring to coat in the flavour base.
4. Add tomatoes, stock or water as listed and simmer until tender.
5. Cook or stir in the potato as appropriate for the dish.
6. Season lightly and serve with fresh herbs, with chilli or jalapeños added at the table.","A modest amount of quality chicken thigh supports a plate led by red pepper, cabbage and potato, keeping the meal plant-forward while still familiar.","category: dinner
contains chicken thigh
contains red pepper
contains cabbage
contains potato
mild base recipe",tha_library,authored,starter,THA Original Founding Cookbook,tha_original:THA-456,Indian-style-chicken-thigh-red-pepper-cabbage-skillet-9
THA-457,"Chinese-style Red Cabbage, Green Bean & Split Pea Roasted Veg",,side,Chinese-inspired,easy,4,15,20,"250g buckwheat
250g red cabbage, chopped
250g green bean, chopped
250g split peas
2 tbsp olive oil
1 tsp ginger
1 tsp garlic
Juice of 1 lemon or lime
Fresh herbs, chopped","1. Cook the buckwheat according to the packet instructions.
2. Roast or steam the red cabbage and green bean until tender.
3. Warm the beans or protein gently if needed.
4. Whisk olive oil, citrus, herbs and spices into a simple dressing.
5. Toss everything together and serve warm or cold.","Split Pea, red cabbage, green bean and buckwheat create a filling plant-forward meal built from recognisable ingredients and simple seasoning.","category: side
contains split pea
contains red cabbage
contains green bean
contains buckwheat
mild base recipe
lunchbox friendly",tha_library,authored,starter,THA Original Founding Cookbook,tha_original:THA-457,Chinese-style-red-cabbage-green-bean-split-pea-roasted-veg
THA-458,"West African-style Cucumber, Pumpkin & Cod Herb Potatoes",,side,West African-inspired,easy,4,15,20,"250g potato
250g cucumber, chopped
250g pumpkin, chopped
4 quality cod fillets or 350g cod
2 tbsp olive oil
1 tsp ginger
1 tsp tomato purée
Juice of 1 lemon or lime
Fresh herbs, chopped","1. Cook the potato according to the packet instructions.
2. Roast or steam the cucumber and pumpkin until tender.
3. Warm the beans or protein gently if needed.
4. Whisk olive oil, citrus, herbs and spices into a simple dressing.
5. Toss everything together and serve warm or cold.","Quality cod is paired with cucumber, pumpkin and potato for a whole-food meal where protein is balanced by vegetables and fibre.","category: side
contains cod
contains cucumber
contains pumpkin
contains potato
mild base recipe
lunchbox friendly",tha_library,authored,starter,THA Original Founding Cookbook,tha_original:THA-458,west-African-style-cucumber-pumpkin-cod-herb-potatoes
THA-459,"Georgian-style Pumpkin, Celery & Feta Slaw",,side,Georgian-inspired,easy,4,15,20,"250g brown basmati rice
250g pumpkin, chopped
250g celery, chopped
250g feta
2 tbsp olive oil
1 tsp coriander
1 tsp dill
Juice of 1 lemon or lime
Fresh herbs, chopped","1. Cook the brown basmati rice according to the packet instructions.
2. Roast or steam the pumpkin and celery until tender.
3. Warm the beans or protein gently if needed.
4. Whisk olive oil, citrus, herbs and spices into a simple dressing.
5. Toss everything together and serve warm or cold.","Feta, pumpkin, celery and brown basmati rice create a filling plant-forward meal built from recognisable ingredients and simple seasoning.","category: side
contains feta
contains pumpkin
contains celery
contains brown basmati rice
mild base recipe
lunchbox friendly",tha_library,authored,starter,THA Original Founding Cookbook,tha_original:THA-459,Georgian-style-pumpkin-celery-feta-slaw
THA-460,"Greek-style Kale, Aubergine & Black Bean Bean Salad",,side,Greek-inspired,easy,4,15,20,"250g bulgur wheat
250g kale, chopped
250g aubergine, chopped
1 x 400g tin black beans, drained
2 tbsp olive oil
1 tsp dried oregano
1 tsp lemon zest
Juice of 1 lemon or lime
Fresh herbs, chopped","1. Cook the bulgur wheat according to the packet instructions.
2. Roast or steam the kale and aubergine until tender.
3. Warm the beans or protein gently if needed.
4. Whisk olive oil, citrus, herbs and spices into a simple dressing.
5. Toss everything together and serve warm or cold.","Black Bean, kale, aubergine and bulgur wheat create a filling plant-forward meal built from recognisable ingredients and simple seasoning.","category: side
contains black bean
contains kale
contains aubergine
contains bulgur wheat
mild base recipe
lunchbox friendly",tha_library,authored,starter,THA Original Founding Cookbook,tha_original:THA-460,Greek-style-kale-aubergine-black-bean-bean-salad
THA-461,"Persian-style Fennel, Red Cabbage & Mackerel Grain Salad",,side,Persian-inspired,easy,4,15,20,"250g wholewheat noodles
250g fennel, chopped
250g red cabbage, chopped
4 quality mackerel fillets or 350g mackerel
2 tbsp olive oil
1 tsp turmeric
1 tsp dill
Juice of 1 lemon or lime
Fresh herbs, chopped","1. Cook the wholewheat noodles according to the packet instructions.
2. Roast or steam the fennel and red cabbage until tender.
3. Warm the beans or protein gently if needed.
4. Whisk olive oil, citrus, herbs and spices into a simple dressing.
5. Toss everything together and serve warm or cold.","Quality mackerel is paired with fennel, red cabbage and wholewheat noodles for a whole-food meal where protein is balanced by vegetables and fibre.","category: side
contains mackerel
contains fennel
contains red cabbage
contains wholewheat noodles
mild base recipe
lunchbox friendly",tha_library,authored,starter,THA Original Founding Cookbook,tha_original:THA-461,Persian-style-fennel-red-cabbage-mackerel-grain-salad
THA-462,"Chinese-style Onion, Parsnip & Greek Yoghurt Roasted Veg",,side,Chinese-inspired,easy,4,15,20,"250g sweet potato
250g onion, chopped
250g parsnip, chopped
250g Greek yoghurt
2 tbsp olive oil
1 tsp ginger
1 tsp garlic
Juice of 1 lemon or lime
Fresh herbs, chopped","1. Cook the sweet potato according to the packet instructions.
2. Roast or steam the onion and parsnip until tender.
3. Warm the beans or protein gently if needed.
4. Whisk olive oil, citrus, herbs and spices into a simple dressing.
5. Toss everything together and serve warm or cold.","Greek Yoghurt, onion, parsnip and sweet potato create a filling plant-forward meal built from recognisable ingredients and simple seasoning.","category: side
contains Greek yoghurt
contains onion
contains parsnip
contains sweet potato
mild base recipe
lunchbox friendly",tha_library,authored,starter,THA Original Founding Cookbook,tha_original:THA-462,Chinese-style-onion-parsnip-greek-yoghurt-roasted-veg
THA-463,"West African-style Cauliflower, Spinach & Green Pea Herb Potatoes",,side,West African-inspired,easy,4,15,20,"250g brown rice
250g cauliflower, chopped
250g spinach, chopped
250g green peas
2 tbsp olive oil
1 tsp ginger
1 tsp tomato purée
Juice of 1 lemon or lime
Fresh herbs, chopped","1. Cook the brown rice according to the packet instructions.
2. Roast or steam the cauliflower and spinach until tender.
3. Warm the beans or protein gently if needed.
4. Whisk olive oil, citrus, herbs and spices into a simple dressing.
5. Toss everything together and serve warm or cold.","Green Pea, cauliflower, spinach and brown rice create a filling plant-forward meal built from recognisable ingredients and simple seasoning.","category: side
contains green pea
contains cauliflower
contains spinach
contains brown rice
mild base recipe
lunchbox friendly",tha_library,authored,starter,THA Original Founding Cookbook,tha_original:THA-463,west-African-style-cauliflower-spinach-green-pea-herb-potatoes
THA-464,"Georgian-style Courgette, Cherry Tomato & Sardine Slaw",,side,Georgian-inspired,easy,4,15,20,"250g pearl barley
250g courgette, chopped
250g cherry tomato, chopped
4 quality sardine fillets or 350g sardine
2 tbsp olive oil
1 tsp coriander
1 tsp dill
Juice of 1 lemon or lime
Fresh herbs, chopped","1. Cook the pearl barley according to the packet instructions.
2. Roast or steam the courgette and cherry tomato until tender.
3. Warm the beans or protein gently if needed.
4. Whisk olive oil, citrus, herbs and spices into a simple dressing.
5. Toss everything together and serve warm or cold.","Quality sardine is paired with courgette, cherry tomato and pearl barley for a whole-food meal where protein is balanced by vegetables and fibre.","category: side
contains sardine
contains courgette
contains cherry tomato
contains pearl barley
mild base recipe
lunchbox friendly",tha_library,authored,starter,THA Original Founding Cookbook,tha_original:THA-464,Georgian-style-courgette-cherry-tomato-sardine-slaw
THA-465,"Greek-style Cherry Tomato, Radish & Cottage Cheese Bean Salad",,side,Greek-inspired,easy,4,15,20,"250g wholemeal flatbread
250g cherry tomato, chopped
250g radish, chopped
250g cottage cheese
2 tbsp olive oil
1 tsp dried oregano
1 tsp lemon zest
Juice of 1 lemon or lime
Fresh herbs, chopped","1. Cook the wholemeal flatbread according to the packet instructions.
2. Roast or steam the cherry tomato and radish until tender.
3. Warm the beans or protein gently if needed.
4. Whisk olive oil, citrus, herbs and spices into a simple dressing.
5. Toss everything together and serve warm or cold.","Cottage Cheese, cherry tomato, radish and wholemeal flatbread create a filling plant-forward meal built from recognisable ingredients and simple seasoning.","category: side
contains cottage cheese
contains cherry tomato
contains radish
contains wholemeal flatbread
mild base recipe
lunchbox friendly",tha_library,authored,starter,THA Original Founding Cookbook,tha_original:THA-465,Greek-style-cherry-tomato-radish-cottage-cheese-bean-salad
THA-466,"Persian-style Sweetcorn, Pak Choi & Haricot Bean Grain Salad",,side,Persian-inspired,easy,4,15,20,"250g oats
250g sweetcorn, chopped
250g pak choi, chopped
1 x 400g tin haricot beans, drained
2 tbsp olive oil
1 tsp turmeric
1 tsp dill
Juice of 1 lemon or lime
Fresh herbs, chopped","1. Cook the oats according to the packet instructions.
2. Roast or steam the sweetcorn and pak choi until tender.
3. Warm the beans or protein gently if needed.
4. Whisk olive oil, citrus, herbs and spices into a simple dressing.
5. Toss everything together and serve warm or cold.","Haricot Bean, sweetcorn, pak choi and oats create a filling plant-forward meal built from recognisable ingredients and simple seasoning.","category: side
contains haricot bean
contains sweetcorn
contains pak choi
contains oats
mild base recipe
lunchbox friendly",tha_library,authored,starter,THA Original Founding Cookbook,tha_original:THA-466,Persian-style-sweetcorn-pak-choi-haricot-bean-grain-salad
THA-467,"Chinese-style Red Cabbage, Cauliflower & Tuna Roasted Veg",,side,Chinese-inspired,easy,4,15,20,"250g wholewheat pasta
250g red cabbage, chopped
250g cauliflower, chopped
4 quality tuna fillets or 350g tuna
2 tbsp olive oil
1 tsp ginger
1 tsp garlic
Juice of 1 lemon or lime
Fresh herbs, chopped","1. Cook the wholewheat pasta according to the packet instructions.
2. Roast or steam the red cabbage and cauliflower until tender.
3. Warm the beans or protein gently if needed.
4. Whisk olive oil, citrus, herbs and spices into a simple dressing.
5. Toss everything together and serve warm or cold.","Quality tuna is paired with red cabbage, cauliflower and wholewheat pasta for a whole-food meal where protein is balanced by vegetables and fibre.","category: side
contains tuna
contains red cabbage
contains cauliflower
contains wholewheat pasta
mild base recipe
lunchbox friendly",tha_library,authored,starter,THA Original Founding Cookbook,tha_original:THA-467,Chinese-style-red-cabbage-cauliflower-tuna-roasted-veg
THA-468,"West African-style Cucumber, Peas & Halloumi Herb Potatoes",,side,West African-inspired,easy,4,15,20,"250g quinoa
250g cucumber, chopped
250g peas, chopped
250g halloumi
2 tbsp olive oil
1 tsp ginger
1 tsp tomato purée
Juice of 1 lemon or lime
Fresh herbs, chopped","1. Cook the quinoa according to the packet instructions.
2. Roast or steam the cucumber and peas until tender.
3. Warm the beans or protein gently if needed.
4. Whisk olive oil, citrus, herbs and spices into a simple dressing.
5. Toss everything together and serve warm or cold.","Halloumi, cucumber, peas and quinoa create a filling plant-forward meal built from recognisable ingredients and simple seasoning.","category: side
contains halloumi
contains cucumber
contains peas
contains quinoa
mild base recipe
lunchbox friendly",tha_library,authored,starter,THA Original Founding Cookbook,tha_original:THA-468,west-African-style-cucumber-peas-halloumi-herb-potatoes
THA-469,"Georgian-style Pumpkin, Mushroom & Butter Bean Slaw",,side,Georgian-inspired,easy,4,15,20,"250g wholegrain wrap
250g pumpkin, chopped
250g mushroom, chopped
1 x 400g tin butter beans, drained
2 tbsp olive oil
1 tsp coriander
1 tsp dill
Juice of 1 lemon or lime
Fresh herbs, chopped","1. Cook the wholegrain wrap according to the packet instructions.
2. Roast or steam the pumpkin and mushroom until tender.
3. Warm the beans or protein gently if needed.
4. Whisk olive oil, citrus, herbs and spices into a simple dressing.
5. Toss everything together and serve warm or cold.","Butter Bean, pumpkin, mushroom and wholegrain wrap create a filling plant-forward meal built from recognisable ingredients and simple seasoning.","category: side
contains butter bean
contains pumpkin
contains mushroom
contains wholegrain wrap
mild base recipe
lunchbox friendly",tha_library,authored,starter,THA Original Founding Cookbook,tha_original:THA-469,Georgian-style-pumpkin-mushroom-butter-bean-slaw
THA-470,"Greek-style Kale, Fennel & Cod Bean Salad",,side,Greek-inspired,easy,4,15,20,"250g wholegrain bread
250g kale, chopped
250g fennel, chopped
4 quality cod fillets or 350g cod
2 tbsp olive oil
1 tsp dried oregano
1 tsp lemon zest
Juice of 1 lemon or lime
Fresh herbs, chopped","1. Cook the wholegrain bread according to the packet instructions.
2. Roast or steam the kale and fennel until tender.
3. Warm the beans or protein gently if needed.
4. Whisk olive oil, citrus, herbs and spices into a simple dressing.
5. Toss everything together and serve warm or cold.","Quality cod is paired with kale, fennel and wholegrain bread for a whole-food meal where protein is balanced by vegetables and fibre.","category: side
contains cod
contains kale
contains fennel
contains wholegrain bread
mild base recipe
lunchbox friendly",tha_library,authored,starter,THA Original Founding Cookbook,tha_original:THA-470,Greek-style-kale-fennel-cod-bean-salad
THA-471,"Persian-style Fennel, Red Pepper & Egg Grain Salad",,side,Persian-inspired,easy,4,15,20,"250g wholewheat couscous
250g fennel, chopped
250g red pepper, chopped
6 eggs
2 tbsp olive oil
1 tsp turmeric
1 tsp dill
Juice of 1 lemon or lime
Fresh herbs, chopped","1. Cook the wholewheat couscous according to the packet instructions.
2. Roast or steam the fennel and red pepper until tender.
3. Warm the beans or protein gently if needed.
4. Whisk olive oil, citrus, herbs and spices into a simple dressing.
5. Toss everything together and serve warm or cold.","Egg, fennel, red pepper and wholewheat couscous create a filling plant-forward meal built from recognisable ingredients and simple seasoning.","category: side
contains egg
contains fennel
contains red pepper
contains wholewheat couscous
mild base recipe
lunchbox friendly",tha_library,authored,starter,THA Original Founding Cookbook,tha_original:THA-471,Persian-style-fennel-red-pepper-egg-grain-salad
THA-472,"Chinese-style Onion, Green Bean & Edamame Roasted Veg",,side,Chinese-inspired,easy,4,15,20,"250g buckwheat
250g onion, chopped
250g green bean, chopped
250g edamames
2 tbsp olive oil
1 tsp ginger
1 tsp garlic
Juice of 1 lemon or lime
Fresh herbs, chopped","1. Cook the buckwheat according to the packet instructions.
2. Roast or steam the onion and green bean until tender.
3. Warm the beans or protein gently if needed.
4. Whisk olive oil, citrus, herbs and spices into a simple dressing.
5. Toss everything together and serve warm or cold.","Edamame, onion, green bean and buckwheat create a filling plant-forward meal built from recognisable ingredients and simple seasoning.","category: side
contains edamame
contains onion
contains green bean
contains buckwheat
mild base recipe
lunchbox friendly",tha_library,authored,starter,THA Original Founding Cookbook,tha_original:THA-472,Chinese-style-onion-green-bean-edamame-roasted-veg
THA-473,"West African-style Cauliflower, Pumpkin & Mackerel Herb Potatoes",,side,West African-inspired,easy,4,15,20,"250g potato
250g cauliflower, chopped
250g pumpkin, chopped
4 quality mackerel fillets or 350g mackerel
2 tbsp olive oil
1 tsp ginger
1 tsp tomato purée
Juice of 1 lemon or lime
Fresh herbs, chopped","1. Cook the potato according to the packet instructions.
2. Roast or steam the cauliflower and pumpkin until tender.
3. Warm the beans or protein gently if needed.
4. Whisk olive oil, citrus, herbs and spices into a simple dressing.
5. Toss everything together and serve warm or cold.","Quality mackerel is paired with cauliflower, pumpkin and potato for a whole-food meal where protein is balanced by vegetables and fibre.","category: side
contains mackerel
contains cauliflower
contains pumpkin
contains potato
mild base recipe
lunchbox friendly",tha_library,authored,starter,THA Original Founding Cookbook,tha_original:THA-473,west-African-style-cauliflower-pumpkin-mackerel-herb-potatoes
THA-474,"Georgian-style Courgette, Celery & Feta Slaw",,side,Georgian-inspired,easy,4,15,20,"250g brown basmati rice
250g courgette, chopped
250g celery, chopped
250g feta
2 tbsp olive oil
1 tsp coriander
1 tsp dill
Juice of 1 lemon or lime
Fresh herbs, chopped","1. Cook the brown basmati rice according to the packet instructions.
2. Roast or steam the courgette and celery until tender.
3. Warm the beans or protein gently if needed.
4. Whisk olive oil, citrus, herbs and spices into a simple dressing.
5. Toss everything together and serve warm or cold.","Feta, courgette, celery and brown basmati rice create a filling plant-forward meal built from recognisable ingredients and simple seasoning.","category: side
contains feta
contains courgette
contains celery
contains brown basmati rice
mild base recipe
lunchbox friendly",tha_library,authored,starter,THA Original Founding Cookbook,tha_original:THA-474,Georgian-style-courgette-celery-feta-slaw
THA-475,"Greek-style Cherry Tomato, Aubergine & Kidney Bean Bean Salad",,side,Greek-inspired,easy,4,15,20,"250g bulgur wheat
250g cherry tomato, chopped
250g aubergine, chopped
1 x 400g tin kidney beans, drained
2 tbsp olive oil
1 tsp dried oregano
1 tsp lemon zest
Juice of 1 lemon or lime
Fresh herbs, chopped","1. Cook the bulgur wheat according to the packet instructions.
2. Roast or steam the cherry tomato and aubergine until tender.
3. Warm the beans or protein gently if needed.
4. Whisk olive oil, citrus, herbs and spices into a simple dressing.
5. Toss everything together and serve warm or cold.","Kidney Bean, cherry tomato, aubergine and bulgur wheat create a filling plant-forward meal built from recognisable ingredients and simple seasoning.","category: side
contains kidney bean
contains cherry tomato
contains aubergine
contains bulgur wheat
mild base recipe
lunchbox friendly",tha_library,authored,starter,THA Original Founding Cookbook,tha_original:THA-475,Greek-style-cherry-tomato-aubergine-kidney-bean-bean-salad
THA-476,"Persian-style Sweetcorn, Red Cabbage & Sardine Grain Salad",,side,Persian-inspired,easy,4,15,20,"250g wholewheat noodles
250g sweetcorn, chopped
250g red cabbage, chopped
4 quality sardine fillets or 350g sardine
2 tbsp olive oil
1 tsp turmeric
1 tsp dill
Juice of 1 lemon or lime
Fresh herbs, chopped","1. Cook the wholewheat noodles according to the packet instructions.
2. Roast or steam the sweetcorn and red cabbage until tender.
3. Warm the beans or protein gently if needed.
4. Whisk olive oil, citrus, herbs and spices into a simple dressing.
5. Toss everything together and serve warm or cold.","Quality sardine is paired with sweetcorn, red cabbage and wholewheat noodles for a whole-food meal where protein is balanced by vegetables and fibre.","category: side
contains sardine
contains sweetcorn
contains red cabbage
contains wholewheat noodles
mild base recipe
lunchbox friendly",tha_library,authored,starter,THA Original Founding Cookbook,tha_original:THA-476,Persian-style-sweetcorn-red-cabbage-sardine-grain-salad
THA-477,"Chinese-style Red Cabbage, Parsnip & Greek Yoghurt Roasted Veg",,side,Chinese-inspired,easy,4,15,20,"250g sweet potato
250g red cabbage, chopped
250g parsnip, chopped
250g Greek yoghurt
2 tbsp olive oil
1 tsp ginger
1 tsp garlic
Juice of 1 lemon or lime
Fresh herbs, chopped","1. Cook the sweet potato according to the packet instructions.
2. Roast or steam the red cabbage and parsnip until tender.
3. Warm the beans or protein gently if needed.
4. Whisk olive oil, citrus, herbs and spices into a simple dressing.
5. Toss everything together and serve warm or cold.","Greek Yoghurt, red cabbage, parsnip and sweet potato create a filling plant-forward meal built from recognisable ingredients and simple seasoning.","category: side
contains Greek yoghurt
contains red cabbage
contains parsnip
contains sweet potato
mild base recipe
lunchbox friendly",tha_library,authored,starter,THA Original Founding Cookbook,tha_original:THA-477,Chinese-style-red-cabbage-parsnip-greek-yoghurt-roasted-veg
THA-478,"West African-style Cucumber, Spinach & Lentil Herb Potatoes",,side,West African-inspired,easy,4,15,20,"250g brown rice
250g cucumber, chopped
250g spinach, chopped
1 x 400g tin lentils, drained
2 tbsp olive oil
1 tsp ginger
1 tsp tomato purée
Juice of 1 lemon or lime
Fresh herbs, chopped","1. Cook the brown rice according to the packet instructions.
2. Roast or steam the cucumber and spinach until tender.
3. Warm the beans or protein gently if needed.
4. Whisk olive oil, citrus, herbs and spices into a simple dressing.
5. Toss everything together and serve warm or cold.","Lentil, cucumber, spinach and brown rice create a filling plant-forward meal built from recognisable ingredients and simple seasoning.","category: side
contains lentil
contains cucumber
contains spinach
contains brown rice
mild base recipe
lunchbox friendly",tha_library,authored,starter,THA Original Founding Cookbook,tha_original:THA-478,west-African-style-cucumber-spinach-lentil-herb-potatoes
THA-479,"Georgian-style Pumpkin, Cherry Tomato & Tuna Slaw",,side,Georgian-inspired,easy,4,15,20,"250g pearl barley
250g pumpkin, chopped
250g cherry tomato, chopped
4 quality tuna fillets or 350g tuna
2 tbsp olive oil
1 tsp coriander
1 tsp dill
Juice of 1 lemon or lime
Fresh herbs, chopped","1. Cook the pearl barley according to the packet instructions.
2. Roast or steam the pumpkin and cherry tomato until tender.
3. Warm the beans or protein gently if needed.
4. Whisk olive oil, citrus, herbs and spices into a simple dressing.
5. Toss everything together and serve warm or cold.","Quality tuna is paired with pumpkin, cherry tomato and pearl barley for a whole-food meal where protein is balanced by vegetables and fibre.","category: side
contains tuna
contains pumpkin
contains cherry tomato
contains pearl barley
mild base recipe
lunchbox friendly",tha_library,authored,starter,THA Original Founding Cookbook,tha_original:THA-479,Georgian-style-pumpkin-cherry-tomato-tuna-slaw
THA-480,"Greek-style Kale, Radish & Cottage Cheese Bean Salad",,side,Greek-inspired,easy,4,15,20,"250g wholemeal flatbread
250g kale, chopped
250g radish, chopped
250g cottage cheese
2 tbsp olive oil
1 tsp dried oregano
1 tsp lemon zest
Juice of 1 lemon or lime
Fresh herbs, chopped","1. Cook the wholemeal flatbread according to the packet instructions.
2. Roast or steam the kale and radish until tender.
3. Warm the beans or protein gently if needed.
4. Whisk olive oil, citrus, herbs and spices into a simple dressing.
5. Toss everything together and serve warm or cold.","Cottage Cheese, kale, radish and wholemeal flatbread create a filling plant-forward meal built from recognisable ingredients and simple seasoning.","category: side
contains cottage cheese
contains kale
contains radish
contains wholemeal flatbread
mild base recipe
lunchbox friendly",tha_library,authored,starter,THA Original Founding Cookbook,tha_original:THA-480,Greek-style-kale-radish-cottage-cheese-bean-salad
THA-481,"Greek-style Cauliflower, Green Bean & Butter Bean Oat Bars",,snack,Greek-inspired,easy,8,10,20,"1 x 400g tin butter beans, drained
120g bulgur wheat
100g cauliflower, grated or finely chopped
2 tbsp mixed seeds
1 tsp dried oregano
1 tbsp olive oil or natural yoghurt
Lemon or lime juice","1. Prepare the vegetables and place in a bowl.
2. Add the protein, grain or oats, seeds and seasoning.
3. Mix until spoonable or able to hold together.
4. Shape, chill or portion depending on the recipe form.
5. Serve as a whole-food snack or lunchbox extra.","Butter Bean, cauliflower, green bean and bulgur wheat create a filling plant-forward meal built from recognisable ingredients and simple seasoning.","category: snack
contains butter bean
contains cauliflower
contains green bean
contains bulgur wheat
mild base recipe
lunchbox friendly",tha_library,authored,starter,THA Original Founding Cookbook,tha_original:THA-481,Greek-style-cauliflower-green-bean-butter-bean-oat-bars
THA-482,"Persian-style Courgette, Pumpkin & Tofu Seeded Muffins",,snack,Persian-inspired,easy,8,10,20,"280g firm tofu, cubed
120g wholewheat noodles
100g courgette, grated or finely chopped
2 tbsp mixed seeds
1 tsp turmeric
1 tbsp olive oil or natural yoghurt
Lemon or lime juice","1. Prepare the vegetables and place in a bowl.
2. Add the protein, grain or oats, seeds and seasoning.
3. Mix until spoonable or able to hold together.
4. Shape, chill or portion depending on the recipe form.
5. Serve as a whole-food snack or lunchbox extra.","Tofu, courgette, pumpkin and wholewheat noodles create a filling plant-forward meal built from recognisable ingredients and simple seasoning.","category: snack
contains tofu
contains courgette
contains pumpkin
contains wholewheat noodles
mild base recipe
lunchbox friendly",tha_library,authored,starter,THA Original Founding Cookbook,tha_original:THA-482,Persian-style-courgette-pumpkin-tofu-seeded-muffins
THA-483,"Chinese-style Cherry Tomato, Celery & Egg Snack Bites",,snack,Chinese-inspired,easy,8,10,20,"6 eggs
120g sweet potato
100g cherry tomato, grated or finely chopped
2 tbsp mixed seeds
1 tsp ginger
1 tbsp olive oil or natural yoghurt
Lemon or lime juice","1. Prepare the vegetables and place in a bowl.
2. Add the protein, grain or oats, seeds and seasoning.
3. Mix until spoonable or able to hold together.
4. Shape, chill or portion depending on the recipe form.
5. Serve as a whole-food snack or lunchbox extra.","Egg, cherry tomato, celery and sweet potato create a filling plant-forward meal built from recognisable ingredients and simple seasoning.","category: snack
contains egg
contains cherry tomato
contains celery
contains sweet potato
mild base recipe
lunchbox friendly",tha_library,authored,starter,THA Original Founding Cookbook,tha_original:THA-483,Chinese-style-cherry-tomato-celery-egg-snack-bites
THA-484,"West African-style Sweetcorn, Aubergine & Edamame Dip Plate",,snack,West African-inspired,easy,8,10,20,"250g edamames
120g brown rice
100g sweetcorn, grated or finely chopped
2 tbsp mixed seeds
1 tsp ginger
1 tbsp olive oil or natural yoghurt
Lemon or lime juice","1. Prepare the vegetables and place in a bowl.
2. Add the protein, grain or oats, seeds and seasoning.
3. Mix until spoonable or able to hold together.
4. Shape, chill or portion depending on the recipe form.
5. Serve as a whole-food snack or lunchbox extra.","Edamame, sweetcorn, aubergine and brown rice create a filling plant-forward meal built from recognisable ingredients and simple seasoning.","category: snack
contains edamame
contains sweetcorn
contains aubergine
contains brown rice
mild base recipe
lunchbox friendly",tha_library,authored,starter,THA Original Founding Cookbook,tha_original:THA-484,west-African-style-sweetcorn-aubergine-edamame-dip-plate
THA-485,"Georgian-style Red Cabbage, Spinach & Cannellini Bean Fruit Pot",,snack,Georgian-inspired,easy,8,10,20,"1 x 400g tin cannellini beans, drained
120g pearl barley
100g red cabbage, grated or finely chopped
2 tbsp mixed seeds
1 tsp coriander
1 tbsp olive oil or natural yoghurt
Lemon or lime juice","1. Prepare the vegetables and place in a bowl.
2. Add the protein, grain or oats, seeds and seasoning.
3. Mix until spoonable or able to hold together.
4. Shape, chill or portion depending on the recipe form.
5. Serve as a whole-food snack or lunchbox extra.","Cannellini Bean, red cabbage, spinach and pearl barley create a filling plant-forward meal built from recognisable ingredients and simple seasoning.","category: snack
contains cannellini bean
contains red cabbage
contains spinach
contains pearl barley
mild base recipe
lunchbox friendly",tha_library,authored,starter,THA Original Founding Cookbook,tha_original:THA-485,Georgian-style-red-cabbage-spinach-cannellini-bean-fruit-pot
THA-486,"Greek-style Cucumber, Parsnip & Feta Oat Bars",,snack,Greek-inspired,easy,8,10,20,"250g feta
120g wholemeal flatbread
100g cucumber, grated or finely chopped
2 tbsp mixed seeds
1 tsp dried oregano
1 tbsp olive oil or natural yoghurt
Lemon or lime juice","1. Prepare the vegetables and place in a bowl.
2. Add the protein, grain or oats, seeds and seasoning.
3. Mix until spoonable or able to hold together.
4. Shape, chill or portion depending on the recipe form.
5. Serve as a whole-food snack or lunchbox extra.","Feta, cucumber, parsnip and wholemeal flatbread create a filling plant-forward meal built from recognisable ingredients and simple seasoning.","category: snack
contains feta
contains cucumber
contains parsnip
contains wholemeal flatbread
mild base recipe
lunchbox friendly",tha_library,authored,starter,THA Original Founding Cookbook,tha_original:THA-486,Greek-style-cucumber-parsnip-feta-oat-bars
THA-487,"Persian-style Pumpkin, Spinach & Kidney Bean Seeded Muffins",,snack,Persian-inspired,easy,8,10,20,"1 x 400g tin kidney beans, drained
120g oats
100g pumpkin, grated or finely chopped
2 tbsp mixed seeds
1 tsp turmeric
1 tbsp olive oil or natural yoghurt
Lemon or lime juice","1. Prepare the vegetables and place in a bowl.
2. Add the protein, grain or oats, seeds and seasoning.
3. Mix until spoonable or able to hold together.
4. Shape, chill or portion depending on the recipe form.
5. Serve as a whole-food snack or lunchbox extra.","Kidney Bean, pumpkin, spinach and oats create a filling plant-forward meal built from recognisable ingredients and simple seasoning.","category: snack
contains kidney bean
contains pumpkin
contains spinach
contains oats
mild base recipe
lunchbox friendly",tha_library,authored,starter,THA Original Founding Cookbook,tha_original:THA-487,Persian-style-pumpkin-spinach-kidney-bean-seeded-muffins
THA-488,"Chinese-style Kale, Cherry Tomato & Chickpea Snack Bites",,snack,Chinese-inspired,easy,8,10,20,"1 x 400g tin chickpeas, drained
120g wholewheat pasta
100g kale, grated or finely chopped
2 tbsp mixed seeds
1 tsp ginger
1 tbsp olive oil or natural yoghurt
Lemon or lime juice","1. Prepare the vegetables and place in a bowl.
2. Add the protein, grain or oats, seeds and seasoning.
3. Mix until spoonable or able to hold together.
4. Shape, chill or portion depending on the recipe form.
5. Serve as a whole-food snack or lunchbox extra.","Chickpea, kale, cherry tomato and wholewheat pasta create a filling plant-forward meal built from recognisable ingredients and simple seasoning.","category: snack
contains chickpea
contains kale
contains cherry tomato
contains wholewheat pasta
mild base recipe
lunchbox friendly",tha_library,authored,starter,THA Original Founding Cookbook,tha_original:THA-488,Chinese-style-kale-cherry-tomato-chickpea-snack-bites
THA-489,"West African-style Fennel, Radish & Greek Yoghurt Dip Plate",,snack,West African-inspired,easy,8,10,20,"250g Greek yoghurt
120g quinoa
100g fennel, grated or finely chopped
2 tbsp mixed seeds
1 tsp ginger
1 tbsp olive oil or natural yoghurt
Lemon or lime juice","1. Prepare the vegetables and place in a bowl.
2. Add the protein, grain or oats, seeds and seasoning.
3. Mix until spoonable or able to hold together.
4. Shape, chill or portion depending on the recipe form.
5. Serve as a whole-food snack or lunchbox extra.","Greek Yoghurt, fennel, radish and quinoa create a filling plant-forward meal built from recognisable ingredients and simple seasoning.","category: snack
contains Greek yoghurt
contains fennel
contains radish
contains quinoa
mild base recipe
lunchbox friendly",tha_library,authored,starter,THA Original Founding Cookbook,tha_original:THA-489,west-African-style-fennel-radish-greek-yoghurt-dip-plate
THA-490,"Georgian-style Onion, Pak Choi & Lentil Fruit Pot",,snack,Georgian-inspired,easy,8,10,20,"1 x 400g tin lentils, drained
120g wholegrain wrap
100g onion, grated or finely chopped
2 tbsp mixed seeds
1 tsp coriander
1 tbsp olive oil or natural yoghurt
Lemon or lime juice","1. Prepare the vegetables and place in a bowl.
2. Add the protein, grain or oats, seeds and seasoning.
3. Mix until spoonable or able to hold together.
4. Shape, chill or portion depending on the recipe form.
5. Serve as a whole-food snack or lunchbox extra.","Lentil, onion, pak choi and wholegrain wrap create a filling plant-forward meal built from recognisable ingredients and simple seasoning.","category: snack
contains lentil
contains onion
contains pak choi
contains wholegrain wrap
mild base recipe
lunchbox friendly",tha_library,authored,starter,THA Original Founding Cookbook,tha_original:THA-490,Georgian-style-onion-pak-choi-lentil-fruit-pot
THA-491,"Greek-style Cauliflower, Aubergine & Split Pea Oat Bars",,snack,Greek-inspired,easy,8,10,20,"250g split peas
120g wholegrain bread
100g cauliflower, grated or finely chopped
2 tbsp mixed seeds
1 tsp dried oregano
1 tbsp olive oil or natural yoghurt
Lemon or lime juice","1. Prepare the vegetables and place in a bowl.
2. Add the protein, grain or oats, seeds and seasoning.
3. Mix until spoonable or able to hold together.
4. Shape, chill or portion depending on the recipe form.
5. Serve as a whole-food snack or lunchbox extra.","Split Pea, cauliflower, aubergine and wholegrain bread create a filling plant-forward meal built from recognisable ingredients and simple seasoning.","category: snack
contains split pea
contains cauliflower
contains aubergine
contains wholegrain bread
mild base recipe
lunchbox friendly",tha_library,authored,starter,THA Original Founding Cookbook,tha_original:THA-491,Greek-style-cauliflower-aubergine-split-pea-oat-bars
THA-492,"Persian-style Courgette, Peas & Cottage Cheese Seeded Muffins",,snack,Persian-inspired,easy,8,10,20,"250g cottage cheese
120g wholewheat couscous
100g courgette, grated or finely chopped
2 tbsp mixed seeds
1 tsp turmeric
1 tbsp olive oil or natural yoghurt
Lemon or lime juice","1. Prepare the vegetables and place in a bowl.
2. Add the protein, grain or oats, seeds and seasoning.
3. Mix until spoonable or able to hold together.
4. Shape, chill or portion depending on the recipe form.
5. Serve as a whole-food snack or lunchbox extra.","Cottage Cheese, courgette, peas and wholewheat couscous create a filling plant-forward meal built from recognisable ingredients and simple seasoning.","category: snack
contains cottage cheese
contains courgette
contains peas
contains wholewheat couscous
mild base recipe
lunchbox friendly",tha_library,authored,starter,THA Original Founding Cookbook,tha_original:THA-492,Persian-style-courgette-peas-cottage-cheese-seeded-muffins
THA-493,"Chinese-style Cherry Tomato, Mushroom & Tofu Snack Bites",,snack,Chinese-inspired,easy,8,10,20,"280g firm tofu, cubed
120g buckwheat
100g cherry tomato, grated or finely chopped
2 tbsp mixed seeds
1 tsp ginger
1 tbsp olive oil or natural yoghurt
Lemon or lime juice","1. Prepare the vegetables and place in a bowl.
2. Add the protein, grain or oats, seeds and seasoning.
3. Mix until spoonable or able to hold together.
4. Shape, chill or portion depending on the recipe form.
5. Serve as a whole-food snack or lunchbox extra.","Tofu, cherry tomato, mushroom and buckwheat create a filling plant-forward meal built from recognisable ingredients and simple seasoning.","category: snack
contains tofu
contains cherry tomato
contains mushroom
contains buckwheat
mild base recipe
lunchbox friendly",tha_library,authored,starter,THA Original Founding Cookbook,tha_original:THA-493,Chinese-style-cherry-tomato-mushroom-tofu-snack-bites
THA-494,"West African-style Sweetcorn, Fennel & Black Bean Dip Plate",,snack,West African-inspired,easy,8,10,20,"1 x 400g tin black beans, drained
120g potato
100g sweetcorn, grated or finely chopped
2 tbsp mixed seeds
1 tsp ginger
1 tbsp olive oil or natural yoghurt
Lemon or lime juice","1. Prepare the vegetables and place in a bowl.
2. Add the protein, grain or oats, seeds and seasoning.
3. Mix until spoonable or able to hold together.
4. Shape, chill or portion depending on the recipe form.
5. Serve as a whole-food snack or lunchbox extra.","Black Bean, sweetcorn, fennel and potato create a filling plant-forward meal built from recognisable ingredients and simple seasoning.","category: snack
contains black bean
contains sweetcorn
contains fennel
contains potato
mild base recipe
lunchbox friendly",tha_library,authored,starter,THA Original Founding Cookbook,tha_original:THA-494,west-African-style-sweetcorn-fennel-black-bean-dip-plate
THA-495,"Georgian-style Red Cabbage, Red Pepper & Halloumi Fruit Pot",,snack,Georgian-inspired,easy,8,10,20,"250g halloumi
120g brown basmati rice
100g red cabbage, grated or finely chopped
2 tbsp mixed seeds
1 tsp coriander
1 tbsp olive oil or natural yoghurt
Lemon or lime juice","1. Prepare the vegetables and place in a bowl.
2. Add the protein, grain or oats, seeds and seasoning.
3. Mix until spoonable or able to hold together.
4. Shape, chill or portion depending on the recipe form.
5. Serve as a whole-food snack or lunchbox extra.","Halloumi, red cabbage, red pepper and brown basmati rice create a filling plant-forward meal built from recognisable ingredients and simple seasoning.","category: snack
contains halloumi
contains red cabbage
contains red pepper
contains brown basmati rice
mild base recipe
lunchbox friendly",tha_library,authored,starter,THA Original Founding Cookbook,tha_original:THA-495,Georgian-style-red-cabbage-red-pepper-halloumi-fruit-pot
THA-496,"Greek-style Cucumber, Green Bean & Cannellini Bean Oat Bars",,snack,Greek-inspired,easy,8,10,20,"1 x 400g tin cannellini beans, drained
120g bulgur wheat
100g cucumber, grated or finely chopped
2 tbsp mixed seeds
1 tsp dried oregano
1 tbsp olive oil or natural yoghurt
Lemon or lime juice","1. Prepare the vegetables and place in a bowl.
2. Add the protein, grain or oats, seeds and seasoning.
3. Mix until spoonable or able to hold together.
4. Shape, chill or portion depending on the recipe form.
5. Serve as a whole-food snack or lunchbox extra.","Cannellini Bean, cucumber, green bean and bulgur wheat create a filling plant-forward meal built from recognisable ingredients and simple seasoning.","category: snack
contains cannellini bean
contains cucumber
contains green bean
contains bulgur wheat
mild base recipe
lunchbox friendly",tha_library,authored,starter,THA Original Founding Cookbook,tha_original:THA-496,Greek-style-cucumber-green-bean-cannellini-bean-oat-bars
THA-497,"Persian-style Pumpkin, Green Bean & Green Pea Seeded Muffins",,snack,Persian-inspired,easy,8,10,20,"250g green peas
120g wholewheat noodles
100g pumpkin, grated or finely chopped
2 tbsp mixed seeds
1 tsp turmeric
1 tbsp olive oil or natural yoghurt
Lemon or lime juice","1. Prepare the vegetables and place in a bowl.
2. Add the protein, grain or oats, seeds and seasoning.
3. Mix until spoonable or able to hold together.
4. Shape, chill or portion depending on the recipe form.
5. Serve as a whole-food snack or lunchbox extra.","Green Pea, pumpkin, green bean and wholewheat noodles create a filling plant-forward meal built from recognisable ingredients and simple seasoning.","category: snack
contains green pea
contains pumpkin
contains green bean
contains wholewheat noodles
mild base recipe
lunchbox friendly",tha_library,authored,starter,THA Original Founding Cookbook,tha_original:THA-497,Persian-style-pumpkin-green-bean-green-pea-seeded-muffins
THA-498,"Chinese-style Kale, Celery & Egg Snack Bites",,snack,Chinese-inspired,easy,8,10,20,"6 eggs
120g sweet potato
100g kale, grated or finely chopped
2 tbsp mixed seeds
1 tsp ginger
1 tbsp olive oil or natural yoghurt
Lemon or lime juice","1. Prepare the vegetables and place in a bowl.
2. Add the protein, grain or oats, seeds and seasoning.
3. Mix until spoonable or able to hold together.
4. Shape, chill or portion depending on the recipe form.
5. Serve as a whole-food snack or lunchbox extra.","Egg, kale, celery and sweet potato create a filling plant-forward meal built from recognisable ingredients and simple seasoning.","category: snack
contains egg
contains kale
contains celery
contains sweet potato
mild base recipe
lunchbox friendly",tha_library,authored,starter,THA Original Founding Cookbook,tha_original:THA-498,Chinese-style-kale-celery-egg-snack-bites
THA-499,"West African-style Fennel, Aubergine & Chickpea Dip Plate",,snack,West African-inspired,easy,8,10,20,"1 x 400g tin chickpeas, drained
120g brown rice
100g fennel, grated or finely chopped
2 tbsp mixed seeds
1 tsp ginger
1 tbsp olive oil or natural yoghurt
Lemon or lime juice","1. Prepare the vegetables and place in a bowl.
2. Add the protein, grain or oats, seeds and seasoning.
3. Mix until spoonable or able to hold together.
4. Shape, chill or portion depending on the recipe form.
5. Serve as a whole-food snack or lunchbox extra.","Chickpea, fennel, aubergine and brown rice create a filling plant-forward meal built from recognisable ingredients and simple seasoning.","category: snack
contains chickpea
contains fennel
contains aubergine
contains brown rice
mild base recipe
lunchbox friendly",tha_library,authored,starter,THA Original Founding Cookbook,tha_original:THA-499,west-African-style-fennel-aubergine-chickpea-dip-plate
THA-500,"Georgian-style Onion, Red Cabbage & Haricot Bean Fruit Pot",,snack,Georgian-inspired,easy,8,10,20,"1 x 400g tin haricot beans, drained
120g pearl barley
100g onion, grated or finely chopped
2 tbsp mixed seeds
1 tsp coriander
1 tbsp olive oil or natural yoghurt
Lemon or lime juice","1. Prepare the vegetables and place in a bowl.
2. Add the protein, grain or oats, seeds and seasoning.
3. Mix until spoonable or able to hold together.
4. Shape, chill or portion depending on the recipe form.
5. Serve as a whole-food snack or lunchbox extra.","Haricot Bean, onion, red cabbage and pearl barley create a filling plant-forward meal built from recognisable ingredients and simple seasoning.","category: snack
contains haricot bean
contains onion
contains red cabbage
contains pearl barley
mild base recipe
lunchbox friendly",tha_library,authored,starter,THA Original Founding Cookbook,tha_original:THA-500,Georgian-style-onion-red-cabbage-haricot-bean-fruit-pot
